
  .   ____          _            __ _ _
 /\\ / ___'_ __ _ _(_)_ __  __ _ \ \ \ \
( ( )\___ | '_ | '_| | '_ \/ _` | \ \ \ \
 \\/  ___)| |_)| | | | | || (_| |  ) ) ) )
  '  |____| .__|_| |_|_| |_\__, | / / / /
 =========|_|==============|___/=/_/_/_/
 :: Spring Boot ::                (v3.2.0)

2026-06-13T01:06:01.638+08:00  INFO 35828 --- [uav-alarm-engine] [           main] com.uav.alarm.AlarmEngineApplication     : Starting AlarmEngineApplication v1.0.0-SNAPSHOT using Java 17.0.19 with PID 35828 (D:\dronesManager\uav-alarm-engine\target\uav-alarm-engine-1.0.0-SNAPSHOT.jar started by Administrator in d:\dronesManager)
2026-06-13T01:06:01.649+08:00 DEBUG 35828 --- [uav-alarm-engine] [           main] com.uav.alarm.AlarmEngineApplication     : Running with Spring Boot v3.2.0, Spring v6.1.1
2026-06-13T01:06:01.651+08:00  INFO 35828 --- [uav-alarm-engine] [           main] com.uav.alarm.AlarmEngineApplication     : No active profile set, falling back to 1 default profile: "default"
2026-06-13T01:06:07.632+08:00  INFO 35828 --- [uav-alarm-engine] [           main] .s.d.r.c.RepositoryConfigurationDelegate : Multiple Spring Data modules found, entering strict repository configuration mode
2026-06-13T01:06:07.657+08:00  INFO 35828 --- [uav-alarm-engine] [           main] .s.d.r.c.RepositoryConfigurationDelegate : Bootstrapping Spring Data Redis repositories in DEFAULT mode.
2026-06-13T01:06:07.873+08:00  INFO 35828 --- [uav-alarm-engine] [           main] .s.d.r.c.RepositoryConfigurationDelegate : Finished Spring Data repository scanning in 101 ms. Found 0 Redis repository interfaces.
2026-06-13T01:06:11.679+08:00  INFO 35828 --- [uav-alarm-engine] [           main] o.s.b.w.embedded.tomcat.TomcatWebServer  : Tomcat initialized with port 8082 (http)
2026-06-13T01:06:11.715+08:00  INFO 35828 --- [uav-alarm-engine] [           main] o.apache.catalina.core.StandardService   : Starting service [Tomcat]
2026-06-13T01:06:11.716+08:00  INFO 35828 --- [uav-alarm-engine] [           main] o.apache.catalina.core.StandardEngine    : Starting Servlet engine: [Apache Tomcat/10.1.16]
2026-06-13T01:06:12.045+08:00  INFO 35828 --- [uav-alarm-engine] [           main] o.a.c.c.C.[Tomcat].[localhost].[/]       : Initializing Spring embedded WebApplicationContext
2026-06-13T01:06:12.052+08:00  INFO 35828 --- [uav-alarm-engine] [           main] w.s.c.ServletWebServerApplicationContext : Root WebApplicationContext: initialization completed in 10146 ms
2026-06-13T01:06:16.609+08:00  INFO 35828 --- [uav-alarm-engine] [           main] o.s.b.w.embedded.tomcat.TomcatWebServer  : Tomcat started on port 8082 (http) with context path ''
2026-06-13T01:06:17.141+08:00  INFO 35828 --- [uav-alarm-engine] [           main] fkaConsumerFactory$ExtendedKafkaConsumer : [Consumer clientId=consumer-alarm-engine-1, groupId=alarm-engine] Subscribed to topic(s): uav.telemetry
2026-06-13T01:06:17.191+08:00  INFO 35828 --- [uav-alarm-engine] [           main] com.uav.alarm.AlarmEngineApplication     : Started AlarmEngineApplication in 17.45 seconds (process running for 19.613)
========================================
  UAV Alarm Engine started.            
  Port: 8082                            
========================================
2026-06-13T01:06:21.196+08:00  INFO 35828 --- [uav-alarm-engine] [ntainer#0-0-C-1] o.s.k.l.KafkaMessageListenerContainer    : alarm-engine: partitions assigned: [uav.telemetry-0]
2026-06-13T01:06:21.703+08:00  WARN 35828 --- [uav-alarm-engine] [ntainer#0-0-C-1] com.uav.alarm.kafka.TelemetryConsumer    : ALARM: [CRITICAL] 地形碰撞 | 地形碰撞风险 | drone=null | pos=(39.727039053793604,116.36018261787154)
2026-06-13T01:06:21.708+08:00  WARN 35828 --- [uav-alarm-engine] [ntainer#0-0-C-1] com.uav.alarm.kafka.TelemetryConsumer    : ALARM: [CRITICAL] 地形碰撞 | 地形碰撞风险 | drone=null | pos=(39.62123556983443,116.65678674855089)
2026-06-13T01:06:21.710+08:00  WARN 35828 --- [uav-alarm-engine] [ntainer#0-0-C-1] com.uav.alarm.kafka.TelemetryConsumer    : ALARM: [CRITICAL] 地形碰撞 | 地形碰撞风险 | drone=null | pos=(39.72352391442676,116.54383655375466)
2026-06-13T01:06:21.712+08:00  WARN 35828 --- [uav-alarm-engine] [ntainer#0-0-C-1] com.uav.alarm.kafka.TelemetryConsumer    : ALARM: [CRITICAL] 地形碰撞 | 地形碰撞风险 | drone=null | pos=(39.70522065096673,116.28714505620994)
2026-06-13T01:06:21.714+08:00  WARN 35828 --- [uav-alarm-engine] [ntainer#0-0-C-1] com.uav.alarm.kafka.TelemetryConsumer    : ALARM: [CRITICAL] 地形碰撞 | 地形碰撞风险 | drone=null | pos=(40.01170877365382,116.36250022696356)
2026-06-13T01:06:21.716+08:00  WARN 35828 --- [uav-alarm-engine] [ntainer#0-0-C-1] com.uav.alarm.kafka.TelemetryConsumer    : ALARM: [CRITICAL] 地形碰撞 | 地形碰撞风险 | drone=null | pos=(40.23071452565485,116.48274371023903)
2026-06-13T01:06:21.718+08:00  WARN 35828 --- [uav-alarm-engine] [ntainer#0-0-C-1] com.uav.alarm.kafka.TelemetryConsumer    : ALARM: [CRITICAL] 地形碰撞 | 地形碰撞风险 | drone=null | pos=(39.90344007568976,116.40416662393936)
2026-06-13T01:06:21.720+08:00  WARN 35828 --- [uav-alarm-engine] [ntainer#0-0-C-1] com.uav.alarm.kafka.TelemetryConsumer    : ALARM: [CRITICAL] 地形碰撞 | 地形碰撞风险 | drone=null | pos=(40.144281026225926,116.54565307356698)
2026-06-13T01:06:21.722+08:00  WARN 35828 --- [uav-alarm-engine] [ntainer#0-0-C-1] com.uav.alarm.kafka.TelemetryConsumer    : ALARM: [CRITICAL] 地形碰撞 | 地形碰撞风险 | drone=null | pos=(39.88144221039036,116.37897200348574)
2026-06-13T01:06:21.724+08:00  WARN 35828 --- [uav-alarm-engine] [ntainer#0-0-C-1] com.uav.alarm.kafka.TelemetryConsumer    : ALARM: [CRITICAL] 地形碰撞 | 地形碰撞风险 | drone=null | pos=(40.13002104938878,116.5708429066575)
2026-06-13T01:06:21.725+08:00  WARN 35828 --- [uav-alarm-engine] [ntainer#0-0-C-1] com.uav.alarm.kafka.TelemetryConsumer    : ALARM: [CRITICAL] 地形碰撞 | 地形碰撞风险 | drone=null | pos=(39.842978440991665,116.45716869125482)
2026-06-13T01:06:21.727+08:00  WARN 35828 --- [uav-alarm-engine] [ntainer#0-0-C-1] com.uav.alarm.kafka.TelemetryConsumer    : ALARM: [CRITICAL] 地形碰撞 | 地形碰撞风险 | drone=null | pos=(40.08404292670504,116.13272774888264)
2026-06-13T01:06:21.729+08:00  WARN 35828 --- [uav-alarm-engine] [ntainer#0-0-C-1] com.uav.alarm.kafka.TelemetryConsumer    : ALARM: [CRITICAL] 地形碰撞 | 地形碰撞风险 | drone=null | pos=(40.09083660450741,116.23323352467706)
2026-06-13T01:06:21.731+08:00  WARN 35828 --- [uav-alarm-engine] [ntainer#0-0-C-1] com.uav.alarm.kafka.TelemetryConsumer    : ALARM: [CRITICAL] 地形碰撞 | 地形碰撞风险 | drone=null | pos=(39.95298213399177,116.05669473170154)
2026-06-13T01:06:21.732+08:00  WARN 35828 --- [uav-alarm-engine] [ntainer#0-0-C-1] com.uav.alarm.kafka.TelemetryConsumer    : ALARM: [CRITICAL] 地形碰撞 | 地形碰撞风险 | drone=null | pos=(40.07857370943556,116.3094175152058)
2026-06-13T01:06:21.743+08:00  WARN 35828 --- [uav-alarm-engine] [ntainer#0-0-C-1] com.uav.alarm.kafka.TelemetryConsumer    : ALARM: [CRITICAL] 地形碰撞 | 地形碰撞风险 | drone=null | pos=(40.08344803092681,116.67181176749139)
2026-06-13T01:06:21.745+08:00  WARN 35828 --- [uav-alarm-engine] [ntainer#0-0-C-1] com.uav.alarm.kafka.TelemetryConsumer    : ALARM: [CRITICAL] 地形碰撞 | 地形碰撞风险 | drone=null | pos=(39.9007827241688,116.49119905558892)
2026-06-13T01:06:21.748+08:00  WARN 35828 --- [uav-alarm-engine] [ntainer#0-0-C-1] com.uav.alarm.kafka.TelemetryConsumer    : ALARM: [CRITICAL] 地形碰撞 | 地形碰撞风险 | drone=null | pos=(39.74151758739223,116.31711185639811)
2026-06-13T01:06:21.749+08:00  WARN 35828 --- [uav-alarm-engine] [ntainer#0-0-C-1] com.uav.alarm.kafka.TelemetryConsumer    : ALARM: [CRITICAL] 地形碰撞 | 地形碰撞风险 | drone=null | pos=(40.00700783374048,115.97925435769952)
2026-06-13T01:06:21.752+08:00  WARN 35828 --- [uav-alarm-engine] [ntainer#0-0-C-1] com.uav.alarm.kafka.TelemetryConsumer    : ALARM: [CRITICAL] 地形碰撞 | 地形碰撞风险 | drone=null | pos=(40.09565212269128,116.6067306781839)
2026-06-13T01:06:21.753+08:00  WARN 35828 --- [uav-alarm-engine] [ntainer#0-0-C-1] com.uav.alarm.kafka.TelemetryConsumer    : ALARM: [CRITICAL] 地形碰撞 | 地形碰撞风险 | drone=null | pos=(39.879278858064524,116.39815886266625)
2026-06-13T01:06:21.755+08:00  WARN 35828 --- [uav-alarm-engine] [ntainer#0-0-C-1] com.uav.alarm.kafka.TelemetryConsumer    : ALARM: [CRITICAL] 地形碰撞 | 地形碰撞风险 | drone=null | pos=(39.81366506320331,116.55853681102825)
2026-06-13T01:06:21.757+08:00  WARN 35828 --- [uav-alarm-engine] [ntainer#0-0-C-1] com.uav.alarm.kafka.TelemetryConsumer    : ALARM: [CRITICAL] 地形碰撞 | 地形碰撞风险 | drone=null | pos=(40.01218311683851,116.42606967966783)
2026-06-13T01:06:21.758+08:00  WARN 35828 --- [uav-alarm-engine] [ntainer#0-0-C-1] com.uav.alarm.kafka.TelemetryConsumer    : ALARM: [CRITICAL] 地形碰撞 | 地形碰撞风险 | drone=null | pos=(39.843210484965404,115.95174776938588)
2026-06-13T01:06:21.760+08:00  WARN 35828 --- [uav-alarm-engine] [ntainer#0-0-C-1] com.uav.alarm.kafka.TelemetryConsumer    : ALARM: [CRITICAL] 地形碰撞 | 地形碰撞风险 | drone=null | pos=(40.16585827344061,116.55285563249078)
2026-06-13T01:06:21.763+08:00  WARN 35828 --- [uav-alarm-engine] [ntainer#0-0-C-1] com.uav.alarm.kafka.TelemetryConsumer    : ALARM: [CRITICAL] 地形碰撞 | 地形碰撞风险 | drone=null | pos=(39.92023073005318,116.6947480406787)
2026-06-13T01:06:21.764+08:00  WARN 35828 --- [uav-alarm-engine] [ntainer#0-0-C-1] com.uav.alarm.kafka.TelemetryConsumer    : ALARM: [CRITICAL] 地形碰撞 | 地形碰撞风险 | drone=null | pos=(40.11082819427196,116.5049523311444)
2026-06-13T01:06:21.765+08:00  WARN 35828 --- [uav-alarm-engine] [ntainer#0-0-C-1] com.uav.alarm.kafka.TelemetryConsumer    : ALARM: [CRITICAL] 地形碰撞 | 地形碰撞风险 | drone=null | pos=(39.825650584185894,116.49858460945367)
2026-06-13T01:06:21.767+08:00  WARN 35828 --- [uav-alarm-engine] [ntainer#0-0-C-1] com.uav.alarm.kafka.TelemetryConsumer    : ALARM: [CRITICAL] 地形碰撞 | 地形碰撞风险 | drone=null | pos=(40.00429134732026,115.97555999019146)
2026-06-13T01:06:21.768+08:00  WARN 35828 --- [uav-alarm-engine] [ntainer#0-0-C-1] com.uav.alarm.kafka.TelemetryConsumer    : ALARM: [CRITICAL] 地形碰撞 | 地形碰撞风险 | drone=null | pos=(39.824547929037315,116.52654472879708)
2026-06-13T01:06:21.770+08:00  WARN 35828 --- [uav-alarm-engine] [ntainer#0-0-C-1] com.uav.alarm.kafka.TelemetryConsumer    : ALARM: [CRITICAL] 地形碰撞 | 地形碰撞风险 | drone=null | pos=(40.07825294677309,116.43839297863899)
2026-06-13T01:06:21.772+08:00  WARN 35828 --- [uav-alarm-engine] [ntainer#0-0-C-1] com.uav.alarm.kafka.TelemetryConsumer    : ALARM: [CRITICAL] 地形碰撞 | 地形碰撞风险 | drone=null | pos=(39.955262023865025,116.4291216601851)
2026-06-13T01:06:21.773+08:00  WARN 35828 --- [uav-alarm-engine] [ntainer#0-0-C-1] com.uav.alarm.kafka.TelemetryConsumer    : ALARM: [CRITICAL] 地形碰撞 | 地形碰撞风险 | drone=null | pos=(40.039597786609264,116.36809925410462)
2026-06-13T01:06:21.775+08:00  WARN 35828 --- [uav-alarm-engine] [ntainer#0-0-C-1] com.uav.alarm.kafka.TelemetryConsumer    : ALARM: [CRITICAL] 地形碰撞 | 地形碰撞风险 | drone=null | pos=(39.794259736148746,116.31055077140199)
2026-06-13T01:06:21.777+08:00  WARN 35828 --- [uav-alarm-engine] [ntainer#0-0-C-1] com.uav.alarm.kafka.TelemetryConsumer    : ALARM: [CRITICAL] 地形碰撞 | 地形碰撞风险 | drone=null | pos=(39.88625234439916,116.31430814110844)
2026-06-13T01:06:21.779+08:00  WARN 35828 --- [uav-alarm-engine] [ntainer#0-0-C-1] com.uav.alarm.kafka.TelemetryConsumer    : ALARM: [CRITICAL] 地形碰撞 | 地形碰撞风险 | drone=null | pos=(39.75837658188351,115.9963742130537)
2026-06-13T01:06:21.781+08:00  WARN 35828 --- [uav-alarm-engine] [ntainer#0-0-C-1] com.uav.alarm.kafka.TelemetryConsumer    : ALARM: [CRITICAL] 地形碰撞 | 地形碰撞风险 | drone=null | pos=(40.003500928941264,116.18728959018001)
2026-06-13T01:06:21.782+08:00  WARN 35828 --- [uav-alarm-engine] [ntainer#0-0-C-1] com.uav.alarm.kafka.TelemetryConsumer    : ALARM: [CRITICAL] 地形碰撞 | 地形碰撞风险 | drone=null | pos=(39.79211505425472,116.39307837827548)
2026-06-13T01:06:21.783+08:00  WARN 35828 --- [uav-alarm-engine] [ntainer#0-0-C-1] com.uav.alarm.kafka.TelemetryConsumer    : ALARM: [CRITICAL] 地形碰撞 | 地形碰撞风险 | drone=null | pos=(39.76865479622607,116.33147235043249)
2026-06-13T01:06:21.785+08:00  WARN 35828 --- [uav-alarm-engine] [ntainer#0-0-C-1] com.uav.alarm.kafka.TelemetryConsumer    : ALARM: [CRITICAL] 地形碰撞 | 地形碰撞风险 | drone=null | pos=(39.83308791025734,116.37183841051595)
2026-06-13T01:06:21.786+08:00  WARN 35828 --- [uav-alarm-engine] [ntainer#0-0-C-1] com.uav.alarm.kafka.TelemetryConsumer    : ALARM: [CRITICAL] 地形碰撞 | 地形碰撞风险 | drone=null | pos=(39.8862174418319,116.59128501303286)
2026-06-13T01:06:21.788+08:00  WARN 35828 --- [uav-alarm-engine] [ntainer#0-0-C-1] com.uav.alarm.kafka.TelemetryConsumer    : ALARM: [CRITICAL] 地形碰撞 | 地形碰撞风险 | drone=null | pos=(40.00939607295157,116.68707936957156)
2026-06-13T01:06:21.790+08:00  WARN 35828 --- [uav-alarm-engine] [ntainer#0-0-C-1] com.uav.alarm.kafka.TelemetryConsumer    : ALARM: [CRITICAL] 地形碰撞 | 地形碰撞风险 | drone=null | pos=(40.07702406823722,116.50827539450678)
2026-06-13T01:06:21.791+08:00  WARN 35828 --- [uav-alarm-engine] [ntainer#0-0-C-1] com.uav.alarm.kafka.TelemetryConsumer    : ALARM: [CRITICAL] 地形碰撞 | 地形碰撞风险 | drone=null | pos=(39.79768905130735,116.75481559557464)
2026-06-13T01:06:21.793+08:00  WARN 35828 --- [uav-alarm-engine] [ntainer#0-0-C-1] com.uav.alarm.kafka.TelemetryConsumer    : ALARM: [CRITICAL] 地形碰撞 | 地形碰撞风险 | drone=null | pos=(39.88961451143358,116.47721100146006)
2026-06-13T01:06:21.795+08:00  WARN 35828 --- [uav-alarm-engine] [ntainer#0-0-C-1] com.uav.alarm.kafka.TelemetryConsumer    : ALARM: [CRITICAL] 地形碰撞 | 地形碰撞风险 | drone=null | pos=(39.83240581217824,116.45607084721324)
2026-06-13T01:06:21.796+08:00  WARN 35828 --- [uav-alarm-engine] [ntainer#0-0-C-1] com.uav.alarm.kafka.TelemetryConsumer    : ALARM: [CRITICAL] 地形碰撞 | 地形碰撞风险 | drone=null | pos=(39.66393297976888,116.68065461781417)
2026-06-13T01:06:21.797+08:00  WARN 35828 --- [uav-alarm-engine] [ntainer#0-0-C-1] com.uav.alarm.kafka.TelemetryConsumer    : ALARM: [CRITICAL] 地形碰撞 | 地形碰撞风险 | drone=null | pos=(40.08991836618671,116.60270886287452)
2026-06-13T01:06:21.798+08:00  WARN 35828 --- [uav-alarm-engine] [ntainer#0-0-C-1] com.uav.alarm.kafka.TelemetryConsumer    : ALARM: [CRITICAL] 地形碰撞 | 地形碰撞风险 | drone=null | pos=(39.81596684420389,116.0971102983395)
2026-06-13T01:06:21.800+08:00  WARN 35828 --- [uav-alarm-engine] [ntainer#0-0-C-1] com.uav.alarm.kafka.TelemetryConsumer    : ALARM: [CRITICAL] 地形碰撞 | 地形碰撞风险 | drone=null | pos=(39.62069752916103,116.63889883171659)
2026-06-13T01:06:21.801+08:00  WARN 35828 --- [uav-alarm-engine] [ntainer#0-0-C-1] com.uav.alarm.kafka.TelemetryConsumer    : ALARM: [CRITICAL] 地形碰撞 | 地形碰撞风险 | drone=null | pos=(39.96294988568591,116.64280659160383)
2026-06-13T01:06:21.803+08:00  WARN 35828 --- [uav-alarm-engine] [ntainer#0-0-C-1] com.uav.alarm.kafka.TelemetryConsumer    : ALARM: [CRITICAL] 地形碰撞 | 地形碰撞风险 | drone=null | pos=(40.13605201827257,116.76615568434725)
2026-06-13T01:06:21.804+08:00  WARN 35828 --- [uav-alarm-engine] [ntainer#0-0-C-1] com.uav.alarm.kafka.TelemetryConsumer    : ALARM: [CRITICAL] 地形碰撞 | 地形碰撞风险 | drone=null | pos=(40.234107193161094,116.4736351772697)
2026-06-13T01:06:21.806+08:00  WARN 35828 --- [uav-alarm-engine] [ntainer#0-0-C-1] com.uav.alarm.kafka.TelemetryConsumer    : ALARM: [CRITICAL] 地形碰撞 | 地形碰撞风险 | drone=null | pos=(39.886471099245654,116.51850196049811)
2026-06-13T01:06:21.807+08:00  WARN 35828 --- [uav-alarm-engine] [ntainer#0-0-C-1] com.uav.alarm.kafka.TelemetryConsumer    : ALARM: [CRITICAL] 地形碰撞 | 地形碰撞风险 | drone=null | pos=(39.933363997977025,116.40603349683353)
2026-06-13T01:06:21.812+08:00  WARN 35828 --- [uav-alarm-engine] [ntainer#0-0-C-1] com.uav.alarm.kafka.TelemetryConsumer    : ALARM: [CRITICAL] 地形碰撞 | 地形碰撞风险 | drone=null | pos=(39.665173180577696,116.32037758603724)
2026-06-13T01:06:21.814+08:00  WARN 35828 --- [uav-alarm-engine] [ntainer#0-0-C-1] com.uav.alarm.kafka.TelemetryConsumer    : ALARM: [CRITICAL] 地形碰撞 | 地形碰撞风险 | drone=null | pos=(39.861889220041775,116.1940018645866)
2026-06-13T01:06:21.816+08:00  WARN 35828 --- [uav-alarm-engine] [ntainer#0-0-C-1] com.uav.alarm.kafka.TelemetryConsumer    : ALARM: [CRITICAL] 地形碰撞 | 地形碰撞风险 | drone=null | pos=(39.806755402003134,116.32690445919988)
2026-06-13T01:06:21.817+08:00  WARN 35828 --- [uav-alarm-engine] [ntainer#0-0-C-1] com.uav.alarm.kafka.TelemetryConsumer    : ALARM: [CRITICAL] 地形碰撞 | 地形碰撞风险 | drone=null | pos=(40.142679589556565,116.30031379373494)
2026-06-13T01:06:21.819+08:00  WARN 35828 --- [uav-alarm-engine] [ntainer#0-0-C-1] com.uav.alarm.kafka.TelemetryConsumer    : ALARM: [CRITICAL] 地形碰撞 | 地形碰撞风险 | drone=null | pos=(39.920872401234526,116.46617078434141)
2026-06-13T01:06:21.821+08:00  WARN 35828 --- [uav-alarm-engine] [ntainer#0-0-C-1] com.uav.alarm.kafka.TelemetryConsumer    : ALARM: [CRITICAL] 地形碰撞 | 地形碰撞风险 | drone=null | pos=(39.90225920632813,116.51931276960902)
2026-06-13T01:06:21.823+08:00  WARN 35828 --- [uav-alarm-engine] [ntainer#0-0-C-1] com.uav.alarm.kafka.TelemetryConsumer    : ALARM: [CRITICAL] 地形碰撞 | 地形碰撞风险 | drone=null | pos=(39.96821452490346,116.37449524243966)
2026-06-13T01:06:21.824+08:00  WARN 35828 --- [uav-alarm-engine] [ntainer#0-0-C-1] com.uav.alarm.kafka.TelemetryConsumer    : ALARM: [CRITICAL] 地形碰撞 | 地形碰撞风险 | drone=null | pos=(40.06141085737783,116.16654543700925)
2026-06-13T01:06:21.827+08:00  WARN 35828 --- [uav-alarm-engine] [ntainer#0-0-C-1] com.uav.alarm.kafka.TelemetryConsumer    : ALARM: [CRITICAL] 地形碰撞 | 地形碰撞风险 | drone=null | pos=(39.80009442422622,116.39872528116653)
2026-06-13T01:06:21.829+08:00  WARN 35828 --- [uav-alarm-engine] [ntainer#0-0-C-1] com.uav.alarm.kafka.TelemetryConsumer    : ALARM: [CRITICAL] 地形碰撞 | 地形碰撞风险 | drone=null | pos=(40.022630303351484,116.54312687117928)
2026-06-13T01:06:21.831+08:00  WARN 35828 --- [uav-alarm-engine] [ntainer#0-0-C-1] com.uav.alarm.kafka.TelemetryConsumer    : ALARM: [CRITICAL] 地形碰撞 | 地形碰撞风险 | drone=null | pos=(39.75716512606108,116.49626707577994)
2026-06-13T01:06:21.832+08:00  WARN 35828 --- [uav-alarm-engine] [ntainer#0-0-C-1] com.uav.alarm.kafka.TelemetryConsumer    : ALARM: [CRITICAL] 地形碰撞 | 地形碰撞风险 | drone=null | pos=(39.73822914368509,116.79881973354473)
2026-06-13T01:06:21.833+08:00  WARN 35828 --- [uav-alarm-engine] [ntainer#0-0-C-1] com.uav.alarm.kafka.TelemetryConsumer    : ALARM: [CRITICAL] 地形碰撞 | 地形碰撞风险 | drone=null | pos=(39.69634824758099,116.79007427377357)
2026-06-13T01:06:21.834+08:00  WARN 35828 --- [uav-alarm-engine] [ntainer#0-0-C-1] com.uav.alarm.kafka.TelemetryConsumer    : ALARM: [CRITICAL] 地形碰撞 | 地形碰撞风险 | drone=null | pos=(39.89002427357075,116.47734788165539)
2026-06-13T01:06:21.836+08:00  WARN 35828 --- [uav-alarm-engine] [ntainer#0-0-C-1] com.uav.alarm.kafka.TelemetryConsumer    : ALARM: [CRITICAL] 地形碰撞 | 地形碰撞风险 | drone=null | pos=(39.905952286005245,116.41818172571998)
2026-06-13T01:06:21.839+08:00  WARN 35828 --- [uav-alarm-engine] [ntainer#0-0-C-1] com.uav.alarm.kafka.TelemetryConsumer    : ALARM: [CRITICAL] 地形碰撞 | 地形碰撞风险 | drone=null | pos=(39.92645996718065,116.10736217316627)
2026-06-13T01:06:21.840+08:00  WARN 35828 --- [uav-alarm-engine] [ntainer#0-0-C-1] com.uav.alarm.kafka.TelemetryConsumer    : ALARM: [CRITICAL] 地形碰撞 | 地形碰撞风险 | drone=null | pos=(39.65701479981662,116.13591386331109)
2026-06-13T01:06:21.841+08:00  WARN 35828 --- [uav-alarm-engine] [ntainer#0-0-C-1] com.uav.alarm.kafka.TelemetryConsumer    : ALARM: [CRITICAL] 地形碰撞 | 地形碰撞风险 | drone=null | pos=(39.95546506221885,116.30641520177815)
2026-06-13T01:06:21.843+08:00  WARN 35828 --- [uav-alarm-engine] [ntainer#0-0-C-1] com.uav.alarm.kafka.TelemetryConsumer    : ALARM: [CRITICAL] 地形碰撞 | 地形碰撞风险 | drone=null | pos=(39.95026360799759,116.87210813485375)
2026-06-13T01:06:21.844+08:00  WARN 35828 --- [uav-alarm-engine] [ntainer#0-0-C-1] com.uav.alarm.kafka.TelemetryConsumer    : ALARM: [CRITICAL] 地形碰撞 | 地形碰撞风险 | drone=null | pos=(40.075481349731035,116.50068608148702)
2026-06-13T01:06:21.846+08:00  WARN 35828 --- [uav-alarm-engine] [ntainer#0-0-C-1] com.uav.alarm.kafka.TelemetryConsumer    : ALARM: [CRITICAL] 地形碰撞 | 地形碰撞风险 | drone=null | pos=(39.7554965529719,116.19933812832807)
2026-06-13T01:06:21.847+08:00  WARN 35828 --- [uav-alarm-engine] [ntainer#0-0-C-1] com.uav.alarm.kafka.TelemetryConsumer    : ALARM: [CRITICAL] 地形碰撞 | 地形碰撞风险 | drone=null | pos=(39.893713229296765,116.42979746077464)
2026-06-13T01:06:21.849+08:00  WARN 35828 --- [uav-alarm-engine] [ntainer#0-0-C-1] com.uav.alarm.kafka.TelemetryConsumer    : ALARM: [CRITICAL] 地形碰撞 | 地形碰撞风险 | drone=null | pos=(39.909796636949544,116.23571072135601)
2026-06-13T01:06:21.850+08:00  WARN 35828 --- [uav-alarm-engine] [ntainer#0-0-C-1] com.uav.alarm.kafka.TelemetryConsumer    : ALARM: [CRITICAL] 地形碰撞 | 地形碰撞风险 | drone=null | pos=(39.81025679629677,116.31888942083556)
2026-06-13T01:06:21.853+08:00  WARN 35828 --- [uav-alarm-engine] [ntainer#0-0-C-1] com.uav.alarm.kafka.TelemetryConsumer    : ALARM: [CRITICAL] 地形碰撞 | 地形碰撞风险 | drone=null | pos=(39.81101756286015,116.34621396987995)
2026-06-13T01:06:21.855+08:00  WARN 35828 --- [uav-alarm-engine] [ntainer#0-0-C-1] com.uav.alarm.kafka.TelemetryConsumer    : ALARM: [CRITICAL] 地形碰撞 | 地形碰撞风险 | drone=null | pos=(39.81700891475623,116.49668801810999)
2026-06-13T01:06:21.857+08:00  WARN 35828 --- [uav-alarm-engine] [ntainer#0-0-C-1] com.uav.alarm.kafka.TelemetryConsumer    : ALARM: [CRITICAL] 地形碰撞 | 地形碰撞风险 | drone=null | pos=(39.891210170625136,116.53945317025106)
2026-06-13T01:06:21.859+08:00  WARN 35828 --- [uav-alarm-engine] [ntainer#0-0-C-1] com.uav.alarm.kafka.TelemetryConsumer    : ALARM: [CRITICAL] 地形碰撞 | 地形碰撞风险 | drone=null | pos=(39.78904073948173,116.11197081059932)
2026-06-13T01:06:21.860+08:00  WARN 35828 --- [uav-alarm-engine] [ntainer#0-0-C-1] com.uav.alarm.kafka.TelemetryConsumer    : ALARM: [CRITICAL] 地形碰撞 | 地形碰撞风险 | drone=null | pos=(39.92740666912862,116.38759320721698)
2026-06-13T01:06:21.862+08:00  WARN 35828 --- [uav-alarm-engine] [ntainer#0-0-C-1] com.uav.alarm.kafka.TelemetryConsumer    : ALARM: [CRITICAL] 地形碰撞 | 地形碰撞风险 | drone=null | pos=(39.94110063384303,116.37457950925493)
2026-06-13T01:06:21.865+08:00  WARN 35828 --- [uav-alarm-engine] [ntainer#0-0-C-1] com.uav.alarm.kafka.TelemetryConsumer    : ALARM: [CRITICAL] 地形碰撞 | 地形碰撞风险 | drone=null | pos=(40.07489651583819,116.32522825543785)
2026-06-13T01:06:21.867+08:00  WARN 35828 --- [uav-alarm-engine] [ntainer#0-0-C-1] com.uav.alarm.kafka.TelemetryConsumer    : ALARM: [CRITICAL] 地形碰撞 | 地形碰撞风险 | drone=null | pos=(39.83439508892795,116.36764962922207)
2026-06-13T01:06:21.869+08:00  WARN 35828 --- [uav-alarm-engine] [ntainer#0-0-C-1] com.uav.alarm.kafka.TelemetryConsumer    : ALARM: [CRITICAL] 地形碰撞 | 地形碰撞风险 | drone=null | pos=(39.80766703075381,116.3757027366653)
2026-06-13T01:06:21.871+08:00  WARN 35828 --- [uav-alarm-engine] [ntainer#0-0-C-1] com.uav.alarm.kafka.TelemetryConsumer    : ALARM: [CRITICAL] 地形碰撞 | 地形碰撞风险 | drone=null | pos=(39.86817746993775,116.48504080614838)
2026-06-13T01:06:21.872+08:00  WARN 35828 --- [uav-alarm-engine] [ntainer#0-0-C-1] com.uav.alarm.kafka.TelemetryConsumer    : ALARM: [CRITICAL] 地形碰撞 | 地形碰撞风险 | drone=null | pos=(39.96580685683864,116.02224668368072)
2026-06-13T01:06:21.874+08:00  WARN 35828 --- [uav-alarm-engine] [ntainer#0-0-C-1] com.uav.alarm.kafka.TelemetryConsumer    : ALARM: [CRITICAL] 地形碰撞 | 地形碰撞风险 | drone=null | pos=(39.998475786155154,116.03024678552772)
2026-06-13T01:06:21.875+08:00  WARN 35828 --- [uav-alarm-engine] [ntainer#0-0-C-1] com.uav.alarm.kafka.TelemetryConsumer    : ALARM: [CRITICAL] 地形碰撞 | 地形碰撞风险 | drone=null | pos=(39.962336229529114,116.26473348368661)
2026-06-13T01:06:21.876+08:00  WARN 35828 --- [uav-alarm-engine] [ntainer#0-0-C-1] com.uav.alarm.kafka.TelemetryConsumer    : ALARM: [CRITICAL] 地形碰撞 | 地形碰撞风险 | drone=null | pos=(39.91043293990348,116.41665936896582)
2026-06-13T01:06:21.878+08:00  WARN 35828 --- [uav-alarm-engine] [ntainer#0-0-C-1] com.uav.alarm.kafka.TelemetryConsumer    : ALARM: [CRITICAL] 地形碰撞 | 地形碰撞风险 | drone=null | pos=(40.082696781885225,116.07889926728153)
2026-06-13T01:06:21.879+08:00  WARN 35828 --- [uav-alarm-engine] [ntainer#0-0-C-1] com.uav.alarm.kafka.TelemetryConsumer    : ALARM: [CRITICAL] 地形碰撞 | 地形碰撞风险 | drone=null | pos=(39.879100170530116,116.43989462870518)
2026-06-13T01:06:21.881+08:00  WARN 35828 --- [uav-alarm-engine] [ntainer#0-0-C-1] com.uav.alarm.kafka.TelemetryConsumer    : ALARM: [CRITICAL] 地形碰撞 | 地形碰撞风险 | drone=null | pos=(39.8758995764835,116.40993642615533)
2026-06-13T01:06:21.883+08:00  WARN 35828 --- [uav-alarm-engine] [ntainer#0-0-C-1] com.uav.alarm.kafka.TelemetryConsumer    : ALARM: [CRITICAL] 地形碰撞 | 地形碰撞风险 | drone=null | pos=(39.83458361281953,116.5992527445197)
2026-06-13T01:06:21.885+08:00  WARN 35828 --- [uav-alarm-engine] [ntainer#0-0-C-1] com.uav.alarm.kafka.TelemetryConsumer    : ALARM: [CRITICAL] 地形碰撞 | 地形碰撞风险 | drone=null | pos=(39.946451966388366,116.71766317265306)
2026-06-13T01:06:21.888+08:00  WARN 35828 --- [uav-alarm-engine] [ntainer#0-0-C-1] com.uav.alarm.kafka.TelemetryConsumer    : ALARM: [CRITICAL] 地形碰撞 | 地形碰撞风险 | drone=null | pos=(39.60040965133886,116.51621119135713)
2026-06-13T01:06:21.889+08:00  WARN 35828 --- [uav-alarm-engine] [ntainer#0-0-C-1] com.uav.alarm.kafka.TelemetryConsumer    : ALARM: [CRITICAL] 地形碰撞 | 地形碰撞风险 | drone=null | pos=(39.95958321216248,116.37750321752429)
2026-06-13T01:06:21.892+08:00  WARN 35828 --- [uav-alarm-engine] [ntainer#0-0-C-1] com.uav.alarm.kafka.TelemetryConsumer    : ALARM: [CRITICAL] 地形碰撞 | 地形碰撞风险 | drone=null | pos=(40.04691620812407,116.36317749461652)
2026-06-13T01:06:21.893+08:00  WARN 35828 --- [uav-alarm-engine] [ntainer#0-0-C-1] com.uav.alarm.kafka.TelemetryConsumer    : ALARM: [CRITICAL] 地形碰撞 | 地形碰撞风险 | drone=null | pos=(39.79197437208842,116.21767012932523)
2026-06-13T01:06:21.895+08:00  WARN 35828 --- [uav-alarm-engine] [ntainer#0-0-C-1] com.uav.alarm.kafka.TelemetryConsumer    : ALARM: [CRITICAL] 地形碰撞 | 地形碰撞风险 | drone=null | pos=(39.831809630360226,116.0572507496447)
2026-06-13T01:06:21.897+08:00  WARN 35828 --- [uav-alarm-engine] [ntainer#0-0-C-1] com.uav.alarm.kafka.TelemetryConsumer    : ALARM: [CRITICAL] 地形碰撞 | 地形碰撞风险 | drone=null | pos=(39.97195768515429,116.66263012745301)
2026-06-13T01:06:21.898+08:00  WARN 35828 --- [uav-alarm-engine] [ntainer#0-0-C-1] com.uav.alarm.kafka.TelemetryConsumer    : ALARM: [CRITICAL] 地形碰撞 | 地形碰撞风险 | drone=null | pos=(39.855883399429445,116.65605784330272)
2026-06-13T01:06:21.899+08:00  WARN 35828 --- [uav-alarm-engine] [ntainer#0-0-C-1] com.uav.alarm.kafka.TelemetryConsumer    : ALARM: [CRITICAL] 地形碰撞 | 地形碰撞风险 | drone=null | pos=(39.94980793797644,116.33968757110277)
2026-06-13T01:06:21.900+08:00  WARN 35828 --- [uav-alarm-engine] [ntainer#0-0-C-1] com.uav.alarm.kafka.TelemetryConsumer    : ALARM: [CRITICAL] 地形碰撞 | 地形碰撞风险 | drone=null | pos=(39.87362706960642,116.40601088586565)
2026-06-13T01:06:21.902+08:00  WARN 35828 --- [uav-alarm-engine] [ntainer#0-0-C-1] com.uav.alarm.kafka.TelemetryConsumer    : ALARM: [CRITICAL] 地形碰撞 | 地形碰撞风险 | drone=null | pos=(39.736876530890086,116.56356721469913)
2026-06-13T01:06:21.904+08:00  WARN 35828 --- [uav-alarm-engine] [ntainer#0-0-C-1] com.uav.alarm.kafka.TelemetryConsumer    : ALARM: [CRITICAL] 地形碰撞 | 地形碰撞风险 | drone=null | pos=(39.92751634000786,116.44302971308392)
2026-06-13T01:06:21.906+08:00  WARN 35828 --- [uav-alarm-engine] [ntainer#0-0-C-1] com.uav.alarm.kafka.TelemetryConsumer    : ALARM: [CRITICAL] 地形碰撞 | 地形碰撞风险 | drone=null | pos=(39.86048229140095,116.5419680764707)
2026-06-13T01:06:21.906+08:00  WARN 35828 --- [uav-alarm-engine] [ntainer#0-0-C-1] com.uav.alarm.kafka.TelemetryConsumer    : ALARM: [CRITICAL] 地形碰撞 | 地形碰撞风险 | drone=null | pos=(39.9581524483277,116.68320058721345)
2026-06-13T01:06:21.908+08:00  WARN 35828 --- [uav-alarm-engine] [ntainer#0-0-C-1] com.uav.alarm.kafka.TelemetryConsumer    : ALARM: [CRITICAL] 地形碰撞 | 地形碰撞风险 | drone=null | pos=(39.96652321190724,116.36537694983129)
2026-06-13T01:06:21.909+08:00  WARN 35828 --- [uav-alarm-engine] [ntainer#0-0-C-1] com.uav.alarm.kafka.TelemetryConsumer    : ALARM: [CRITICAL] 地形碰撞 | 地形碰撞风险 | drone=null | pos=(40.04669328410315,116.30313089513794)
2026-06-13T01:06:21.910+08:00  WARN 35828 --- [uav-alarm-engine] [ntainer#0-0-C-1] com.uav.alarm.kafka.TelemetryConsumer    : ALARM: [CRITICAL] 地形碰撞 | 地形碰撞风险 | drone=null | pos=(39.986344285095555,116.67250953571069)
2026-06-13T01:06:21.912+08:00  WARN 35828 --- [uav-alarm-engine] [ntainer#0-0-C-1] com.uav.alarm.kafka.TelemetryConsumer    : ALARM: [CRITICAL] 地形碰撞 | 地形碰撞风险 | drone=null | pos=(39.9800941718287,116.30974345189523)
2026-06-13T01:06:21.913+08:00  WARN 35828 --- [uav-alarm-engine] [ntainer#0-0-C-1] com.uav.alarm.kafka.TelemetryConsumer    : ALARM: [CRITICAL] 地形碰撞 | 地形碰撞风险 | drone=null | pos=(40.20984825368036,116.42918069455621)
2026-06-13T01:06:21.914+08:00  WARN 35828 --- [uav-alarm-engine] [ntainer#0-0-C-1] com.uav.alarm.kafka.TelemetryConsumer    : ALARM: [CRITICAL] 地形碰撞 | 地形碰撞风险 | drone=null | pos=(39.988790617158145,116.49661377143708)
2026-06-13T01:06:21.915+08:00  WARN 35828 --- [uav-alarm-engine] [ntainer#0-0-C-1] com.uav.alarm.kafka.TelemetryConsumer    : ALARM: [CRITICAL] 地形碰撞 | 地形碰撞风险 | drone=null | pos=(39.896179711006845,116.40913917834438)
2026-06-13T01:06:21.918+08:00  WARN 35828 --- [uav-alarm-engine] [ntainer#0-0-C-1] com.uav.alarm.kafka.TelemetryConsumer    : ALARM: [CRITICAL] 地形碰撞 | 地形碰撞风险 | drone=null | pos=(40.08869817526391,116.69370523509753)
2026-06-13T01:06:21.918+08:00  WARN 35828 --- [uav-alarm-engine] [ntainer#0-0-C-1] com.uav.alarm.kafka.TelemetryConsumer    : ALARM: [CRITICAL] 地形碰撞 | 地形碰撞风险 | drone=null | pos=(40.04412033127824,116.35222381261445)
2026-06-13T01:06:21.921+08:00  WARN 35828 --- [uav-alarm-engine] [ntainer#0-0-C-1] com.uav.alarm.kafka.TelemetryConsumer    : ALARM: [CRITICAL] 地形碰撞 | 地形碰撞风险 | drone=null | pos=(39.83392801598852,116.41499966871932)
2026-06-13T01:06:21.922+08:00  WARN 35828 --- [uav-alarm-engine] [ntainer#0-0-C-1] com.uav.alarm.kafka.TelemetryConsumer    : ALARM: [CRITICAL] 地形碰撞 | 地形碰撞风险 | drone=null | pos=(40.10674014713375,116.06582801219231)
2026-06-13T01:06:21.923+08:00  WARN 35828 --- [uav-alarm-engine] [ntainer#0-0-C-1] com.uav.alarm.kafka.TelemetryConsumer    : ALARM: [CRITICAL] 地形碰撞 | 地形碰撞风险 | drone=null | pos=(39.97857398928458,116.54339916608699)
2026-06-13T01:06:21.924+08:00  WARN 35828 --- [uav-alarm-engine] [ntainer#0-0-C-1] com.uav.alarm.kafka.TelemetryConsumer    : ALARM: [CRITICAL] 地形碰撞 | 地形碰撞风险 | drone=null | pos=(39.894076357136775,116.41467854229377)
2026-06-13T01:06:21.925+08:00  WARN 35828 --- [uav-alarm-engine] [ntainer#0-0-C-1] com.uav.alarm.kafka.TelemetryConsumer    : ALARM: [CRITICAL] 地形碰撞 | 地形碰撞风险 | drone=null | pos=(40.06880922060773,115.99108242391081)
2026-06-13T01:06:21.929+08:00  WARN 35828 --- [uav-alarm-engine] [ntainer#0-0-C-1] com.uav.alarm.kafka.TelemetryConsumer    : ALARM: [CRITICAL] 地形碰撞 | 地形碰撞风险 | drone=null | pos=(39.59426862585581,116.63214786850153)
2026-06-13T01:06:21.930+08:00  WARN 35828 --- [uav-alarm-engine] [ntainer#0-0-C-1] com.uav.alarm.kafka.TelemetryConsumer    : ALARM: [CRITICAL] 地形碰撞 | 地形碰撞风险 | drone=null | pos=(39.90647458977395,116.0120402319017)
2026-06-13T01:06:21.933+08:00  WARN 35828 --- [uav-alarm-engine] [ntainer#0-0-C-1] com.uav.alarm.kafka.TelemetryConsumer    : ALARM: [CRITICAL] 地形碰撞 | 地形碰撞风险 | drone=null | pos=(40.01646585354153,116.18384681476367)
2026-06-13T01:06:21.934+08:00  WARN 35828 --- [uav-alarm-engine] [ntainer#0-0-C-1] com.uav.alarm.kafka.TelemetryConsumer    : ALARM: [CRITICAL] 地形碰撞 | 地形碰撞风险 | drone=null | pos=(40.13340805855256,116.11213440823867)
2026-06-13T01:06:21.935+08:00  WARN 35828 --- [uav-alarm-engine] [ntainer#0-0-C-1] com.uav.alarm.kafka.TelemetryConsumer    : ALARM: [CRITICAL] 地形碰撞 | 地形碰撞风险 | drone=null | pos=(40.22885708512563,116.37391225038363)
2026-06-13T01:06:21.936+08:00  WARN 35828 --- [uav-alarm-engine] [ntainer#0-0-C-1] com.uav.alarm.kafka.TelemetryConsumer    : ALARM: [CRITICAL] 地形碰撞 | 地形碰撞风险 | drone=null | pos=(39.92903302860747,116.42016819474016)
2026-06-13T01:06:21.937+08:00  WARN 35828 --- [uav-alarm-engine] [ntainer#0-0-C-1] com.uav.alarm.kafka.TelemetryConsumer    : ALARM: [CRITICAL] 地形碰撞 | 地形碰撞风险 | drone=null | pos=(39.99633264157886,116.38101940184774)
2026-06-13T01:06:21.939+08:00  WARN 35828 --- [uav-alarm-engine] [ntainer#0-0-C-1] com.uav.alarm.kafka.TelemetryConsumer    : ALARM: [CRITICAL] 地形碰撞 | 地形碰撞风险 | drone=null | pos=(40.08369541870341,116.70677251270754)
2026-06-13T01:06:21.939+08:00  WARN 35828 --- [uav-alarm-engine] [ntainer#0-0-C-1] com.uav.alarm.kafka.TelemetryConsumer    : ALARM: [CRITICAL] 地形碰撞 | 地形碰撞风险 | drone=null | pos=(39.8801811319104,116.33517331447183)
2026-06-13T01:06:21.940+08:00  WARN 35828 --- [uav-alarm-engine] [ntainer#0-0-C-1] com.uav.alarm.kafka.TelemetryConsumer    : ALARM: [CRITICAL] 地形碰撞 | 地形碰撞风险 | drone=null | pos=(39.8012689596142,116.25462441310836)
2026-06-13T01:06:21.942+08:00  WARN 35828 --- [uav-alarm-engine] [ntainer#0-0-C-1] com.uav.alarm.kafka.TelemetryConsumer    : ALARM: [CRITICAL] 地形碰撞 | 地形碰撞风险 | drone=null | pos=(39.923928276558414,116.18435340695136)
2026-06-13T01:06:21.944+08:00  WARN 35828 --- [uav-alarm-engine] [ntainer#0-0-C-1] com.uav.alarm.kafka.TelemetryConsumer    : ALARM: [CRITICAL] 地形碰撞 | 地形碰撞风险 | drone=null | pos=(39.79817718378983,116.58690751833375)
2026-06-13T01:06:21.946+08:00  WARN 35828 --- [uav-alarm-engine] [ntainer#0-0-C-1] com.uav.alarm.kafka.TelemetryConsumer    : ALARM: [CRITICAL] 地形碰撞 | 地形碰撞风险 | drone=null | pos=(39.91947166644524,116.4551480631115)
2026-06-13T01:06:21.947+08:00  WARN 35828 --- [uav-alarm-engine] [ntainer#0-0-C-1] com.uav.alarm.kafka.TelemetryConsumer    : ALARM: [CRITICAL] 地形碰撞 | 地形碰撞风险 | drone=null | pos=(39.904938681813704,116.6229244527041)
2026-06-13T01:06:21.949+08:00  WARN 35828 --- [uav-alarm-engine] [ntainer#0-0-C-1] com.uav.alarm.kafka.TelemetryConsumer    : ALARM: [CRITICAL] 地形碰撞 | 地形碰撞风险 | drone=null | pos=(39.79347591705316,116.37469695319221)
2026-06-13T01:06:21.950+08:00  WARN 35828 --- [uav-alarm-engine] [ntainer#0-0-C-1] com.uav.alarm.kafka.TelemetryConsumer    : ALARM: [CRITICAL] 地形碰撞 | 地形碰撞风险 | drone=null | pos=(39.9600913801677,115.96886874139952)
2026-06-13T01:06:21.952+08:00  WARN 35828 --- [uav-alarm-engine] [ntainer#0-0-C-1] com.uav.alarm.kafka.TelemetryConsumer    : ALARM: [CRITICAL] 地形碰撞 | 地形碰撞风险 | drone=null | pos=(39.825588005142336,116.30781261850689)
2026-06-13T01:06:21.953+08:00  WARN 35828 --- [uav-alarm-engine] [ntainer#0-0-C-1] com.uav.alarm.kafka.TelemetryConsumer    : ALARM: [CRITICAL] 地形碰撞 | 地形碰撞风险 | drone=null | pos=(39.9336948040783,116.41934474663068)
2026-06-13T01:06:21.955+08:00  WARN 35828 --- [uav-alarm-engine] [ntainer#0-0-C-1] com.uav.alarm.kafka.TelemetryConsumer    : ALARM: [CRITICAL] 地形碰撞 | 地形碰撞风险 | drone=null | pos=(39.99909242435434,116.31756345021923)
2026-06-13T01:06:21.956+08:00  WARN 35828 --- [uav-alarm-engine] [ntainer#0-0-C-1] com.uav.alarm.kafka.TelemetryConsumer    : ALARM: [CRITICAL] 地形碰撞 | 地形碰撞风险 | drone=null | pos=(39.84476487621675,116.27184191343773)
2026-06-13T01:06:21.958+08:00  WARN 35828 --- [uav-alarm-engine] [ntainer#0-0-C-1] com.uav.alarm.kafka.TelemetryConsumer    : ALARM: [CRITICAL] 地形碰撞 | 地形碰撞风险 | drone=null | pos=(39.70723435282366,116.65259595090751)
2026-06-13T01:06:21.959+08:00  WARN 35828 --- [uav-alarm-engine] [ntainer#0-0-C-1] com.uav.alarm.kafka.TelemetryConsumer    : ALARM: [CRITICAL] 地形碰撞 | 地形碰撞风险 | drone=null | pos=(40.00772638472724,116.3269492971457)
2026-06-13T01:06:21.962+08:00  WARN 35828 --- [uav-alarm-engine] [ntainer#0-0-C-1] com.uav.alarm.kafka.TelemetryConsumer    : ALARM: [CRITICAL] 地形碰撞 | 地形碰撞风险 | drone=null | pos=(39.921968159482745,116.25902661778393)
2026-06-13T01:06:21.964+08:00  WARN 35828 --- [uav-alarm-engine] [ntainer#0-0-C-1] com.uav.alarm.kafka.TelemetryConsumer    : ALARM: [CRITICAL] 地形碰撞 | 地形碰撞风险 | drone=null | pos=(39.90699208703174,116.70418855675513)
2026-06-13T01:06:21.965+08:00  WARN 35828 --- [uav-alarm-engine] [ntainer#0-0-C-1] com.uav.alarm.kafka.TelemetryConsumer    : ALARM: [CRITICAL] 地形碰撞 | 地形碰撞风险 | drone=null | pos=(40.10564746499088,116.23406038016543)
2026-06-13T01:06:21.967+08:00  WARN 35828 --- [uav-alarm-engine] [ntainer#0-0-C-1] com.uav.alarm.kafka.TelemetryConsumer    : ALARM: [CRITICAL] 地形碰撞 | 地形碰撞风险 | drone=null | pos=(39.85421853660415,116.34194000921153)
2026-06-13T01:06:21.968+08:00  WARN 35828 --- [uav-alarm-engine] [ntainer#0-0-C-1] com.uav.alarm.kafka.TelemetryConsumer    : ALARM: [CRITICAL] 地形碰撞 | 地形碰撞风险 | drone=null | pos=(39.77922623468351,116.7488838651251)
2026-06-13T01:06:21.969+08:00  WARN 35828 --- [uav-alarm-engine] [ntainer#0-0-C-1] com.uav.alarm.kafka.TelemetryConsumer    : ALARM: [CRITICAL] 地形碰撞 | 地形碰撞风险 | drone=null | pos=(39.90052602087137,116.40176986030174)
2026-06-13T01:06:21.970+08:00  WARN 35828 --- [uav-alarm-engine] [ntainer#0-0-C-1] com.uav.alarm.kafka.TelemetryConsumer    : ALARM: [CRITICAL] 地形碰撞 | 地形碰撞风险 | drone=null | pos=(39.90642785967776,116.40183249615578)
2026-06-13T01:06:21.972+08:00  WARN 35828 --- [uav-alarm-engine] [ntainer#0-0-C-1] com.uav.alarm.kafka.TelemetryConsumer    : ALARM: [CRITICAL] 地形碰撞 | 地形碰撞风险 | drone=null | pos=(40.07602996417322,116.42841472468024)
2026-06-13T01:06:21.973+08:00  WARN 35828 --- [uav-alarm-engine] [ntainer#0-0-C-1] com.uav.alarm.kafka.TelemetryConsumer    : ALARM: [CRITICAL] 地形碰撞 | 地形碰撞风险 | drone=null | pos=(40.062420221196255,116.51385913067686)
2026-06-13T01:06:21.975+08:00  WARN 35828 --- [uav-alarm-engine] [ntainer#0-0-C-1] com.uav.alarm.kafka.TelemetryConsumer    : ALARM: [CRITICAL] 地形碰撞 | 地形碰撞风险 | drone=null | pos=(39.872569366031385,116.42573527601006)
2026-06-13T01:06:21.975+08:00  WARN 35828 --- [uav-alarm-engine] [ntainer#0-0-C-1] com.uav.alarm.kafka.TelemetryConsumer    : ALARM: [CRITICAL] 地形碰撞 | 地形碰撞风险 | drone=null | pos=(39.66107484002884,116.6885121078171)
2026-06-13T01:06:21.977+08:00  WARN 35828 --- [uav-alarm-engine] [ntainer#0-0-C-1] com.uav.alarm.kafka.TelemetryConsumer    : ALARM: [CRITICAL] 地形碰撞 | 地形碰撞风险 | drone=null | pos=(39.930103331310306,116.3629324152348)
2026-06-13T01:06:21.978+08:00  WARN 35828 --- [uav-alarm-engine] [ntainer#0-0-C-1] com.uav.alarm.kafka.TelemetryConsumer    : ALARM: [CRITICAL] 地形碰撞 | 地形碰撞风险 | drone=null | pos=(40.02702798853612,116.15143900359507)
2026-06-13T01:06:21.979+08:00  WARN 35828 --- [uav-alarm-engine] [ntainer#0-0-C-1] com.uav.alarm.kafka.TelemetryConsumer    : ALARM: [CRITICAL] 地形碰撞 | 地形碰撞风险 | drone=null | pos=(40.05208813058605,116.58636524333222)
2026-06-13T01:06:21.980+08:00  WARN 35828 --- [uav-alarm-engine] [ntainer#0-0-C-1] com.uav.alarm.kafka.TelemetryConsumer    : ALARM: [CRITICAL] 地形碰撞 | 地形碰撞风险 | drone=null | pos=(39.806720530580165,116.51269603121024)
2026-06-13T01:06:21.981+08:00  WARN 35828 --- [uav-alarm-engine] [ntainer#0-0-C-1] com.uav.alarm.kafka.TelemetryConsumer    : ALARM: [CRITICAL] 地形碰撞 | 地形碰撞风险 | drone=null | pos=(39.84586488062497,116.2022771464058)
2026-06-13T01:06:21.982+08:00  WARN 35828 --- [uav-alarm-engine] [ntainer#0-0-C-1] com.uav.alarm.kafka.TelemetryConsumer    : ALARM: [CRITICAL] 地形碰撞 | 地形碰撞风险 | drone=null | pos=(39.709624500774524,116.28180201628112)
2026-06-13T01:06:21.983+08:00  WARN 35828 --- [uav-alarm-engine] [ntainer#0-0-C-1] com.uav.alarm.kafka.TelemetryConsumer    : ALARM: [CRITICAL] 地形碰撞 | 地形碰撞风险 | drone=null | pos=(39.82066243557909,116.1486852085661)
2026-06-13T01:06:21.984+08:00  WARN 35828 --- [uav-alarm-engine] [ntainer#0-0-C-1] com.uav.alarm.kafka.TelemetryConsumer    : ALARM: [CRITICAL] 地形碰撞 | 地形碰撞风险 | drone=null | pos=(40.00534519510098,116.40949170290615)
2026-06-13T01:06:21.985+08:00  WARN 35828 --- [uav-alarm-engine] [ntainer#0-0-C-1] com.uav.alarm.kafka.TelemetryConsumer    : ALARM: [CRITICAL] 地形碰撞 | 地形碰撞风险 | drone=null | pos=(39.976222390631456,116.40306183119797)
2026-06-13T01:06:21.986+08:00  WARN 35828 --- [uav-alarm-engine] [ntainer#0-0-C-1] com.uav.alarm.kafka.TelemetryConsumer    : ALARM: [CRITICAL] 地形碰撞 | 地形碰撞风险 | drone=null | pos=(39.883593599250666,116.84854994161512)
2026-06-13T01:06:21.987+08:00  WARN 35828 --- [uav-alarm-engine] [ntainer#0-0-C-1] com.uav.alarm.kafka.TelemetryConsumer    : ALARM: [CRITICAL] 地形碰撞 | 地形碰撞风险 | drone=null | pos=(40.128736441626664,116.10292019872371)
2026-06-13T01:06:21.988+08:00  WARN 35828 --- [uav-alarm-engine] [ntainer#0-0-C-1] com.uav.alarm.kafka.TelemetryConsumer    : ALARM: [CRITICAL] 地形碰撞 | 地形碰撞风险 | drone=null | pos=(39.58643441583526,116.58328959650567)
2026-06-13T01:06:21.989+08:00  WARN 35828 --- [uav-alarm-engine] [ntainer#0-0-C-1] com.uav.alarm.kafka.TelemetryConsumer    : ALARM: [CRITICAL] 地形碰撞 | 地形碰撞风险 | drone=null | pos=(39.9482521032993,116.40507245229215)
2026-06-13T01:06:21.990+08:00  WARN 35828 --- [uav-alarm-engine] [ntainer#0-0-C-1] com.uav.alarm.kafka.TelemetryConsumer    : ALARM: [CRITICAL] 地形碰撞 | 地形碰撞风险 | drone=null | pos=(39.60157237604504,116.37568623760266)
2026-06-13T01:06:21.991+08:00  WARN 35828 --- [uav-alarm-engine] [ntainer#0-0-C-1] com.uav.alarm.kafka.TelemetryConsumer    : ALARM: [CRITICAL] 地形碰撞 | 地形碰撞风险 | drone=null | pos=(39.82379264884631,116.34680740330673)
2026-06-13T01:06:21.992+08:00  WARN 35828 --- [uav-alarm-engine] [ntainer#0-0-C-1] com.uav.alarm.kafka.TelemetryConsumer    : ALARM: [CRITICAL] 地形碰撞 | 地形碰撞风险 | drone=null | pos=(40.0720299200079,116.04112117477185)
2026-06-13T01:06:21.993+08:00  WARN 35828 --- [uav-alarm-engine] [ntainer#0-0-C-1] com.uav.alarm.kafka.TelemetryConsumer    : ALARM: [CRITICAL] 地形碰撞 | 地形碰撞风险 | drone=null | pos=(39.87909683064481,116.11178959207413)
2026-06-13T01:06:21.995+08:00  WARN 35828 --- [uav-alarm-engine] [ntainer#0-0-C-1] com.uav.alarm.kafka.TelemetryConsumer    : ALARM: [CRITICAL] 地形碰撞 | 地形碰撞风险 | drone=null | pos=(40.070941907698604,116.39302221641604)
2026-06-13T01:06:21.996+08:00  WARN 35828 --- [uav-alarm-engine] [ntainer#0-0-C-1] com.uav.alarm.kafka.TelemetryConsumer    : ALARM: [CRITICAL] 地形碰撞 | 地形碰撞风险 | drone=null | pos=(39.65749736717017,116.62084212143915)
2026-06-13T01:06:21.996+08:00  WARN 35828 --- [uav-alarm-engine] [ntainer#0-0-C-1] com.uav.alarm.kafka.TelemetryConsumer    : ALARM: [CRITICAL] 地形碰撞 | 地形碰撞风险 | drone=null | pos=(39.60254321199109,116.4159107390774)
2026-06-13T01:06:21.998+08:00  WARN 35828 --- [uav-alarm-engine] [ntainer#0-0-C-1] com.uav.alarm.kafka.TelemetryConsumer    : ALARM: [CRITICAL] 地形碰撞 | 地形碰撞风险 | drone=null | pos=(39.82786405357947,116.41794519375296)
2026-06-13T01:06:21.999+08:00  WARN 35828 --- [uav-alarm-engine] [ntainer#0-0-C-1] com.uav.alarm.kafka.TelemetryConsumer    : ALARM: [CRITICAL] 地形碰撞 | 地形碰撞风险 | drone=null | pos=(39.957188271534314,115.96751197881174)
2026-06-13T01:06:22.000+08:00  WARN 35828 --- [uav-alarm-engine] [ntainer#0-0-C-1] com.uav.alarm.kafka.TelemetryConsumer    : ALARM: [CRITICAL] 地形碰撞 | 地形碰撞风险 | drone=null | pos=(39.68010531454943,116.56581415932632)
2026-06-13T01:06:22.000+08:00  WARN 35828 --- [uav-alarm-engine] [ntainer#0-0-C-1] com.uav.alarm.kafka.TelemetryConsumer    : ALARM: [CRITICAL] 地形碰撞 | 地形碰撞风险 | drone=null | pos=(40.16923896262301,116.3658007815687)
2026-06-13T01:06:22.002+08:00  WARN 35828 --- [uav-alarm-engine] [ntainer#0-0-C-1] com.uav.alarm.kafka.TelemetryConsumer    : ALARM: [CRITICAL] 地形碰撞 | 地形碰撞风险 | drone=null | pos=(39.97297023913277,116.25395034284608)
2026-06-13T01:06:22.003+08:00  WARN 35828 --- [uav-alarm-engine] [ntainer#0-0-C-1] com.uav.alarm.kafka.TelemetryConsumer    : ALARM: [CRITICAL] 地形碰撞 | 地形碰撞风险 | drone=null | pos=(39.81738141733555,116.43443311443787)
2026-06-13T01:06:22.004+08:00  WARN 35828 --- [uav-alarm-engine] [ntainer#0-0-C-1] com.uav.alarm.kafka.TelemetryConsumer    : ALARM: [CRITICAL] 地形碰撞 | 地形碰撞风险 | drone=null | pos=(39.86224858116416,116.56163225494551)
2026-06-13T01:06:22.006+08:00  WARN 35828 --- [uav-alarm-engine] [ntainer#0-0-C-1] com.uav.alarm.kafka.TelemetryConsumer    : ALARM: [CRITICAL] 地形碰撞 | 地形碰撞风险 | drone=null | pos=(40.07315811200059,116.65514506529318)
2026-06-13T01:06:22.007+08:00  WARN 35828 --- [uav-alarm-engine] [ntainer#0-0-C-1] com.uav.alarm.kafka.TelemetryConsumer    : ALARM: [CRITICAL] 地形碰撞 | 地形碰撞风险 | drone=null | pos=(39.804456953564404,116.35064287693642)
2026-06-13T01:06:22.008+08:00  WARN 35828 --- [uav-alarm-engine] [ntainer#0-0-C-1] com.uav.alarm.kafka.TelemetryConsumer    : ALARM: [CRITICAL] 地形碰撞 | 地形碰撞风险 | drone=null | pos=(39.76445179224245,116.57977276313966)
2026-06-13T01:06:22.010+08:00  WARN 35828 --- [uav-alarm-engine] [ntainer#0-0-C-1] com.uav.alarm.kafka.TelemetryConsumer    : ALARM: [CRITICAL] 地形碰撞 | 地形碰撞风险 | drone=null | pos=(40.04908490164328,116.48948835443714)
2026-06-13T01:06:22.011+08:00  WARN 35828 --- [uav-alarm-engine] [ntainer#0-0-C-1] com.uav.alarm.kafka.TelemetryConsumer    : ALARM: [CRITICAL] 地形碰撞 | 地形碰撞风险 | drone=null | pos=(39.921558284139,116.64044006299821)
2026-06-13T01:06:22.012+08:00  WARN 35828 --- [uav-alarm-engine] [ntainer#0-0-C-1] com.uav.alarm.kafka.TelemetryConsumer    : ALARM: [CRITICAL] 地形碰撞 | 地形碰撞风险 | drone=null | pos=(39.638096747411545,116.57457149357397)
2026-06-13T01:06:22.014+08:00  WARN 35828 --- [uav-alarm-engine] [ntainer#0-0-C-1] com.uav.alarm.kafka.TelemetryConsumer    : ALARM: [CRITICAL] 地形碰撞 | 地形碰撞风险 | drone=null | pos=(39.761160516556195,116.23090600143502)
2026-06-13T01:06:22.015+08:00  WARN 35828 --- [uav-alarm-engine] [ntainer#0-0-C-1] com.uav.alarm.kafka.TelemetryConsumer    : ALARM: [CRITICAL] 地形碰撞 | 地形碰撞风险 | drone=null | pos=(39.76279658083475,116.75005143384737)
2026-06-13T01:06:22.016+08:00  WARN 35828 --- [uav-alarm-engine] [ntainer#0-0-C-1] com.uav.alarm.kafka.TelemetryConsumer    : ALARM: [CRITICAL] 地形碰撞 | 地形碰撞风险 | drone=null | pos=(39.718704132299564,116.06838833080351)
2026-06-13T01:06:22.016+08:00  WARN 35828 --- [uav-alarm-engine] [ntainer#0-0-C-1] com.uav.alarm.kafka.TelemetryConsumer    : ALARM: [CRITICAL] 地形碰撞 | 地形碰撞风险 | drone=null | pos=(39.955822780403864,116.42412444100917)
2026-06-13T01:06:22.018+08:00  WARN 35828 --- [uav-alarm-engine] [ntainer#0-0-C-1] com.uav.alarm.kafka.TelemetryConsumer    : ALARM: [CRITICAL] 地形碰撞 | 地形碰撞风险 | drone=null | pos=(39.9694564822617,116.43035609828858)
2026-06-13T01:06:22.020+08:00  WARN 35828 --- [uav-alarm-engine] [ntainer#0-0-C-1] com.uav.alarm.kafka.TelemetryConsumer    : ALARM: [CRITICAL] 地形碰撞 | 地形碰撞风险 | drone=null | pos=(39.83896982358213,116.3587718283388)
2026-06-13T01:06:22.022+08:00  WARN 35828 --- [uav-alarm-engine] [ntainer#0-0-C-1] com.uav.alarm.kafka.TelemetryConsumer    : ALARM: [CRITICAL] 地形碰撞 | 地形碰撞风险 | drone=null | pos=(39.79887097541552,116.4406700836323)
2026-06-13T01:06:22.023+08:00  WARN 35828 --- [uav-alarm-engine] [ntainer#0-0-C-1] com.uav.alarm.kafka.TelemetryConsumer    : ALARM: [CRITICAL] 地形碰撞 | 地形碰撞风险 | drone=null | pos=(40.025563817516655,116.58696495263439)
2026-06-13T01:06:22.024+08:00  WARN 35828 --- [uav-alarm-engine] [ntainer#0-0-C-1] com.uav.alarm.kafka.TelemetryConsumer    : ALARM: [CRITICAL] 地形碰撞 | 地形碰撞风险 | drone=null | pos=(39.575589627120586,116.29988199312825)
2026-06-13T01:06:22.024+08:00  WARN 35828 --- [uav-alarm-engine] [ntainer#0-0-C-1] com.uav.alarm.kafka.TelemetryConsumer    : ALARM: [CRITICAL] 地形碰撞 | 地形碰撞风险 | drone=null | pos=(39.9658981920518,116.78941763685495)
2026-06-13T01:06:22.026+08:00  WARN 35828 --- [uav-alarm-engine] [ntainer#0-0-C-1] com.uav.alarm.kafka.TelemetryConsumer    : ALARM: [CRITICAL] 地形碰撞 | 地形碰撞风险 | drone=null | pos=(40.08483953266359,116.40118844920144)
2026-06-13T01:06:22.027+08:00  WARN 35828 --- [uav-alarm-engine] [ntainer#0-0-C-1] com.uav.alarm.kafka.TelemetryConsumer    : ALARM: [CRITICAL] 地形碰撞 | 地形碰撞风险 | drone=null | pos=(39.97727032045586,116.59712805225794)
2026-06-13T01:06:22.027+08:00  WARN 35828 --- [uav-alarm-engine] [ntainer#0-0-C-1] com.uav.alarm.kafka.TelemetryConsumer    : ALARM: [CRITICAL] 地形碰撞 | 地形碰撞风险 | drone=null | pos=(39.77167479429318,116.31894090168122)
2026-06-13T01:06:22.028+08:00  WARN 35828 --- [uav-alarm-engine] [ntainer#0-0-C-1] com.uav.alarm.kafka.TelemetryConsumer    : ALARM: [CRITICAL] 地形碰撞 | 地形碰撞风险 | drone=null | pos=(40.01433251428293,116.38222916656309)
2026-06-13T01:06:22.029+08:00  WARN 35828 --- [uav-alarm-engine] [ntainer#0-0-C-1] com.uav.alarm.kafka.TelemetryConsumer    : ALARM: [CRITICAL] 地形碰撞 | 地形碰撞风险 | drone=null | pos=(40.13288902104404,116.5078301561625)
2026-06-13T01:06:22.030+08:00  WARN 35828 --- [uav-alarm-engine] [ntainer#0-0-C-1] com.uav.alarm.kafka.TelemetryConsumer    : ALARM: [CRITICAL] 地形碰撞 | 地形碰撞风险 | drone=null | pos=(39.674209479631,116.54891254246685)
2026-06-13T01:06:22.031+08:00  WARN 35828 --- [uav-alarm-engine] [ntainer#0-0-C-1] com.uav.alarm.kafka.TelemetryConsumer    : ALARM: [CRITICAL] 地形碰撞 | 地形碰撞风险 | drone=null | pos=(39.613195146863205,116.32928980183726)
2026-06-13T01:06:22.032+08:00  WARN 35828 --- [uav-alarm-engine] [ntainer#0-0-C-1] com.uav.alarm.kafka.TelemetryConsumer    : ALARM: [CRITICAL] 地形碰撞 | 地形碰撞风险 | drone=null | pos=(39.87471154115422,116.39397127819983)
2026-06-13T01:06:22.034+08:00  WARN 35828 --- [uav-alarm-engine] [ntainer#0-0-C-1] com.uav.alarm.kafka.TelemetryConsumer    : ALARM: [CRITICAL] 地形碰撞 | 地形碰撞风险 | drone=null | pos=(39.754665921180916,116.64877964816718)
2026-06-13T01:06:22.035+08:00  WARN 35828 --- [uav-alarm-engine] [ntainer#0-0-C-1] com.uav.alarm.kafka.TelemetryConsumer    : ALARM: [CRITICAL] 地形碰撞 | 地形碰撞风险 | drone=null | pos=(39.859686401233695,116.3636146719328)
2026-06-13T01:06:22.036+08:00  WARN 35828 --- [uav-alarm-engine] [ntainer#0-0-C-1] com.uav.alarm.kafka.TelemetryConsumer    : ALARM: [CRITICAL] 地形碰撞 | 地形碰撞风险 | drone=null | pos=(40.100380512238296,116.57988201188861)
2026-06-13T01:06:22.037+08:00  WARN 35828 --- [uav-alarm-engine] [ntainer#0-0-C-1] com.uav.alarm.kafka.TelemetryConsumer    : ALARM: [CRITICAL] 地形碰撞 | 地形碰撞风险 | drone=null | pos=(39.782253964537375,116.63781894760892)
2026-06-13T01:06:22.038+08:00  WARN 35828 --- [uav-alarm-engine] [ntainer#0-0-C-1] com.uav.alarm.kafka.TelemetryConsumer    : ALARM: [CRITICAL] 地形碰撞 | 地形碰撞风险 | drone=null | pos=(39.997924409819106,116.41238308505498)
2026-06-13T01:06:22.039+08:00  WARN 35828 --- [uav-alarm-engine] [ntainer#0-0-C-1] com.uav.alarm.kafka.TelemetryConsumer    : ALARM: [CRITICAL] 地形碰撞 | 地形碰撞风险 | drone=null | pos=(40.126555918915216,116.37108658380134)
2026-06-13T01:06:22.039+08:00  WARN 35828 --- [uav-alarm-engine] [ntainer#0-0-C-1] com.uav.alarm.kafka.TelemetryConsumer    : ALARM: [CRITICAL] 地形碰撞 | 地形碰撞风险 | drone=null | pos=(39.919542876859616,116.42553872288708)
2026-06-13T01:06:22.040+08:00  WARN 35828 --- [uav-alarm-engine] [ntainer#0-0-C-1] com.uav.alarm.kafka.TelemetryConsumer    : ALARM: [CRITICAL] 地形碰撞 | 地形碰撞风险 | drone=null | pos=(39.87637143493776,116.50366682580767)
2026-06-13T01:06:22.042+08:00  WARN 35828 --- [uav-alarm-engine] [ntainer#0-0-C-1] com.uav.alarm.kafka.TelemetryConsumer    : ALARM: [CRITICAL] 地形碰撞 | 地形碰撞风险 | drone=null | pos=(40.151254999338086,116.47042986908494)
2026-06-13T01:06:22.042+08:00  WARN 35828 --- [uav-alarm-engine] [ntainer#0-0-C-1] com.uav.alarm.kafka.TelemetryConsumer    : ALARM: [CRITICAL] 地形碰撞 | 地形碰撞风险 | drone=null | pos=(39.849434152804136,116.77095171913788)
2026-06-13T01:06:22.044+08:00  WARN 35828 --- [uav-alarm-engine] [ntainer#0-0-C-1] com.uav.alarm.kafka.TelemetryConsumer    : ALARM: [CRITICAL] 地形碰撞 | 地形碰撞风险 | drone=null | pos=(39.62175460717243,116.6233618910151)
2026-06-13T01:06:22.045+08:00  WARN 35828 --- [uav-alarm-engine] [ntainer#0-0-C-1] com.uav.alarm.kafka.TelemetryConsumer    : ALARM: [CRITICAL] 地形碰撞 | 地形碰撞风险 | drone=null | pos=(39.83634993651108,116.22346619533717)
2026-06-13T01:06:22.046+08:00  WARN 35828 --- [uav-alarm-engine] [ntainer#0-0-C-1] com.uav.alarm.kafka.TelemetryConsumer    : ALARM: [CRITICAL] 地形碰撞 | 地形碰撞风险 | drone=null | pos=(40.2229692246941,116.57016579529348)
2026-06-13T01:06:22.047+08:00  WARN 35828 --- [uav-alarm-engine] [ntainer#0-0-C-1] com.uav.alarm.kafka.TelemetryConsumer    : ALARM: [CRITICAL] 地形碰撞 | 地形碰撞风险 | drone=null | pos=(40.02179986336649,116.46526533379246)
2026-06-13T01:06:22.047+08:00  WARN 35828 --- [uav-alarm-engine] [ntainer#0-0-C-1] com.uav.alarm.kafka.TelemetryConsumer    : ALARM: [CRITICAL] 地形碰撞 | 地形碰撞风险 | drone=null | pos=(39.98137151765574,116.73339680102153)
2026-06-13T01:06:22.047+08:00  WARN 35828 --- [uav-alarm-engine] [ntainer#0-0-C-1] com.uav.alarm.kafka.TelemetryConsumer    : ALARM: [CRITICAL] 地形碰撞 | 地形碰撞风险 | drone=null | pos=(40.02285529922445,116.6215042694324)
2026-06-13T01:06:22.050+08:00  WARN 35828 --- [uav-alarm-engine] [ntainer#0-0-C-1] com.uav.alarm.kafka.TelemetryConsumer    : ALARM: [CRITICAL] 地形碰撞 | 地形碰撞风险 | drone=null | pos=(40.223192219660966,116.55980330314264)
2026-06-13T01:06:22.051+08:00  WARN 35828 --- [uav-alarm-engine] [ntainer#0-0-C-1] com.uav.alarm.kafka.TelemetryConsumer    : ALARM: [CRITICAL] 地形碰撞 | 地形碰撞风险 | drone=null | pos=(39.89356034596292,116.38032736847826)
2026-06-13T01:06:22.052+08:00  WARN 35828 --- [uav-alarm-engine] [ntainer#0-0-C-1] com.uav.alarm.kafka.TelemetryConsumer    : ALARM: [CRITICAL] 地形碰撞 | 地形碰撞风险 | drone=null | pos=(39.89891506994611,116.43411308835196)
2026-06-13T01:06:22.053+08:00  WARN 35828 --- [uav-alarm-engine] [ntainer#0-0-C-1] com.uav.alarm.kafka.TelemetryConsumer    : ALARM: [CRITICAL] 地形碰撞 | 地形碰撞风险 | drone=null | pos=(39.82362949451509,116.50443479518947)
2026-06-13T01:06:22.054+08:00  WARN 35828 --- [uav-alarm-engine] [ntainer#0-0-C-1] com.uav.alarm.kafka.TelemetryConsumer    : ALARM: [CRITICAL] 地形碰撞 | 地形碰撞风险 | drone=null | pos=(39.86383026046622,116.43479766560236)
2026-06-13T01:06:22.054+08:00  WARN 35828 --- [uav-alarm-engine] [ntainer#0-0-C-1] com.uav.alarm.kafka.TelemetryConsumer    : ALARM: [CRITICAL] 地形碰撞 | 地形碰撞风险 | drone=null | pos=(39.93170733304179,116.43644229914)
2026-06-13T01:06:22.056+08:00  WARN 35828 --- [uav-alarm-engine] [ntainer#0-0-C-1] com.uav.alarm.kafka.TelemetryConsumer    : ALARM: [CRITICAL] 地形碰撞 | 地形碰撞风险 | drone=null | pos=(39.722952669828274,116.0110622940286)
2026-06-13T01:06:22.057+08:00  WARN 35828 --- [uav-alarm-engine] [ntainer#0-0-C-1] com.uav.alarm.kafka.TelemetryConsumer    : ALARM: [CRITICAL] 地形碰撞 | 地形碰撞风险 | drone=null | pos=(39.79652757186705,116.34124196847442)
2026-06-13T01:06:22.058+08:00  WARN 35828 --- [uav-alarm-engine] [ntainer#0-0-C-1] com.uav.alarm.kafka.TelemetryConsumer    : ALARM: [CRITICAL] 地形碰撞 | 地形碰撞风险 | drone=null | pos=(39.79320479123265,116.3788301515688)
2026-06-13T01:06:22.059+08:00  WARN 35828 --- [uav-alarm-engine] [ntainer#0-0-C-1] com.uav.alarm.kafka.TelemetryConsumer    : ALARM: [CRITICAL] 地形碰撞 | 地形碰撞风险 | drone=null | pos=(39.907092220761776,116.54496202045584)
2026-06-13T01:06:22.060+08:00  WARN 35828 --- [uav-alarm-engine] [ntainer#0-0-C-1] com.uav.alarm.kafka.TelemetryConsumer    : ALARM: [CRITICAL] 地形碰撞 | 地形碰撞风险 | drone=null | pos=(39.843621050543305,116.72326776543483)
2026-06-13T01:06:22.061+08:00  WARN 35828 --- [uav-alarm-engine] [ntainer#0-0-C-1] com.uav.alarm.kafka.TelemetryConsumer    : ALARM: [CRITICAL] 地形碰撞 | 地形碰撞风险 | drone=null | pos=(39.884577948643894,116.36152451708134)
2026-06-13T01:06:22.063+08:00  WARN 35828 --- [uav-alarm-engine] [ntainer#0-0-C-1] com.uav.alarm.kafka.TelemetryConsumer    : ALARM: [CRITICAL] 地形碰撞 | 地形碰撞风险 | drone=null | pos=(39.80193808649434,116.15765735438009)
2026-06-13T01:06:22.063+08:00  WARN 35828 --- [uav-alarm-engine] [ntainer#0-0-C-1] com.uav.alarm.kafka.TelemetryConsumer    : ALARM: [CRITICAL] 地形碰撞 | 地形碰撞风险 | drone=null | pos=(39.96943977871964,116.82359918796618)
2026-06-13T01:06:22.065+08:00  WARN 35828 --- [uav-alarm-engine] [ntainer#0-0-C-1] com.uav.alarm.kafka.TelemetryConsumer    : ALARM: [CRITICAL] 地形碰撞 | 地形碰撞风险 | drone=null | pos=(39.87938851400548,116.4443135713512)
2026-06-13T01:06:22.066+08:00  WARN 35828 --- [uav-alarm-engine] [ntainer#0-0-C-1] com.uav.alarm.kafka.TelemetryConsumer    : ALARM: [CRITICAL] 地形碰撞 | 地形碰撞风险 | drone=null | pos=(39.9984061439727,116.38221243340533)
2026-06-13T01:06:22.067+08:00  WARN 35828 --- [uav-alarm-engine] [ntainer#0-0-C-1] com.uav.alarm.kafka.TelemetryConsumer    : ALARM: [CRITICAL] 地形碰撞 | 地形碰撞风险 | drone=null | pos=(39.75530348485746,116.70950714963955)
2026-06-13T01:06:22.068+08:00  WARN 35828 --- [uav-alarm-engine] [ntainer#0-0-C-1] com.uav.alarm.kafka.TelemetryConsumer    : ALARM: [CRITICAL] 地形碰撞 | 地形碰撞风险 | drone=null | pos=(39.95663474644492,116.4200982462856)
2026-06-13T01:06:22.070+08:00  WARN 35828 --- [uav-alarm-engine] [ntainer#0-0-C-1] com.uav.alarm.kafka.TelemetryConsumer    : ALARM: [CRITICAL] 地形碰撞 | 地形碰撞风险 | drone=null | pos=(40.06984293148474,115.99037105825064)
2026-06-13T01:06:22.071+08:00  WARN 35828 --- [uav-alarm-engine] [ntainer#0-0-C-1] com.uav.alarm.kafka.TelemetryConsumer    : ALARM: [CRITICAL] 地形碰撞 | 地形碰撞风险 | drone=null | pos=(39.92968566357564,116.21106735891576)
2026-06-13T01:06:22.072+08:00  WARN 35828 --- [uav-alarm-engine] [ntainer#0-0-C-1] com.uav.alarm.kafka.TelemetryConsumer    : ALARM: [CRITICAL] 地形碰撞 | 地形碰撞风险 | drone=null | pos=(39.63371932327462,116.17286060550218)
2026-06-13T01:06:22.074+08:00  WARN 35828 --- [uav-alarm-engine] [ntainer#0-0-C-1] com.uav.alarm.kafka.TelemetryConsumer    : ALARM: [CRITICAL] 地形碰撞 | 地形碰撞风险 | drone=null | pos=(39.99760812531594,116.23361509469122)
2026-06-13T01:06:22.074+08:00  WARN 35828 --- [uav-alarm-engine] [ntainer#0-0-C-1] com.uav.alarm.kafka.TelemetryConsumer    : ALARM: [CRITICAL] 地形碰撞 | 地形碰撞风险 | drone=null | pos=(40.2351610970068,116.25832129504062)
2026-06-13T01:06:22.075+08:00  WARN 35828 --- [uav-alarm-engine] [ntainer#0-0-C-1] com.uav.alarm.kafka.TelemetryConsumer    : ALARM: [CRITICAL] 地形碰撞 | 地形碰撞风险 | drone=null | pos=(39.775041775787344,116.27939204663627)
2026-06-13T01:06:22.076+08:00  WARN 35828 --- [uav-alarm-engine] [ntainer#0-0-C-1] com.uav.alarm.kafka.TelemetryConsumer    : ALARM: [CRITICAL] 地形碰撞 | 地形碰撞风险 | drone=null | pos=(39.88070733567615,116.16139285552259)
2026-06-13T01:06:22.078+08:00  WARN 35828 --- [uav-alarm-engine] [ntainer#0-0-C-1] com.uav.alarm.kafka.TelemetryConsumer    : ALARM: [CRITICAL] 地形碰撞 | 地形碰撞风险 | drone=null | pos=(39.88607028661551,116.83139121824281)
2026-06-13T01:06:22.079+08:00  WARN 35828 --- [uav-alarm-engine] [ntainer#0-0-C-1] com.uav.alarm.kafka.TelemetryConsumer    : ALARM: [CRITICAL] 地形碰撞 | 地形碰撞风险 | drone=null | pos=(39.88965776899934,116.45245355042597)
2026-06-13T01:06:22.080+08:00  WARN 35828 --- [uav-alarm-engine] [ntainer#0-0-C-1] com.uav.alarm.kafka.TelemetryConsumer    : ALARM: [CRITICAL] 地形碰撞 | 地形碰撞风险 | drone=null | pos=(39.80216219958711,116.23024654440408)
2026-06-13T01:06:22.081+08:00  WARN 35828 --- [uav-alarm-engine] [ntainer#0-0-C-1] com.uav.alarm.kafka.TelemetryConsumer    : ALARM: [CRITICAL] 地形碰撞 | 地形碰撞风险 | drone=null | pos=(40.186137703833495,116.46946395801194)
2026-06-13T01:06:22.082+08:00  WARN 35828 --- [uav-alarm-engine] [ntainer#0-0-C-1] com.uav.alarm.kafka.TelemetryConsumer    : ALARM: [CRITICAL] 地形碰撞 | 地形碰撞风险 | drone=null | pos=(39.88602156130757,116.19953198751203)
2026-06-13T01:06:22.084+08:00  WARN 35828 --- [uav-alarm-engine] [ntainer#0-0-C-1] com.uav.alarm.kafka.TelemetryConsumer    : ALARM: [CRITICAL] 地形碰撞 | 地形碰撞风险 | drone=null | pos=(39.96069135062846,116.49077825662924)
2026-06-13T01:06:22.085+08:00  WARN 35828 --- [uav-alarm-engine] [ntainer#0-0-C-1] com.uav.alarm.kafka.TelemetryConsumer    : ALARM: [CRITICAL] 地形碰撞 | 地形碰撞风险 | drone=null | pos=(40.08844277757195,116.49430931793083)
2026-06-13T01:06:22.086+08:00  WARN 35828 --- [uav-alarm-engine] [ntainer#0-0-C-1] com.uav.alarm.kafka.TelemetryConsumer    : ALARM: [CRITICAL] 地形碰撞 | 地形碰撞风险 | drone=null | pos=(40.19404856138832,116.17913225752163)
2026-06-13T01:06:22.087+08:00  WARN 35828 --- [uav-alarm-engine] [ntainer#0-0-C-1] com.uav.alarm.kafka.TelemetryConsumer    : ALARM: [CRITICAL] 地形碰撞 | 地形碰撞风险 | drone=null | pos=(39.95172547989621,116.53171165840205)
2026-06-13T01:06:22.088+08:00  WARN 35828 --- [uav-alarm-engine] [ntainer#0-0-C-1] com.uav.alarm.kafka.TelemetryConsumer    : ALARM: [CRITICAL] 地形碰撞 | 地形碰撞风险 | drone=null | pos=(39.86713505727281,116.70753915097475)
2026-06-13T01:06:22.088+08:00  WARN 35828 --- [uav-alarm-engine] [ntainer#0-0-C-1] com.uav.alarm.kafka.TelemetryConsumer    : ALARM: [CRITICAL] 地形碰撞 | 地形碰撞风险 | drone=null | pos=(39.69093634469698,116.3390919241356)
2026-06-13T01:06:22.090+08:00  WARN 35828 --- [uav-alarm-engine] [ntainer#0-0-C-1] com.uav.alarm.kafka.TelemetryConsumer    : ALARM: [CRITICAL] 地形碰撞 | 地形碰撞风险 | drone=null | pos=(40.17178749205343,116.29681543853951)
2026-06-13T01:06:22.090+08:00  WARN 35828 --- [uav-alarm-engine] [ntainer#0-0-C-1] com.uav.alarm.kafka.TelemetryConsumer    : ALARM: [CRITICAL] 地形碰撞 | 地形碰撞风险 | drone=null | pos=(39.669843439647856,116.51474800045209)
2026-06-13T01:06:22.090+08:00  WARN 35828 --- [uav-alarm-engine] [ntainer#0-0-C-1] com.uav.alarm.kafka.TelemetryConsumer    : ALARM: [CRITICAL] 地形碰撞 | 地形碰撞风险 | drone=null | pos=(39.82711301965917,116.13154932226752)
2026-06-13T01:06:22.092+08:00  WARN 35828 --- [uav-alarm-engine] [ntainer#0-0-C-1] com.uav.alarm.kafka.TelemetryConsumer    : ALARM: [CRITICAL] 地形碰撞 | 地形碰撞风险 | drone=null | pos=(40.0119862376981,116.57585758699021)
2026-06-13T01:06:22.093+08:00  WARN 35828 --- [uav-alarm-engine] [ntainer#0-0-C-1] com.uav.alarm.kafka.TelemetryConsumer    : ALARM: [CRITICAL] 地形碰撞 | 地形碰撞风险 | drone=null | pos=(39.91655370328233,116.3933768509234)
2026-06-13T01:06:22.094+08:00  WARN 35828 --- [uav-alarm-engine] [ntainer#0-0-C-1] com.uav.alarm.kafka.TelemetryConsumer    : ALARM: [CRITICAL] 地形碰撞 | 地形碰撞风险 | drone=null | pos=(40.23654710039102,116.42018789937666)
2026-06-13T01:06:22.094+08:00  WARN 35828 --- [uav-alarm-engine] [ntainer#0-0-C-1] com.uav.alarm.kafka.TelemetryConsumer    : ALARM: [CRITICAL] 地形碰撞 | 地形碰撞风险 | drone=null | pos=(39.945533833938725,116.26286946615518)
2026-06-13T01:06:22.096+08:00  WARN 35828 --- [uav-alarm-engine] [ntainer#0-0-C-1] com.uav.alarm.kafka.TelemetryConsumer    : ALARM: [CRITICAL] 地形碰撞 | 地形碰撞风险 | drone=null | pos=(39.91487476620933,116.51177366909886)
2026-06-13T01:06:22.097+08:00  WARN 35828 --- [uav-alarm-engine] [ntainer#0-0-C-1] com.uav.alarm.kafka.TelemetryConsumer    : ALARM: [CRITICAL] 地形碰撞 | 地形碰撞风险 | drone=null | pos=(39.92903108027001,116.29412556411114)
2026-06-13T01:06:22.099+08:00  WARN 35828 --- [uav-alarm-engine] [ntainer#0-0-C-1] com.uav.alarm.kafka.TelemetryConsumer    : ALARM: [CRITICAL] 地形碰撞 | 地形碰撞风险 | drone=null | pos=(39.694641831121935,116.29591528697316)
2026-06-13T01:06:22.099+08:00  WARN 35828 --- [uav-alarm-engine] [ntainer#0-0-C-1] com.uav.alarm.kafka.TelemetryConsumer    : ALARM: [CRITICAL] 地形碰撞 | 地形碰撞风险 | drone=null | pos=(39.83779684911817,116.59815501665445)
2026-06-13T01:06:22.101+08:00  WARN 35828 --- [uav-alarm-engine] [ntainer#0-0-C-1] com.uav.alarm.kafka.TelemetryConsumer    : ALARM: [CRITICAL] 地形碰撞 | 地形碰撞风险 | drone=null | pos=(39.97298565268607,116.50902399531357)
2026-06-13T01:06:22.101+08:00  WARN 35828 --- [uav-alarm-engine] [ntainer#0-0-C-1] com.uav.alarm.kafka.TelemetryConsumer    : ALARM: [CRITICAL] 地形碰撞 | 地形碰撞风险 | drone=null | pos=(39.647962584677025,116.19005483467673)
2026-06-13T01:06:22.101+08:00  WARN 35828 --- [uav-alarm-engine] [ntainer#0-0-C-1] com.uav.alarm.kafka.TelemetryConsumer    : ALARM: [CRITICAL] 地形碰撞 | 地形碰撞风险 | drone=null | pos=(39.95675590074261,116.4121525626536)
2026-06-13T01:06:22.103+08:00  WARN 35828 --- [uav-alarm-engine] [ntainer#0-0-C-1] com.uav.alarm.kafka.TelemetryConsumer    : ALARM: [CRITICAL] 地形碰撞 | 地形碰撞风险 | drone=null | pos=(40.0072792441131,116.68406888579774)
2026-06-13T01:06:22.104+08:00  WARN 35828 --- [uav-alarm-engine] [ntainer#0-0-C-1] com.uav.alarm.kafka.TelemetryConsumer    : ALARM: [CRITICAL] 地形碰撞 | 地形碰撞风险 | drone=null | pos=(40.098866308758105,116.45166280430816)
2026-06-13T01:06:22.105+08:00  WARN 35828 --- [uav-alarm-engine] [ntainer#0-0-C-1] com.uav.alarm.kafka.TelemetryConsumer    : ALARM: [CRITICAL] 地形碰撞 | 地形碰撞风险 | drone=null | pos=(39.75746289171386,116.38198815591691)
2026-06-13T01:06:22.106+08:00  WARN 35828 --- [uav-alarm-engine] [ntainer#0-0-C-1] com.uav.alarm.kafka.TelemetryConsumer    : ALARM: [CRITICAL] 地形碰撞 | 地形碰撞风险 | drone=null | pos=(39.98353193695446,116.78220997243774)
2026-06-13T01:06:22.107+08:00  WARN 35828 --- [uav-alarm-engine] [ntainer#0-0-C-1] com.uav.alarm.kafka.TelemetryConsumer    : ALARM: [CRITICAL] 地形碰撞 | 地形碰撞风险 | drone=null | pos=(39.77798912423149,116.07141881173746)
2026-06-13T01:06:22.108+08:00  WARN 35828 --- [uav-alarm-engine] [ntainer#0-0-C-1] com.uav.alarm.kafka.TelemetryConsumer    : ALARM: [CRITICAL] 地形碰撞 | 地形碰撞风险 | drone=null | pos=(40.12049364071293,116.15951505914761)
2026-06-13T01:06:22.109+08:00  WARN 35828 --- [uav-alarm-engine] [ntainer#0-0-C-1] com.uav.alarm.kafka.TelemetryConsumer    : ALARM: [CRITICAL] 地形碰撞 | 地形碰撞风险 | drone=null | pos=(40.01974095239565,116.18875890189568)
2026-06-13T01:06:22.110+08:00  WARN 35828 --- [uav-alarm-engine] [ntainer#0-0-C-1] com.uav.alarm.kafka.TelemetryConsumer    : ALARM: [CRITICAL] 地形碰撞 | 地形碰撞风险 | drone=null | pos=(39.945858244660144,116.4388878906624)
2026-06-13T01:06:22.111+08:00  WARN 35828 --- [uav-alarm-engine] [ntainer#0-0-C-1] com.uav.alarm.kafka.TelemetryConsumer    : ALARM: [CRITICAL] 地形碰撞 | 地形碰撞风险 | drone=null | pos=(39.90692115377232,116.39914319166705)
2026-06-13T01:06:22.112+08:00  WARN 35828 --- [uav-alarm-engine] [ntainer#0-0-C-1] com.uav.alarm.kafka.TelemetryConsumer    : ALARM: [CRITICAL] 地形碰撞 | 地形碰撞风险 | drone=null | pos=(39.71188823220361,116.55720859390529)
2026-06-13T01:06:22.113+08:00  WARN 35828 --- [uav-alarm-engine] [ntainer#0-0-C-1] com.uav.alarm.kafka.TelemetryConsumer    : ALARM: [CRITICAL] 地形碰撞 | 地形碰撞风险 | drone=null | pos=(39.760027079939796,116.32535664021707)
2026-06-13T01:06:22.114+08:00  WARN 35828 --- [uav-alarm-engine] [ntainer#0-0-C-1] com.uav.alarm.kafka.TelemetryConsumer    : ALARM: [CRITICAL] 地形碰撞 | 地形碰撞风险 | drone=null | pos=(40.17939206294315,116.5888398489509)
2026-06-13T01:06:22.116+08:00  WARN 35828 --- [uav-alarm-engine] [ntainer#0-0-C-1] com.uav.alarm.kafka.TelemetryConsumer    : ALARM: [CRITICAL] 地形碰撞 | 地形碰撞风险 | drone=null | pos=(39.76329739386153,116.40213696437478)
2026-06-13T01:06:22.116+08:00  WARN 35828 --- [uav-alarm-engine] [ntainer#0-0-C-1] com.uav.alarm.kafka.TelemetryConsumer    : ALARM: [CRITICAL] 地形碰撞 | 地形碰撞风险 | drone=null | pos=(40.11273068623637,116.65226952227974)
2026-06-13T01:06:22.117+08:00  WARN 35828 --- [uav-alarm-engine] [ntainer#0-0-C-1] com.uav.alarm.kafka.TelemetryConsumer    : ALARM: [CRITICAL] 地形碰撞 | 地形碰撞风险 | drone=null | pos=(39.691859947574066,116.59668191258689)
2026-06-13T01:06:22.119+08:00  WARN 35828 --- [uav-alarm-engine] [ntainer#0-0-C-1] com.uav.alarm.kafka.TelemetryConsumer    : ALARM: [CRITICAL] 地形碰撞 | 地形碰撞风险 | drone=null | pos=(39.80925861705709,116.62613997909779)
2026-06-13T01:06:22.120+08:00  WARN 35828 --- [uav-alarm-engine] [ntainer#0-0-C-1] com.uav.alarm.kafka.TelemetryConsumer    : ALARM: [CRITICAL] 地形碰撞 | 地形碰撞风险 | drone=null | pos=(39.94779224545664,116.09717200576536)
2026-06-13T01:06:22.121+08:00  WARN 35828 --- [uav-alarm-engine] [ntainer#0-0-C-1] com.uav.alarm.kafka.TelemetryConsumer    : ALARM: [CRITICAL] 地形碰撞 | 地形碰撞风险 | drone=null | pos=(39.88692599616344,115.99320385049658)
2026-06-13T01:06:22.123+08:00  WARN 35828 --- [uav-alarm-engine] [ntainer#0-0-C-1] com.uav.alarm.kafka.TelemetryConsumer    : ALARM: [CRITICAL] 地形碰撞 | 地形碰撞风险 | drone=null | pos=(39.85505381182478,116.6605854054896)
2026-06-13T01:06:22.124+08:00  WARN 35828 --- [uav-alarm-engine] [ntainer#0-0-C-1] com.uav.alarm.kafka.TelemetryConsumer    : ALARM: [CRITICAL] 地形碰撞 | 地形碰撞风险 | drone=null | pos=(40.07323835755277,116.48890106942291)
2026-06-13T01:06:22.124+08:00  WARN 35828 --- [uav-alarm-engine] [ntainer#0-0-C-1] com.uav.alarm.kafka.TelemetryConsumer    : ALARM: [CRITICAL] 地形碰撞 | 地形碰撞风险 | drone=null | pos=(39.811167634128516,116.73728999072554)
2026-06-13T01:06:22.125+08:00  WARN 35828 --- [uav-alarm-engine] [ntainer#0-0-C-1] com.uav.alarm.kafka.TelemetryConsumer    : ALARM: [CRITICAL] 地形碰撞 | 地形碰撞风险 | drone=null | pos=(39.909751374823315,116.39002453641774)
2026-06-13T01:06:22.127+08:00  WARN 35828 --- [uav-alarm-engine] [ntainer#0-0-C-1] com.uav.alarm.kafka.TelemetryConsumer    : ALARM: [CRITICAL] 地形碰撞 | 地形碰撞风险 | drone=null | pos=(39.61654138351153,116.5061695913814)
2026-06-13T01:06:22.128+08:00  WARN 35828 --- [uav-alarm-engine] [ntainer#0-0-C-1] com.uav.alarm.kafka.TelemetryConsumer    : ALARM: [CRITICAL] 地形碰撞 | 地形碰撞风险 | drone=null | pos=(39.728042620142446,116.1306459896585)
2026-06-13T01:06:22.129+08:00  WARN 35828 --- [uav-alarm-engine] [ntainer#0-0-C-1] com.uav.alarm.kafka.TelemetryConsumer    : ALARM: [CRITICAL] 地形碰撞 | 地形碰撞风险 | drone=null | pos=(39.97413289750169,116.06610549113381)
2026-06-13T01:06:22.130+08:00  WARN 35828 --- [uav-alarm-engine] [ntainer#0-0-C-1] com.uav.alarm.kafka.TelemetryConsumer    : ALARM: [CRITICAL] 地形碰撞 | 地形碰撞风险 | drone=null | pos=(40.08965819829149,116.06334055955394)
2026-06-13T01:06:22.131+08:00  WARN 35828 --- [uav-alarm-engine] [ntainer#0-0-C-1] com.uav.alarm.kafka.TelemetryConsumer    : ALARM: [CRITICAL] 地形碰撞 | 地形碰撞风险 | drone=null | pos=(39.84057938241796,116.3187232818192)
2026-06-13T01:06:22.138+08:00  WARN 35828 --- [uav-alarm-engine] [ntainer#0-0-C-1] com.uav.alarm.kafka.TelemetryConsumer    : ALARM: [CRITICAL] 地形碰撞 | 地形碰撞风险 | drone=null | pos=(39.898011667516094,116.41350000642841)
2026-06-13T01:06:22.139+08:00  WARN 35828 --- [uav-alarm-engine] [ntainer#0-0-C-1] com.uav.alarm.kafka.TelemetryConsumer    : ALARM: [CRITICAL] 地形碰撞 | 地形碰撞风险 | drone=null | pos=(39.76852056348034,116.46940265245458)
2026-06-13T01:06:22.140+08:00  WARN 35828 --- [uav-alarm-engine] [ntainer#0-0-C-1] com.uav.alarm.kafka.TelemetryConsumer    : ALARM: [CRITICAL] 地形碰撞 | 地形碰撞风险 | drone=null | pos=(40.012863512152705,116.3010849046126)
2026-06-13T01:06:22.142+08:00  WARN 35828 --- [uav-alarm-engine] [ntainer#0-0-C-1] com.uav.alarm.kafka.TelemetryConsumer    : ALARM: [CRITICAL] 地形碰撞 | 地形碰撞风险 | drone=null | pos=(40.03485035915261,116.16164790526012)
2026-06-13T01:06:22.143+08:00  WARN 35828 --- [uav-alarm-engine] [ntainer#0-0-C-1] com.uav.alarm.kafka.TelemetryConsumer    : ALARM: [CRITICAL] 地形碰撞 | 地形碰撞风险 | drone=null | pos=(39.920957239641346,116.47155333230477)
2026-06-13T01:06:22.143+08:00  WARN 35828 --- [uav-alarm-engine] [ntainer#0-0-C-1] com.uav.alarm.kafka.TelemetryConsumer    : ALARM: [CRITICAL] 地形碰撞 | 地形碰撞风险 | drone=null | pos=(39.8441162515439,116.4485386716868)
2026-06-13T01:06:22.144+08:00  WARN 35828 --- [uav-alarm-engine] [ntainer#0-0-C-1] com.uav.alarm.kafka.TelemetryConsumer    : ALARM: [CRITICAL] 地形碰撞 | 地形碰撞风险 | drone=null | pos=(39.62835753117303,116.50779132732272)
2026-06-13T01:06:22.146+08:00  WARN 35828 --- [uav-alarm-engine] [ntainer#0-0-C-1] com.uav.alarm.kafka.TelemetryConsumer    : ALARM: [CRITICAL] 地形碰撞 | 地形碰撞风险 | drone=null | pos=(39.85982145666815,116.54325769620765)
2026-06-13T01:06:22.146+08:00  WARN 35828 --- [uav-alarm-engine] [ntainer#0-0-C-1] com.uav.alarm.kafka.TelemetryConsumer    : ALARM: [CRITICAL] 地形碰撞 | 地形碰撞风险 | drone=null | pos=(39.61324568999015,116.33201407316396)
2026-06-13T01:06:22.147+08:00  WARN 35828 --- [uav-alarm-engine] [ntainer#0-0-C-1] com.uav.alarm.kafka.TelemetryConsumer    : ALARM: [CRITICAL] 地形碰撞 | 地形碰撞风险 | drone=null | pos=(40.18416455810648,116.46098188606726)
2026-06-13T01:06:22.148+08:00  WARN 35828 --- [uav-alarm-engine] [ntainer#0-0-C-1] com.uav.alarm.kafka.TelemetryConsumer    : ALARM: [CRITICAL] 地形碰撞 | 地形碰撞风险 | drone=null | pos=(39.84155168818554,115.98795579309)
2026-06-13T01:06:22.149+08:00  WARN 35828 --- [uav-alarm-engine] [ntainer#0-0-C-1] com.uav.alarm.kafka.TelemetryConsumer    : ALARM: [CRITICAL] 地形碰撞 | 地形碰撞风险 | drone=null | pos=(40.04959832582802,116.42713243089217)
2026-06-13T01:06:22.150+08:00  WARN 35828 --- [uav-alarm-engine] [ntainer#0-0-C-1] com.uav.alarm.kafka.TelemetryConsumer    : ALARM: [CRITICAL] 地形碰撞 | 地形碰撞风险 | drone=null | pos=(39.97376090439384,116.46349673289106)
2026-06-13T01:06:22.151+08:00  WARN 35828 --- [uav-alarm-engine] [ntainer#0-0-C-1] com.uav.alarm.kafka.TelemetryConsumer    : ALARM: [CRITICAL] 地形碰撞 | 地形碰撞风险 | drone=null | pos=(40.100297295457274,116.5536243822729)
2026-06-13T01:06:22.151+08:00  WARN 35828 --- [uav-alarm-engine] [ntainer#0-0-C-1] com.uav.alarm.kafka.TelemetryConsumer    : ALARM: [CRITICAL] 地形碰撞 | 地形碰撞风险 | drone=null | pos=(39.833327201372505,116.79901965457908)
2026-06-13T01:06:22.152+08:00  WARN 35828 --- [uav-alarm-engine] [ntainer#0-0-C-1] com.uav.alarm.kafka.TelemetryConsumer    : ALARM: [CRITICAL] 地形碰撞 | 地形碰撞风险 | drone=null | pos=(39.8438966576996,116.70675128204967)
2026-06-13T01:06:22.153+08:00  WARN 35828 --- [uav-alarm-engine] [ntainer#0-0-C-1] com.uav.alarm.kafka.TelemetryConsumer    : ALARM: [CRITICAL] 地形碰撞 | 地形碰撞风险 | drone=null | pos=(39.91889496400481,116.39204178352111)
2026-06-13T01:06:22.154+08:00  WARN 35828 --- [uav-alarm-engine] [ntainer#0-0-C-1] com.uav.alarm.kafka.TelemetryConsumer    : ALARM: [CRITICAL] 地形碰撞 | 地形碰撞风险 | drone=null | pos=(39.77796400096543,116.38326077529999)
2026-06-13T01:06:22.155+08:00  WARN 35828 --- [uav-alarm-engine] [ntainer#0-0-C-1] com.uav.alarm.kafka.TelemetryConsumer    : ALARM: [CRITICAL] 地形碰撞 | 地形碰撞风险 | drone=null | pos=(39.87570074021457,116.2685009669057)
2026-06-13T01:06:22.155+08:00  WARN 35828 --- [uav-alarm-engine] [ntainer#0-0-C-1] com.uav.alarm.kafka.TelemetryConsumer    : ALARM: [CRITICAL] 地形碰撞 | 地形碰撞风险 | drone=null | pos=(39.870024591418854,116.46123632174788)
2026-06-13T01:06:22.156+08:00  WARN 35828 --- [uav-alarm-engine] [ntainer#0-0-C-1] com.uav.alarm.kafka.TelemetryConsumer    : ALARM: [CRITICAL] 地形碰撞 | 地形碰撞风险 | drone=null | pos=(39.991276498396594,116.69259372908564)
2026-06-13T01:06:22.157+08:00  WARN 35828 --- [uav-alarm-engine] [ntainer#0-0-C-1] com.uav.alarm.kafka.TelemetryConsumer    : ALARM: [CRITICAL] 地形碰撞 | 地形碰撞风险 | drone=null | pos=(39.91289153073494,116.36798570571786)
2026-06-13T01:06:22.158+08:00  WARN 35828 --- [uav-alarm-engine] [ntainer#0-0-C-1] com.uav.alarm.kafka.TelemetryConsumer    : ALARM: [CRITICAL] 地形碰撞 | 地形碰撞风险 | drone=null | pos=(39.84050636884567,116.61872112477516)
2026-06-13T01:06:22.159+08:00  WARN 35828 --- [uav-alarm-engine] [ntainer#0-0-C-1] com.uav.alarm.kafka.TelemetryConsumer    : ALARM: [CRITICAL] 地形碰撞 | 地形碰撞风险 | drone=null | pos=(39.72375410813736,116.02365749213395)
2026-06-13T01:06:22.160+08:00  WARN 35828 --- [uav-alarm-engine] [ntainer#0-0-C-1] com.uav.alarm.kafka.TelemetryConsumer    : ALARM: [CRITICAL] 地形碰撞 | 地形碰撞风险 | drone=null | pos=(40.01483837431579,116.66192674439824)
2026-06-13T01:06:22.161+08:00  WARN 35828 --- [uav-alarm-engine] [ntainer#0-0-C-1] com.uav.alarm.kafka.TelemetryConsumer    : ALARM: [CRITICAL] 地形碰撞 | 地形碰撞风险 | drone=null | pos=(39.840864267599684,116.74715774685077)
2026-06-13T01:06:22.161+08:00  WARN 35828 --- [uav-alarm-engine] [ntainer#0-0-C-1] com.uav.alarm.kafka.TelemetryConsumer    : ALARM: [CRITICAL] 地形碰撞 | 地形碰撞风险 | drone=null | pos=(40.165595773697035,116.69719721268942)
2026-06-13T01:06:22.163+08:00  WARN 35828 --- [uav-alarm-engine] [ntainer#0-0-C-1] com.uav.alarm.kafka.TelemetryConsumer    : ALARM: [CRITICAL] 地形碰撞 | 地形碰撞风险 | drone=null | pos=(40.146025208091416,116.70636144761015)
2026-06-13T01:06:22.164+08:00  WARN 35828 --- [uav-alarm-engine] [ntainer#0-0-C-1] com.uav.alarm.kafka.TelemetryConsumer    : ALARM: [CRITICAL] 地形碰撞 | 地形碰撞风险 | drone=null | pos=(39.87433956954111,116.49681554132023)
2026-06-13T01:06:22.165+08:00  WARN 35828 --- [uav-alarm-engine] [ntainer#0-0-C-1] com.uav.alarm.kafka.TelemetryConsumer    : ALARM: [CRITICAL] 地形碰撞 | 地形碰撞风险 | drone=null | pos=(39.80447537206691,116.82657877015887)
2026-06-13T01:06:22.166+08:00  WARN 35828 --- [uav-alarm-engine] [ntainer#0-0-C-1] com.uav.alarm.kafka.TelemetryConsumer    : ALARM: [CRITICAL] 地形碰撞 | 地形碰撞风险 | drone=null | pos=(39.88637609532459,116.34934063741794)
2026-06-13T01:06:22.170+08:00  WARN 35828 --- [uav-alarm-engine] [ntainer#0-0-C-1] com.uav.alarm.kafka.TelemetryConsumer    : ALARM: [CRITICAL] 地形碰撞 | 地形碰撞风险 | drone=null | pos=(39.83325831929926,116.46960315922459)
2026-06-13T01:06:22.172+08:00  WARN 35828 --- [uav-alarm-engine] [ntainer#0-0-C-1] com.uav.alarm.kafka.TelemetryConsumer    : ALARM: [CRITICAL] 地形碰撞 | 地形碰撞风险 | drone=null | pos=(39.98763519864709,116.44323621877454)
2026-06-13T01:06:22.173+08:00  WARN 35828 --- [uav-alarm-engine] [ntainer#0-0-C-1] com.uav.alarm.kafka.TelemetryConsumer    : ALARM: [CRITICAL] 地形碰撞 | 地形碰撞风险 | drone=null | pos=(39.663753634591934,116.65266266965264)
2026-06-13T01:06:22.174+08:00  WARN 35828 --- [uav-alarm-engine] [ntainer#0-0-C-1] com.uav.alarm.kafka.TelemetryConsumer    : ALARM: [CRITICAL] 地形碰撞 | 地形碰撞风险 | drone=null | pos=(39.90295764914956,116.4035553123423)
2026-06-13T01:06:22.175+08:00  WARN 35828 --- [uav-alarm-engine] [ntainer#0-0-C-1] com.uav.alarm.kafka.TelemetryConsumer    : ALARM: [CRITICAL] 地形碰撞 | 地形碰撞风险 | drone=null | pos=(39.888653326128,116.15509217582434)
2026-06-13T01:06:22.176+08:00  WARN 35828 --- [uav-alarm-engine] [ntainer#0-0-C-1] com.uav.alarm.kafka.TelemetryConsumer    : ALARM: [CRITICAL] 地形碰撞 | 地形碰撞风险 | drone=null | pos=(40.26086426983984,116.46290410327052)
2026-06-13T01:06:22.178+08:00  WARN 35828 --- [uav-alarm-engine] [ntainer#0-0-C-1] com.uav.alarm.kafka.TelemetryConsumer    : ALARM: [CRITICAL] 地形碰撞 | 地形碰撞风险 | drone=null | pos=(40.18853261023962,116.56246711809622)
2026-06-13T01:06:22.179+08:00  WARN 35828 --- [uav-alarm-engine] [ntainer#0-0-C-1] com.uav.alarm.kafka.TelemetryConsumer    : ALARM: [CRITICAL] 地形碰撞 | 地形碰撞风险 | drone=null | pos=(39.64256708326886,116.51196919557621)
2026-06-13T01:06:22.181+08:00  WARN 35828 --- [uav-alarm-engine] [ntainer#0-0-C-1] com.uav.alarm.kafka.TelemetryConsumer    : ALARM: [CRITICAL] 地形碰撞 | 地形碰撞风险 | drone=null | pos=(39.70102756448397,116.25539462236121)
2026-06-13T01:06:22.182+08:00  WARN 35828 --- [uav-alarm-engine] [ntainer#0-0-C-1] com.uav.alarm.kafka.TelemetryConsumer    : ALARM: [CRITICAL] 地形碰撞 | 地形碰撞风险 | drone=null | pos=(39.90422082796782,116.40765051345468)
2026-06-13T01:06:22.183+08:00  WARN 35828 --- [uav-alarm-engine] [ntainer#0-0-C-1] com.uav.alarm.kafka.TelemetryConsumer    : ALARM: [CRITICAL] 地形碰撞 | 地形碰撞风险 | drone=null | pos=(39.731745613473734,116.22515403962532)
2026-06-13T01:06:22.184+08:00  WARN 35828 --- [uav-alarm-engine] [ntainer#0-0-C-1] com.uav.alarm.kafka.TelemetryConsumer    : ALARM: [CRITICAL] 地形碰撞 | 地形碰撞风险 | drone=null | pos=(39.792860400308534,116.29697124195555)
2026-06-13T01:06:22.185+08:00  WARN 35828 --- [uav-alarm-engine] [ntainer#0-0-C-1] com.uav.alarm.kafka.TelemetryConsumer    : ALARM: [CRITICAL] 地形碰撞 | 地形碰撞风险 | drone=null | pos=(39.76444964875544,116.2684595594027)
2026-06-13T01:06:22.187+08:00  WARN 35828 --- [uav-alarm-engine] [ntainer#0-0-C-1] com.uav.alarm.kafka.TelemetryConsumer    : ALARM: [CRITICAL] 地形碰撞 | 地形碰撞风险 | drone=null | pos=(39.8270171843145,115.99452392388343)
2026-06-13T01:06:22.189+08:00  WARN 35828 --- [uav-alarm-engine] [ntainer#0-0-C-1] com.uav.alarm.kafka.TelemetryConsumer    : ALARM: [CRITICAL] 地形碰撞 | 地形碰撞风险 | drone=null | pos=(39.8935424092911,116.38734265246194)
2026-06-13T01:06:22.190+08:00  WARN 35828 --- [uav-alarm-engine] [ntainer#0-0-C-1] com.uav.alarm.kafka.TelemetryConsumer    : ALARM: [CRITICAL] 地形碰撞 | 地形碰撞风险 | drone=null | pos=(39.83548661415522,116.0955656820872)
2026-06-13T01:06:22.191+08:00  WARN 35828 --- [uav-alarm-engine] [ntainer#0-0-C-1] com.uav.alarm.kafka.TelemetryConsumer    : ALARM: [CRITICAL] 地形碰撞 | 地形碰撞风险 | drone=null | pos=(39.891456732518044,116.24255220706348)
2026-06-13T01:06:22.192+08:00  WARN 35828 --- [uav-alarm-engine] [ntainer#0-0-C-1] com.uav.alarm.kafka.TelemetryConsumer    : ALARM: [CRITICAL] 地形碰撞 | 地形碰撞风险 | drone=null | pos=(39.87506193046888,116.30020079956083)
2026-06-13T01:06:22.193+08:00  WARN 35828 --- [uav-alarm-engine] [ntainer#0-0-C-1] com.uav.alarm.kafka.TelemetryConsumer    : ALARM: [CRITICAL] 地形碰撞 | 地形碰撞风险 | drone=null | pos=(39.98577638404495,116.55280366613549)
2026-06-13T01:06:22.194+08:00  WARN 35828 --- [uav-alarm-engine] [ntainer#0-0-C-1] com.uav.alarm.kafka.TelemetryConsumer    : ALARM: [CRITICAL] 地形碰撞 | 地形碰撞风险 | drone=null | pos=(39.995471595897,116.32614239709923)
2026-06-13T01:06:22.195+08:00  WARN 35828 --- [uav-alarm-engine] [ntainer#0-0-C-1] com.uav.alarm.kafka.TelemetryConsumer    : ALARM: [CRITICAL] 地形碰撞 | 地形碰撞风险 | drone=null | pos=(39.81558340361332,116.44581420823687)
2026-06-13T01:06:22.197+08:00  WARN 35828 --- [uav-alarm-engine] [ntainer#0-0-C-1] com.uav.alarm.kafka.TelemetryConsumer    : ALARM: [CRITICAL] 地形碰撞 | 地形碰撞风险 | drone=null | pos=(39.882860619874954,116.26246658239052)
2026-06-13T01:06:22.198+08:00  WARN 35828 --- [uav-alarm-engine] [ntainer#0-0-C-1] com.uav.alarm.kafka.TelemetryConsumer    : ALARM: [CRITICAL] 地形碰撞 | 地形碰撞风险 | drone=null | pos=(40.15380061660852,116.56517016497402)
2026-06-13T01:06:22.199+08:00  WARN 35828 --- [uav-alarm-engine] [ntainer#0-0-C-1] com.uav.alarm.kafka.TelemetryConsumer    : ALARM: [CRITICAL] 地形碰撞 | 地形碰撞风险 | drone=null | pos=(40.04448799594815,116.45122001594432)
2026-06-13T01:06:22.201+08:00  WARN 35828 --- [uav-alarm-engine] [ntainer#0-0-C-1] com.uav.alarm.kafka.TelemetryConsumer    : ALARM: [CRITICAL] 地形碰撞 | 地形碰撞风险 | drone=null | pos=(39.550494824689544,116.33077547853887)
2026-06-13T01:06:22.202+08:00  WARN 35828 --- [uav-alarm-engine] [ntainer#0-0-C-1] com.uav.alarm.kafka.TelemetryConsumer    : ALARM: [CRITICAL] 地形碰撞 | 地形碰撞风险 | drone=null | pos=(39.94975046634619,116.38882569072976)
2026-06-13T01:06:22.204+08:00  WARN 35828 --- [uav-alarm-engine] [ntainer#0-0-C-1] com.uav.alarm.kafka.TelemetryConsumer    : ALARM: [CRITICAL] 地形碰撞 | 地形碰撞风险 | drone=null | pos=(39.94594014558486,116.05723168141988)
2026-06-13T01:06:22.204+08:00  WARN 35828 --- [uav-alarm-engine] [ntainer#0-0-C-1] com.uav.alarm.kafka.TelemetryConsumer    : ALARM: [CRITICAL] 地形碰撞 | 地形碰撞风险 | drone=null | pos=(40.208888465986135,116.56184764415704)
2026-06-13T01:06:22.205+08:00  WARN 35828 --- [uav-alarm-engine] [ntainer#0-0-C-1] com.uav.alarm.kafka.TelemetryConsumer    : ALARM: [CRITICAL] 地形碰撞 | 地形碰撞风险 | drone=null | pos=(39.82776311333855,116.40024184301768)
2026-06-13T01:06:22.206+08:00  WARN 35828 --- [uav-alarm-engine] [ntainer#0-0-C-1] com.uav.alarm.kafka.TelemetryConsumer    : ALARM: [CRITICAL] 地形碰撞 | 地形碰撞风险 | drone=null | pos=(39.99944971235047,116.26673204571135)
2026-06-13T01:06:22.207+08:00  WARN 35828 --- [uav-alarm-engine] [ntainer#0-0-C-1] com.uav.alarm.kafka.TelemetryConsumer    : ALARM: [CRITICAL] 地形碰撞 | 地形碰撞风险 | drone=null | pos=(39.82627658765661,116.39271315992438)
2026-06-13T01:06:22.208+08:00  WARN 35828 --- [uav-alarm-engine] [ntainer#0-0-C-1] com.uav.alarm.kafka.TelemetryConsumer    : ALARM: [CRITICAL] 地形碰撞 | 地形碰撞风险 | drone=null | pos=(39.906319918639404,116.45028362371697)
2026-06-13T01:06:22.208+08:00  WARN 35828 --- [uav-alarm-engine] [ntainer#0-0-C-1] com.uav.alarm.kafka.TelemetryConsumer    : ALARM: [CRITICAL] 地形碰撞 | 地形碰撞风险 | drone=null | pos=(39.87996397405023,116.52816283124142)
2026-06-13T01:06:22.210+08:00  WARN 35828 --- [uav-alarm-engine] [ntainer#0-0-C-1] com.uav.alarm.kafka.TelemetryConsumer    : ALARM: [CRITICAL] 地形碰撞 | 地形碰撞风险 | drone=null | pos=(39.941107436980616,116.33468678825434)
2026-06-13T01:06:22.210+08:00  WARN 35828 --- [uav-alarm-engine] [ntainer#0-0-C-1] com.uav.alarm.kafka.TelemetryConsumer    : ALARM: [CRITICAL] 地形碰撞 | 地形碰撞风险 | drone=null | pos=(39.93561571059838,116.3925358217592)
2026-06-13T01:06:22.211+08:00  WARN 35828 --- [uav-alarm-engine] [ntainer#0-0-C-1] com.uav.alarm.kafka.TelemetryConsumer    : ALARM: [CRITICAL] 地形碰撞 | 地形碰撞风险 | drone=null | pos=(39.83554619524353,116.26061996481018)
2026-06-13T01:06:22.212+08:00  WARN 35828 --- [uav-alarm-engine] [ntainer#0-0-C-1] com.uav.alarm.kafka.TelemetryConsumer    : ALARM: [CRITICAL] 地形碰撞 | 地形碰撞风险 | drone=null | pos=(39.69039879598128,116.73058769320598)
2026-06-13T01:06:22.214+08:00  WARN 35828 --- [uav-alarm-engine] [ntainer#0-0-C-1] com.uav.alarm.kafka.TelemetryConsumer    : ALARM: [CRITICAL] 地形碰撞 | 地形碰撞风险 | drone=null | pos=(39.88052302452666,116.57591699120609)
2026-06-13T01:06:22.214+08:00  WARN 35828 --- [uav-alarm-engine] [ntainer#0-0-C-1] com.uav.alarm.kafka.TelemetryConsumer    : ALARM: [CRITICAL] 地形碰撞 | 地形碰撞风险 | drone=null | pos=(39.90631575506346,116.40796986878047)
2026-06-13T01:06:22.216+08:00  WARN 35828 --- [uav-alarm-engine] [ntainer#0-0-C-1] com.uav.alarm.kafka.TelemetryConsumer    : ALARM: [CRITICAL] 地形碰撞 | 地形碰撞风险 | drone=null | pos=(39.79519129758895,116.35278921850798)
2026-06-13T01:06:22.217+08:00  WARN 35828 --- [uav-alarm-engine] [ntainer#0-0-C-1] com.uav.alarm.kafka.TelemetryConsumer    : ALARM: [CRITICAL] 地形碰撞 | 地形碰撞风险 | drone=null | pos=(39.92598072334897,116.46681897244933)
2026-06-13T01:06:22.218+08:00  WARN 35828 --- [uav-alarm-engine] [ntainer#0-0-C-1] com.uav.alarm.kafka.TelemetryConsumer    : ALARM: [CRITICAL] 地形碰撞 | 地形碰撞风险 | drone=null | pos=(39.58253904024757,116.31440827778748)
2026-06-13T01:06:22.219+08:00  WARN 35828 --- [uav-alarm-engine] [ntainer#0-0-C-1] com.uav.alarm.kafka.TelemetryConsumer    : ALARM: [CRITICAL] 地形碰撞 | 地形碰撞风险 | drone=null | pos=(40.14701272559851,116.53047062866013)
2026-06-13T01:06:22.221+08:00  WARN 35828 --- [uav-alarm-engine] [ntainer#0-0-C-1] com.uav.alarm.kafka.TelemetryConsumer    : ALARM: [CRITICAL] 地形碰撞 | 地形碰撞风险 | drone=null | pos=(40.10360138794887,116.66247268282595)
2026-06-13T01:06:22.221+08:00  WARN 35828 --- [uav-alarm-engine] [ntainer#0-0-C-1] com.uav.alarm.kafka.TelemetryConsumer    : ALARM: [CRITICAL] 地形碰撞 | 地形碰撞风险 | drone=null | pos=(39.89659338734173,116.47053805254892)
2026-06-13T01:06:22.222+08:00  WARN 35828 --- [uav-alarm-engine] [ntainer#0-0-C-1] com.uav.alarm.kafka.TelemetryConsumer    : ALARM: [CRITICAL] 地形碰撞 | 地形碰撞风险 | drone=null | pos=(40.00034516460113,116.42587676218709)
2026-06-13T01:06:22.223+08:00  WARN 35828 --- [uav-alarm-engine] [ntainer#0-0-C-1] com.uav.alarm.kafka.TelemetryConsumer    : ALARM: [CRITICAL] 地形碰撞 | 地形碰撞风险 | drone=null | pos=(39.663143520058114,116.67781838514192)
2026-06-13T01:06:22.224+08:00  WARN 35828 --- [uav-alarm-engine] [ntainer#0-0-C-1] com.uav.alarm.kafka.TelemetryConsumer    : ALARM: [CRITICAL] 地形碰撞 | 地形碰撞风险 | drone=null | pos=(39.85826047900306,116.54003840209546)
2026-06-13T01:06:22.225+08:00  WARN 35828 --- [uav-alarm-engine] [ntainer#0-0-C-1] com.uav.alarm.kafka.TelemetryConsumer    : ALARM: [CRITICAL] 地形碰撞 | 地形碰撞风险 | drone=null | pos=(40.058376299761754,116.2413014999673)
2026-06-13T01:06:22.227+08:00  WARN 35828 --- [uav-alarm-engine] [ntainer#0-0-C-1] com.uav.alarm.kafka.TelemetryConsumer    : ALARM: [CRITICAL] 地形碰撞 | 地形碰撞风险 | drone=null | pos=(40.118218538382244,116.39912716209047)
2026-06-13T01:06:22.227+08:00  WARN 35828 --- [uav-alarm-engine] [ntainer#0-0-C-1] com.uav.alarm.kafka.TelemetryConsumer    : ALARM: [CRITICAL] 地形碰撞 | 地形碰撞风险 | drone=null | pos=(39.8940938527948,116.58705709319146)
2026-06-13T01:06:22.228+08:00  WARN 35828 --- [uav-alarm-engine] [ntainer#0-0-C-1] com.uav.alarm.kafka.TelemetryConsumer    : ALARM: [CRITICAL] 地形碰撞 | 地形碰撞风险 | drone=null | pos=(39.97753496226647,116.24910084955317)
2026-06-13T01:06:22.229+08:00  WARN 35828 --- [uav-alarm-engine] [ntainer#0-0-C-1] com.uav.alarm.kafka.TelemetryConsumer    : ALARM: [CRITICAL] 地形碰撞 | 地形碰撞风险 | drone=null | pos=(39.777755443773245,116.19279694843067)
2026-06-13T01:06:22.231+08:00  WARN 35828 --- [uav-alarm-engine] [ntainer#0-0-C-1] com.uav.alarm.kafka.TelemetryConsumer    : ALARM: [CRITICAL] 地形碰撞 | 地形碰撞风险 | drone=null | pos=(39.76947151854277,116.68069836491692)
2026-06-13T01:06:22.232+08:00  WARN 35828 --- [uav-alarm-engine] [ntainer#0-0-C-1] com.uav.alarm.kafka.TelemetryConsumer    : ALARM: [CRITICAL] 地形碰撞 | 地形碰撞风险 | drone=null | pos=(40.02162040950845,116.40144434918876)
2026-06-13T01:06:22.232+08:00  WARN 35828 --- [uav-alarm-engine] [ntainer#0-0-C-1] com.uav.alarm.kafka.TelemetryConsumer    : ALARM: [CRITICAL] 地形碰撞 | 地形碰撞风险 | drone=null | pos=(39.91157936920648,116.37586078296512)
2026-06-13T01:06:22.233+08:00  WARN 35828 --- [uav-alarm-engine] [ntainer#0-0-C-1] com.uav.alarm.kafka.TelemetryConsumer    : ALARM: [CRITICAL] 地形碰撞 | 地形碰撞风险 | drone=null | pos=(39.801793652834206,116.58669022798962)
2026-06-13T01:06:22.234+08:00  WARN 35828 --- [uav-alarm-engine] [ntainer#0-0-C-1] com.uav.alarm.kafka.TelemetryConsumer    : ALARM: [CRITICAL] 地形碰撞 | 地形碰撞风险 | drone=null | pos=(39.798166545061974,116.3263000387702)
2026-06-13T01:06:22.235+08:00  WARN 35828 --- [uav-alarm-engine] [ntainer#0-0-C-1] com.uav.alarm.kafka.TelemetryConsumer    : ALARM: [CRITICAL] 地形碰撞 | 地形碰撞风险 | drone=null | pos=(39.8995708224579,116.41256050103758)
2026-06-13T01:06:22.236+08:00  WARN 35828 --- [uav-alarm-engine] [ntainer#0-0-C-1] com.uav.alarm.kafka.TelemetryConsumer    : ALARM: [CRITICAL] 地形碰撞 | 地形碰撞风险 | drone=null | pos=(39.87016567995115,116.00799014387113)
2026-06-13T01:06:22.237+08:00  WARN 35828 --- [uav-alarm-engine] [ntainer#0-0-C-1] com.uav.alarm.kafka.TelemetryConsumer    : ALARM: [CRITICAL] 地形碰撞 | 地形碰撞风险 | drone=null | pos=(39.69645281276219,116.24872799755212)
2026-06-13T01:06:22.238+08:00  WARN 35828 --- [uav-alarm-engine] [ntainer#0-0-C-1] com.uav.alarm.kafka.TelemetryConsumer    : ALARM: [CRITICAL] 地形碰撞 | 地形碰撞风险 | drone=null | pos=(39.94982309101993,116.36702280685499)
2026-06-13T01:06:22.239+08:00  WARN 35828 --- [uav-alarm-engine] [ntainer#0-0-C-1] com.uav.alarm.kafka.TelemetryConsumer    : ALARM: [CRITICAL] 地形碰撞 | 地形碰撞风险 | drone=null | pos=(39.87351335596907,116.33352616487123)
2026-06-13T01:06:22.240+08:00  WARN 35828 --- [uav-alarm-engine] [ntainer#0-0-C-1] com.uav.alarm.kafka.TelemetryConsumer    : ALARM: [CRITICAL] 地形碰撞 | 地形碰撞风险 | drone=null | pos=(39.90832454847042,116.33990162840105)
2026-06-13T01:06:22.241+08:00  WARN 35828 --- [uav-alarm-engine] [ntainer#0-0-C-1] com.uav.alarm.kafka.TelemetryConsumer    : ALARM: [CRITICAL] 地形碰撞 | 地形碰撞风险 | drone=null | pos=(39.93076747445355,116.23252603581888)
2026-06-13T01:06:22.242+08:00  WARN 35828 --- [uav-alarm-engine] [ntainer#0-0-C-1] com.uav.alarm.kafka.TelemetryConsumer    : ALARM: [CRITICAL] 地形碰撞 | 地形碰撞风险 | drone=null | pos=(39.953658739151535,116.28487502093358)
2026-06-13T01:06:22.243+08:00  WARN 35828 --- [uav-alarm-engine] [ntainer#0-0-C-1] com.uav.alarm.kafka.TelemetryConsumer    : ALARM: [CRITICAL] 地形碰撞 | 地形碰撞风险 | drone=null | pos=(39.92007655860694,116.44736720886837)
2026-06-13T01:06:22.244+08:00  WARN 35828 --- [uav-alarm-engine] [ntainer#0-0-C-1] com.uav.alarm.kafka.TelemetryConsumer    : ALARM: [CRITICAL] 地形碰撞 | 地形碰撞风险 | drone=null | pos=(40.02616590805365,116.47285583748369)
2026-06-13T01:06:22.245+08:00  WARN 35828 --- [uav-alarm-engine] [ntainer#0-0-C-1] com.uav.alarm.kafka.TelemetryConsumer    : ALARM: [CRITICAL] 地形碰撞 | 地形碰撞风险 | drone=null | pos=(39.90404778882387,116.74521092282289)
2026-06-13T01:06:22.246+08:00  WARN 35828 --- [uav-alarm-engine] [ntainer#0-0-C-1] com.uav.alarm.kafka.TelemetryConsumer    : ALARM: [CRITICAL] 地形碰撞 | 地形碰撞风险 | drone=null | pos=(39.65743201972417,116.20134865209576)
2026-06-13T01:06:22.246+08:00  WARN 35828 --- [uav-alarm-engine] [ntainer#0-0-C-1] com.uav.alarm.kafka.TelemetryConsumer    : ALARM: [CRITICAL] 地形碰撞 | 地形碰撞风险 | drone=null | pos=(39.75229738846203,116.80076410331222)
2026-06-13T01:06:22.247+08:00  WARN 35828 --- [uav-alarm-engine] [ntainer#0-0-C-1] com.uav.alarm.kafka.TelemetryConsumer    : ALARM: [CRITICAL] 地形碰撞 | 地形碰撞风险 | drone=null | pos=(39.93015727792707,116.6994553357693)
2026-06-13T01:06:22.249+08:00  WARN 35828 --- [uav-alarm-engine] [ntainer#0-0-C-1] com.uav.alarm.kafka.TelemetryConsumer    : ALARM: [CRITICAL] 地形碰撞 | 地形碰撞风险 | drone=null | pos=(39.87595750198104,116.75904481389783)
2026-06-13T01:06:22.249+08:00  WARN 35828 --- [uav-alarm-engine] [ntainer#0-0-C-1] com.uav.alarm.kafka.TelemetryConsumer    : ALARM: [CRITICAL] 地形碰撞 | 地形碰撞风险 | drone=null | pos=(39.879517138457935,116.21853072727124)
2026-06-13T01:06:22.250+08:00  WARN 35828 --- [uav-alarm-engine] [ntainer#0-0-C-1] com.uav.alarm.kafka.TelemetryConsumer    : ALARM: [CRITICAL] 地形碰撞 | 地形碰撞风险 | drone=null | pos=(39.887604900764465,116.59631103949982)
2026-06-13T01:06:22.252+08:00  WARN 35828 --- [uav-alarm-engine] [ntainer#0-0-C-1] com.uav.alarm.kafka.TelemetryConsumer    : ALARM: [CRITICAL] 地形碰撞 | 地形碰撞风险 | drone=null | pos=(39.6674229523925,116.69015289555642)
2026-06-13T01:06:22.252+08:00  WARN 35828 --- [uav-alarm-engine] [ntainer#0-0-C-1] com.uav.alarm.kafka.TelemetryConsumer    : ALARM: [CRITICAL] 地形碰撞 | 地形碰撞风险 | drone=null | pos=(39.62775448555655,116.46871280535002)
2026-06-13T01:06:22.253+08:00  WARN 35828 --- [uav-alarm-engine] [ntainer#0-0-C-1] com.uav.alarm.kafka.TelemetryConsumer    : ALARM: [CRITICAL] 地形碰撞 | 地形碰撞风险 | drone=null | pos=(39.9917142322721,116.75564480068664)
2026-06-13T01:06:22.254+08:00  WARN 35828 --- [uav-alarm-engine] [ntainer#0-0-C-1] com.uav.alarm.kafka.TelemetryConsumer    : ALARM: [CRITICAL] 地形碰撞 | 地形碰撞风险 | drone=null | pos=(39.65490551969069,116.70680399421381)
2026-06-13T01:06:22.255+08:00  WARN 35828 --- [uav-alarm-engine] [ntainer#0-0-C-1] com.uav.alarm.kafka.TelemetryConsumer    : ALARM: [CRITICAL] 地形碰撞 | 地形碰撞风险 | drone=null | pos=(39.89723068707596,116.34735065231106)
2026-06-13T01:06:22.256+08:00  WARN 35828 --- [uav-alarm-engine] [ntainer#0-0-C-1] com.uav.alarm.kafka.TelemetryConsumer    : ALARM: [CRITICAL] 地形碰撞 | 地形碰撞风险 | drone=null | pos=(39.875175788785484,116.42425867919435)
2026-06-13T01:06:22.257+08:00  WARN 35828 --- [uav-alarm-engine] [ntainer#0-0-C-1] com.uav.alarm.kafka.TelemetryConsumer    : ALARM: [CRITICAL] 地形碰撞 | 地形碰撞风险 | drone=null | pos=(39.769888893696795,116.6858117975707)
2026-06-13T01:06:22.258+08:00  WARN 35828 --- [uav-alarm-engine] [ntainer#0-0-C-1] com.uav.alarm.kafka.TelemetryConsumer    : ALARM: [CRITICAL] 地形碰撞 | 地形碰撞风险 | drone=null | pos=(39.881878967379485,116.43687718984378)
2026-06-13T01:06:22.259+08:00  WARN 35828 --- [uav-alarm-engine] [ntainer#0-0-C-1] com.uav.alarm.kafka.TelemetryConsumer    : ALARM: [CRITICAL] 地形碰撞 | 地形碰撞风险 | drone=null | pos=(39.8673038999046,116.63607640235763)
2026-06-13T01:06:22.260+08:00  WARN 35828 --- [uav-alarm-engine] [ntainer#0-0-C-1] com.uav.alarm.kafka.TelemetryConsumer    : ALARM: [CRITICAL] 地形碰撞 | 地形碰撞风险 | drone=null | pos=(40.12476151946295,116.543579351327)
2026-06-13T01:06:22.260+08:00  WARN 35828 --- [uav-alarm-engine] [ntainer#0-0-C-1] com.uav.alarm.kafka.TelemetryConsumer    : ALARM: [CRITICAL] 地形碰撞 | 地形碰撞风险 | drone=null | pos=(39.60378933874036,116.41659395559203)
2026-06-13T01:06:22.261+08:00  WARN 35828 --- [uav-alarm-engine] [ntainer#0-0-C-1] com.uav.alarm.kafka.TelemetryConsumer    : ALARM: [CRITICAL] 地形碰撞 | 地形碰撞风险 | drone=null | pos=(39.72369852647511,116.06280836433272)
2026-06-13T01:06:22.262+08:00  WARN 35828 --- [uav-alarm-engine] [ntainer#0-0-C-1] com.uav.alarm.kafka.TelemetryConsumer    : ALARM: [CRITICAL] 地形碰撞 | 地形碰撞风险 | drone=null | pos=(39.718145031331375,116.79258277239465)
2026-06-13T01:06:22.263+08:00  WARN 35828 --- [uav-alarm-engine] [ntainer#0-0-C-1] com.uav.alarm.kafka.TelemetryConsumer    : ALARM: [CRITICAL] 地形碰撞 | 地形碰撞风险 | drone=null | pos=(39.90167263426259,116.15698226488644)
2026-06-13T01:06:22.264+08:00  WARN 35828 --- [uav-alarm-engine] [ntainer#0-0-C-1] com.uav.alarm.kafka.TelemetryConsumer    : ALARM: [CRITICAL] 地形碰撞 | 地形碰撞风险 | drone=null | pos=(39.84084530880543,116.53472248428082)
2026-06-13T01:06:22.265+08:00  WARN 35828 --- [uav-alarm-engine] [ntainer#0-0-C-1] com.uav.alarm.kafka.TelemetryConsumer    : ALARM: [CRITICAL] 地形碰撞 | 地形碰撞风险 | drone=null | pos=(39.891410096878815,116.39503385664732)
2026-06-13T01:06:22.266+08:00  WARN 35828 --- [uav-alarm-engine] [ntainer#0-0-C-1] com.uav.alarm.kafka.TelemetryConsumer    : ALARM: [CRITICAL] 地形碰撞 | 地形碰撞风险 | drone=null | pos=(39.67686167668397,116.30900309046336)
2026-06-13T01:06:22.267+08:00  WARN 35828 --- [uav-alarm-engine] [ntainer#0-0-C-1] com.uav.alarm.kafka.TelemetryConsumer    : ALARM: [CRITICAL] 地形碰撞 | 地形碰撞风险 | drone=null | pos=(39.90767917364297,116.42905541201158)
2026-06-13T01:06:22.268+08:00  WARN 35828 --- [uav-alarm-engine] [ntainer#0-0-C-1] com.uav.alarm.kafka.TelemetryConsumer    : ALARM: [CRITICAL] 地形碰撞 | 地形碰撞风险 | drone=null | pos=(40.10183847283571,116.26717649647519)
2026-06-13T01:06:22.269+08:00  WARN 35828 --- [uav-alarm-engine] [ntainer#0-0-C-1] com.uav.alarm.kafka.TelemetryConsumer    : ALARM: [CRITICAL] 地形碰撞 | 地形碰撞风险 | drone=null | pos=(39.99943194589192,116.64176510764581)
2026-06-13T01:06:22.270+08:00  WARN 35828 --- [uav-alarm-engine] [ntainer#0-0-C-1] com.uav.alarm.kafka.TelemetryConsumer    : ALARM: [CRITICAL] 地形碰撞 | 地形碰撞风险 | drone=null | pos=(40.14980091999258,116.23835031452575)
2026-06-13T01:06:22.271+08:00  WARN 35828 --- [uav-alarm-engine] [ntainer#0-0-C-1] com.uav.alarm.kafka.TelemetryConsumer    : ALARM: [CRITICAL] 地形碰撞 | 地形碰撞风险 | drone=null | pos=(39.85230652666929,116.78718389119504)
2026-06-13T01:06:22.272+08:00  WARN 35828 --- [uav-alarm-engine] [ntainer#0-0-C-1] com.uav.alarm.kafka.TelemetryConsumer    : ALARM: [CRITICAL] 地形碰撞 | 地形碰撞风险 | drone=null | pos=(39.714380474576366,116.60428911028076)
2026-06-13T01:06:22.273+08:00  WARN 35828 --- [uav-alarm-engine] [ntainer#0-0-C-1] com.uav.alarm.kafka.TelemetryConsumer    : ALARM: [CRITICAL] 地形碰撞 | 地形碰撞风险 | drone=null | pos=(40.14590949517236,116.10871593368178)
2026-06-13T01:06:22.274+08:00  WARN 35828 --- [uav-alarm-engine] [ntainer#0-0-C-1] com.uav.alarm.kafka.TelemetryConsumer    : ALARM: [CRITICAL] 地形碰撞 | 地形碰撞风险 | drone=null | pos=(40.12845479047922,116.24585679265424)
2026-06-13T01:06:22.275+08:00  WARN 35828 --- [uav-alarm-engine] [ntainer#0-0-C-1] com.uav.alarm.kafka.TelemetryConsumer    : ALARM: [CRITICAL] 地形碰撞 | 地形碰撞风险 | drone=null | pos=(39.895327804739914,116.15543592536424)
2026-06-13T01:06:22.275+08:00  WARN 35828 --- [uav-alarm-engine] [ntainer#0-0-C-1] com.uav.alarm.kafka.TelemetryConsumer    : ALARM: [CRITICAL] 地形碰撞 | 地形碰撞风险 | drone=null | pos=(39.67725309625675,116.48530835587478)
2026-06-13T01:06:22.276+08:00  WARN 35828 --- [uav-alarm-engine] [ntainer#0-0-C-1] com.uav.alarm.kafka.TelemetryConsumer    : ALARM: [CRITICAL] 地形碰撞 | 地形碰撞风险 | drone=null | pos=(40.05880507754046,116.28971719301984)
2026-06-13T01:06:22.278+08:00  WARN 35828 --- [uav-alarm-engine] [ntainer#0-0-C-1] com.uav.alarm.kafka.TelemetryConsumer    : ALARM: [CRITICAL] 地形碰撞 | 地形碰撞风险 | drone=null | pos=(39.848311646752286,116.56736267967302)
2026-06-13T01:06:22.280+08:00  WARN 35828 --- [uav-alarm-engine] [ntainer#0-0-C-1] com.uav.alarm.kafka.TelemetryConsumer    : ALARM: [CRITICAL] 地形碰撞 | 地形碰撞风险 | drone=null | pos=(39.727945872823845,116.03390911779968)
2026-06-13T01:06:22.281+08:00  WARN 35828 --- [uav-alarm-engine] [ntainer#0-0-C-1] com.uav.alarm.kafka.TelemetryConsumer    : ALARM: [CRITICAL] 地形碰撞 | 地形碰撞风险 | drone=null | pos=(40.0119306355095,116.4741661857359)
2026-06-13T01:06:22.283+08:00  WARN 35828 --- [uav-alarm-engine] [ntainer#0-0-C-1] com.uav.alarm.kafka.TelemetryConsumer    : ALARM: [CRITICAL] 地形碰撞 | 地形碰撞风险 | drone=null | pos=(39.93394995237842,116.18581543946495)
2026-06-13T01:06:22.284+08:00  WARN 35828 --- [uav-alarm-engine] [ntainer#0-0-C-1] com.uav.alarm.kafka.TelemetryConsumer    : ALARM: [CRITICAL] 地形碰撞 | 地形碰撞风险 | drone=null | pos=(39.97872325290302,116.25455564350835)
2026-06-13T01:06:22.285+08:00  WARN 35828 --- [uav-alarm-engine] [ntainer#0-0-C-1] com.uav.alarm.kafka.TelemetryConsumer    : ALARM: [CRITICAL] 地形碰撞 | 地形碰撞风险 | drone=null | pos=(39.58003455512884,116.59448814349668)
2026-06-13T01:06:22.285+08:00  WARN 35828 --- [uav-alarm-engine] [ntainer#0-0-C-1] com.uav.alarm.kafka.TelemetryConsumer    : ALARM: [CRITICAL] 地形碰撞 | 地形碰撞风险 | drone=null | pos=(39.79560721474588,116.7737235136724)
2026-06-13T01:06:22.286+08:00  WARN 35828 --- [uav-alarm-engine] [ntainer#0-0-C-1] com.uav.alarm.kafka.TelemetryConsumer    : ALARM: [CRITICAL] 地形碰撞 | 地形碰撞风险 | drone=null | pos=(39.759753911580376,116.25934793604108)
2026-06-13T01:06:22.288+08:00  WARN 35828 --- [uav-alarm-engine] [ntainer#0-0-C-1] com.uav.alarm.kafka.TelemetryConsumer    : ALARM: [CRITICAL] 地形碰撞 | 地形碰撞风险 | drone=null | pos=(39.90581839806891,116.40703296323187)
2026-06-13T01:06:22.288+08:00  WARN 35828 --- [uav-alarm-engine] [ntainer#0-0-C-1] com.uav.alarm.kafka.TelemetryConsumer    : ALARM: [CRITICAL] 地形碰撞 | 地形碰撞风险 | drone=null | pos=(39.7370649995381,116.35914537976726)
2026-06-13T01:06:22.289+08:00  WARN 35828 --- [uav-alarm-engine] [ntainer#0-0-C-1] com.uav.alarm.kafka.TelemetryConsumer    : ALARM: [CRITICAL] 地形碰撞 | 地形碰撞风险 | drone=null | pos=(39.920331994543865,116.4044628451961)
2026-06-13T01:06:22.290+08:00  WARN 35828 --- [uav-alarm-engine] [ntainer#0-0-C-1] com.uav.alarm.kafka.TelemetryConsumer    : ALARM: [CRITICAL] 地形碰撞 | 地形碰撞风险 | drone=null | pos=(39.968975440301165,116.49442471456152)
2026-06-13T01:06:22.291+08:00  WARN 35828 --- [uav-alarm-engine] [ntainer#0-0-C-1] com.uav.alarm.kafka.TelemetryConsumer    : ALARM: [CRITICAL] 地形碰撞 | 地形碰撞风险 | drone=null | pos=(39.83489720599287,116.19628446076455)
2026-06-13T01:06:22.292+08:00  WARN 35828 --- [uav-alarm-engine] [ntainer#0-0-C-1] com.uav.alarm.kafka.TelemetryConsumer    : ALARM: [CRITICAL] 地形碰撞 | 地形碰撞风险 | drone=null | pos=(39.94574168699537,116.64919589236936)
2026-06-13T01:06:22.293+08:00  WARN 35828 --- [uav-alarm-engine] [ntainer#0-0-C-1] com.uav.alarm.kafka.TelemetryConsumer    : ALARM: [CRITICAL] 地形碰撞 | 地形碰撞风险 | drone=null | pos=(39.92125281475778,116.35682051089628)
2026-06-13T01:06:22.294+08:00  WARN 35828 --- [uav-alarm-engine] [ntainer#0-0-C-1] com.uav.alarm.kafka.TelemetryConsumer    : ALARM: [CRITICAL] 地形碰撞 | 地形碰撞风险 | drone=null | pos=(40.18815241718923,116.5995865803829)
2026-06-13T01:06:22.296+08:00  WARN 35828 --- [uav-alarm-engine] [ntainer#0-0-C-1] com.uav.alarm.kafka.TelemetryConsumer    : ALARM: [CRITICAL] 地形碰撞 | 地形碰撞风险 | drone=null | pos=(39.932350325055936,116.37392627183063)
2026-06-13T01:06:22.296+08:00  WARN 35828 --- [uav-alarm-engine] [ntainer#0-0-C-1] com.uav.alarm.kafka.TelemetryConsumer    : ALARM: [CRITICAL] 地形碰撞 | 地形碰撞风险 | drone=null | pos=(39.87530213705548,116.22889414864545)
2026-06-13T01:06:22.297+08:00  WARN 35828 --- [uav-alarm-engine] [ntainer#0-0-C-1] com.uav.alarm.kafka.TelemetryConsumer    : ALARM: [CRITICAL] 地形碰撞 | 地形碰撞风险 | drone=null | pos=(40.22906884967185,116.27697861983661)
2026-06-13T01:06:22.298+08:00  WARN 35828 --- [uav-alarm-engine] [ntainer#0-0-C-1] com.uav.alarm.kafka.TelemetryConsumer    : ALARM: [CRITICAL] 地形碰撞 | 地形碰撞风险 | drone=null | pos=(40.00794422933999,116.35194871973627)
2026-06-13T01:06:22.298+08:00  WARN 35828 --- [uav-alarm-engine] [ntainer#0-0-C-1] com.uav.alarm.kafka.TelemetryConsumer    : ALARM: [CRITICAL] 地形碰撞 | 地形碰撞风险 | drone=null | pos=(39.779211366807296,116.16582419893518)
2026-06-13T01:06:22.300+08:00  WARN 35828 --- [uav-alarm-engine] [ntainer#0-0-C-1] com.uav.alarm.kafka.TelemetryConsumer    : ALARM: [CRITICAL] 地形碰撞 | 地形碰撞风险 | drone=null | pos=(39.94818492374562,116.51331081480242)
2026-06-13T01:06:22.300+08:00  WARN 35828 --- [uav-alarm-engine] [ntainer#0-0-C-1] com.uav.alarm.kafka.TelemetryConsumer    : ALARM: [CRITICAL] 地形碰撞 | 地形碰撞风险 | drone=null | pos=(39.88972617894983,116.82510415149551)
2026-06-13T01:06:22.301+08:00  WARN 35828 --- [uav-alarm-engine] [ntainer#0-0-C-1] com.uav.alarm.kafka.TelemetryConsumer    : ALARM: [CRITICAL] 地形碰撞 | 地形碰撞风险 | drone=null | pos=(39.99960795355346,116.38387971712912)
2026-06-13T01:06:22.302+08:00  WARN 35828 --- [uav-alarm-engine] [ntainer#0-0-C-1] com.uav.alarm.kafka.TelemetryConsumer    : ALARM: [CRITICAL] 地形碰撞 | 地形碰撞风险 | drone=null | pos=(39.788714743774605,116.82820268928317)
2026-06-13T01:06:22.303+08:00  WARN 35828 --- [uav-alarm-engine] [ntainer#0-0-C-1] com.uav.alarm.kafka.TelemetryConsumer    : ALARM: [CRITICAL] 地形碰撞 | 地形碰撞风险 | drone=null | pos=(39.651729184921706,116.4585834806698)
2026-06-13T01:06:22.304+08:00  WARN 35828 --- [uav-alarm-engine] [ntainer#0-0-C-1] com.uav.alarm.kafka.TelemetryConsumer    : ALARM: [CRITICAL] 地形碰撞 | 地形碰撞风险 | drone=null | pos=(39.820209735764394,116.3480208108617)
2026-06-13T01:06:22.305+08:00  WARN 35828 --- [uav-alarm-engine] [ntainer#0-0-C-1] com.uav.alarm.kafka.TelemetryConsumer    : ALARM: [CRITICAL] 地形碰撞 | 地形碰撞风险 | drone=null | pos=(39.72685251181392,116.48817065411602)
2026-06-13T01:06:22.305+08:00  WARN 35828 --- [uav-alarm-engine] [ntainer#0-0-C-1] com.uav.alarm.kafka.TelemetryConsumer    : ALARM: [CRITICAL] 地形碰撞 | 地形碰撞风险 | drone=null | pos=(39.929662176782564,116.59422818828853)
2026-06-13T01:06:22.307+08:00  WARN 35828 --- [uav-alarm-engine] [ntainer#0-0-C-1] com.uav.alarm.kafka.TelemetryConsumer    : ALARM: [CRITICAL] 地形碰撞 | 地形碰撞风险 | drone=null | pos=(39.8643676577999,116.36467680198697)
2026-06-13T01:06:22.308+08:00  WARN 35828 --- [uav-alarm-engine] [ntainer#0-0-C-1] com.uav.alarm.kafka.TelemetryConsumer    : ALARM: [CRITICAL] 地形碰撞 | 地形碰撞风险 | drone=null | pos=(39.896251588204535,116.21189580996825)
2026-06-13T01:06:22.308+08:00  WARN 35828 --- [uav-alarm-engine] [ntainer#0-0-C-1] com.uav.alarm.kafka.TelemetryConsumer    : ALARM: [CRITICAL] 地形碰撞 | 地形碰撞风险 | drone=null | pos=(39.91591882636016,116.44908907595088)
2026-06-13T01:06:22.310+08:00  WARN 35828 --- [uav-alarm-engine] [ntainer#0-0-C-1] com.uav.alarm.kafka.TelemetryConsumer    : ALARM: [CRITICAL] 地形碰撞 | 地形碰撞风险 | drone=null | pos=(40.082806657366845,116.44830914283307)
2026-06-13T01:06:22.310+08:00  WARN 35828 --- [uav-alarm-engine] [ntainer#0-0-C-1] com.uav.alarm.kafka.TelemetryConsumer    : ALARM: [CRITICAL] 地形碰撞 | 地形碰撞风险 | drone=null | pos=(40.01782993653305,116.48448094998078)
2026-06-13T01:06:22.312+08:00  WARN 35828 --- [uav-alarm-engine] [ntainer#0-0-C-1] com.uav.alarm.kafka.TelemetryConsumer    : ALARM: [CRITICAL] 地形碰撞 | 地形碰撞风险 | drone=null | pos=(39.99599058646006,116.79552195000927)
2026-06-13T01:06:22.313+08:00  WARN 35828 --- [uav-alarm-engine] [ntainer#0-0-C-1] com.uav.alarm.kafka.TelemetryConsumer    : ALARM: [CRITICAL] 地形碰撞 | 地形碰撞风险 | drone=null | pos=(39.76443543742514,116.54744968037703)
2026-06-13T01:06:22.313+08:00  WARN 35828 --- [uav-alarm-engine] [ntainer#0-0-C-1] com.uav.alarm.kafka.TelemetryConsumer    : ALARM: [CRITICAL] 地形碰撞 | 地形碰撞风险 | drone=null | pos=(39.97177721843814,116.66005147467757)
2026-06-13T01:06:22.315+08:00  WARN 35828 --- [uav-alarm-engine] [ntainer#0-0-C-1] com.uav.alarm.kafka.TelemetryConsumer    : ALARM: [CRITICAL] 地形碰撞 | 地形碰撞风险 | drone=null | pos=(39.82325193126982,116.23178109748636)
2026-06-13T01:06:22.315+08:00  WARN 35828 --- [uav-alarm-engine] [ntainer#0-0-C-1] com.uav.alarm.kafka.TelemetryConsumer    : ALARM: [CRITICAL] 地形碰撞 | 地形碰撞风险 | drone=null | pos=(39.76792195178969,116.52247132976979)
2026-06-13T01:06:22.316+08:00  WARN 35828 --- [uav-alarm-engine] [ntainer#0-0-C-1] com.uav.alarm.kafka.TelemetryConsumer    : ALARM: [CRITICAL] 地形碰撞 | 地形碰撞风险 | drone=null | pos=(39.88128285820857,116.28787288394895)
2026-06-13T01:06:22.317+08:00  WARN 35828 --- [uav-alarm-engine] [ntainer#0-0-C-1] com.uav.alarm.kafka.TelemetryConsumer    : ALARM: [CRITICAL] 地形碰撞 | 地形碰撞风险 | drone=null | pos=(39.96405638929537,116.52081035039936)
2026-06-13T01:06:22.319+08:00  WARN 35828 --- [uav-alarm-engine] [ntainer#0-0-C-1] com.uav.alarm.kafka.TelemetryConsumer    : ALARM: [CRITICAL] 地形碰撞 | 地形碰撞风险 | drone=null | pos=(39.562995592557876,116.36628891025074)
2026-06-13T01:06:22.321+08:00  WARN 35828 --- [uav-alarm-engine] [ntainer#0-0-C-1] com.uav.alarm.kafka.TelemetryConsumer    : ALARM: [CRITICAL] 地形碰撞 | 地形碰撞风险 | drone=null | pos=(39.87311155189352,116.28547530192283)
2026-06-13T01:06:22.323+08:00  WARN 35828 --- [uav-alarm-engine] [ntainer#0-0-C-1] com.uav.alarm.kafka.TelemetryConsumer    : ALARM: [CRITICAL] 地形碰撞 | 地形碰撞风险 | drone=null | pos=(39.90950982028935,116.40142188055769)
2026-06-13T01:06:22.324+08:00  WARN 35828 --- [uav-alarm-engine] [ntainer#0-0-C-1] com.uav.alarm.kafka.TelemetryConsumer    : ALARM: [CRITICAL] 地形碰撞 | 地形碰撞风险 | drone=null | pos=(39.647661344354574,116.56120895425993)
2026-06-13T01:06:22.325+08:00  WARN 35828 --- [uav-alarm-engine] [ntainer#0-0-C-1] com.uav.alarm.kafka.TelemetryConsumer    : ALARM: [CRITICAL] 地形碰撞 | 地形碰撞风险 | drone=null | pos=(39.89190074393977,116.38005300661715)
2026-06-13T01:06:22.326+08:00  WARN 35828 --- [uav-alarm-engine] [ntainer#0-0-C-1] com.uav.alarm.kafka.TelemetryConsumer    : ALARM: [CRITICAL] 地形碰撞 | 地形碰撞风险 | drone=null | pos=(39.59531714605733,116.16841522882143)
2026-06-13T01:06:22.327+08:00  WARN 35828 --- [uav-alarm-engine] [ntainer#0-0-C-1] com.uav.alarm.kafka.TelemetryConsumer    : ALARM: [CRITICAL] 地形碰撞 | 地形碰撞风险 | drone=null | pos=(39.85961519922277,116.03435147284914)
2026-06-13T01:06:22.328+08:00  WARN 35828 --- [uav-alarm-engine] [ntainer#0-0-C-1] com.uav.alarm.kafka.TelemetryConsumer    : ALARM: [CRITICAL] 地形碰撞 | 地形碰撞风险 | drone=null | pos=(39.93934692296268,116.58727603928648)
2026-06-13T01:06:22.329+08:00  WARN 35828 --- [uav-alarm-engine] [ntainer#0-0-C-1] com.uav.alarm.kafka.TelemetryConsumer    : ALARM: [CRITICAL] 地形碰撞 | 地形碰撞风险 | drone=null | pos=(40.01667997695578,116.4743877457583)
2026-06-13T01:06:22.329+08:00  WARN 35828 --- [uav-alarm-engine] [ntainer#0-0-C-1] com.uav.alarm.kafka.TelemetryConsumer    : ALARM: [CRITICAL] 地形碰撞 | 地形碰撞风险 | drone=null | pos=(39.85949731283421,116.44798298292442)
2026-06-13T01:06:22.330+08:00  WARN 35828 --- [uav-alarm-engine] [ntainer#0-0-C-1] com.uav.alarm.kafka.TelemetryConsumer    : ALARM: [CRITICAL] 地形碰撞 | 地形碰撞风险 | drone=null | pos=(39.99736322607138,116.77299827838688)
2026-06-13T01:06:22.332+08:00  WARN 35828 --- [uav-alarm-engine] [ntainer#0-0-C-1] com.uav.alarm.kafka.TelemetryConsumer    : ALARM: [CRITICAL] 地形碰撞 | 地形碰撞风险 | drone=null | pos=(39.95971559407756,116.11587106471382)
2026-06-13T01:06:22.332+08:00  WARN 35828 --- [uav-alarm-engine] [ntainer#0-0-C-1] com.uav.alarm.kafka.TelemetryConsumer    : ALARM: [CRITICAL] 地形碰撞 | 地形碰撞风险 | drone=null | pos=(39.84969436056745,116.43522949186976)
2026-06-13T01:06:22.333+08:00  WARN 35828 --- [uav-alarm-engine] [ntainer#0-0-C-1] com.uav.alarm.kafka.TelemetryConsumer    : ALARM: [CRITICAL] 地形碰撞 | 地形碰撞风险 | drone=null | pos=(40.13484007854791,116.45463562473627)
2026-06-13T01:06:22.334+08:00  WARN 35828 --- [uav-alarm-engine] [ntainer#0-0-C-1] com.uav.alarm.kafka.TelemetryConsumer    : ALARM: [CRITICAL] 地形碰撞 | 地形碰撞风险 | drone=null | pos=(39.650076534129866,116.55650460787422)
2026-06-13T01:06:22.335+08:00  WARN 35828 --- [uav-alarm-engine] [ntainer#0-0-C-1] com.uav.alarm.kafka.TelemetryConsumer    : ALARM: [CRITICAL] 地形碰撞 | 地形碰撞风险 | drone=null | pos=(39.912412161776565,116.84546921349524)
2026-06-13T01:06:22.336+08:00  WARN 35828 --- [uav-alarm-engine] [ntainer#0-0-C-1] com.uav.alarm.kafka.TelemetryConsumer    : ALARM: [CRITICAL] 地形碰撞 | 地形碰撞风险 | drone=null | pos=(40.12001134319037,116.38626998211815)
2026-06-13T01:06:22.337+08:00  WARN 35828 --- [uav-alarm-engine] [ntainer#0-0-C-1] com.uav.alarm.kafka.TelemetryConsumer    : ALARM: [CRITICAL] 地形碰撞 | 地形碰撞风险 | drone=null | pos=(40.18567852938907,116.49922323314738)
2026-06-13T01:06:22.338+08:00  WARN 35828 --- [uav-alarm-engine] [ntainer#0-0-C-1] com.uav.alarm.kafka.TelemetryConsumer    : ALARM: [CRITICAL] 地形碰撞 | 地形碰撞风险 | drone=null | pos=(40.047327163923505,116.80628762545776)
2026-06-13T01:06:22.339+08:00  WARN 35828 --- [uav-alarm-engine] [ntainer#0-0-C-1] com.uav.alarm.kafka.TelemetryConsumer    : ALARM: [CRITICAL] 地形碰撞 | 地形碰撞风险 | drone=null | pos=(39.73927858113508,116.0873206933922)
2026-06-13T01:06:22.340+08:00  WARN 35828 --- [uav-alarm-engine] [ntainer#0-0-C-1] com.uav.alarm.kafka.TelemetryConsumer    : ALARM: [CRITICAL] 地形碰撞 | 地形碰撞风险 | drone=null | pos=(39.74432440476961,116.08705803534188)
2026-06-13T01:06:22.341+08:00  WARN 35828 --- [uav-alarm-engine] [ntainer#0-0-C-1] com.uav.alarm.kafka.TelemetryConsumer    : ALARM: [CRITICAL] 地形碰撞 | 地形碰撞风险 | drone=null | pos=(40.05158878234509,116.46001983797233)
2026-06-13T01:06:22.342+08:00  WARN 35828 --- [uav-alarm-engine] [ntainer#0-0-C-1] com.uav.alarm.kafka.TelemetryConsumer    : ALARM: [CRITICAL] 地形碰撞 | 地形碰撞风险 | drone=null | pos=(39.95907658284185,116.83414878253124)
2026-06-13T01:06:22.389+08:00  WARN 35828 --- [uav-alarm-engine] [ntainer#0-0-C-1] com.uav.alarm.kafka.TelemetryConsumer    : ALARM: [CRITICAL] 地形碰撞 | 地形碰撞风险 | drone=null | pos=(39.831688934542626,116.48415317272102)
2026-06-13T01:06:22.390+08:00  WARN 35828 --- [uav-alarm-engine] [ntainer#0-0-C-1] com.uav.alarm.kafka.TelemetryConsumer    : ALARM: [CRITICAL] 地形碰撞 | 地形碰撞风险 | drone=null | pos=(39.985371186306146,116.37624454986677)
2026-06-13T01:06:22.391+08:00  WARN 35828 --- [uav-alarm-engine] [ntainer#0-0-C-1] com.uav.alarm.kafka.TelemetryConsumer    : ALARM: [CRITICAL] 地形碰撞 | 地形碰撞风险 | drone=null | pos=(39.91202219697584,116.36043468029824)
2026-06-13T01:06:22.391+08:00  WARN 35828 --- [uav-alarm-engine] [ntainer#0-0-C-1] com.uav.alarm.kafka.TelemetryConsumer    : ALARM: [CRITICAL] 地形碰撞 | 地形碰撞风险 | drone=null | pos=(40.149318941693316,116.0675226443705)
2026-06-13T01:06:22.393+08:00  WARN 35828 --- [uav-alarm-engine] [ntainer#0-0-C-1] com.uav.alarm.kafka.TelemetryConsumer    : ALARM: [CRITICAL] 地形碰撞 | 地形碰撞风险 | drone=null | pos=(39.68294048422659,116.2690255902802)
2026-06-13T01:06:22.393+08:00  WARN 35828 --- [uav-alarm-engine] [ntainer#0-0-C-1] com.uav.alarm.kafka.TelemetryConsumer    : ALARM: [CRITICAL] 地形碰撞 | 地形碰撞风险 | drone=null | pos=(39.95376312645083,116.01295694801685)
2026-06-13T01:06:22.394+08:00  WARN 35828 --- [uav-alarm-engine] [ntainer#0-0-C-1] com.uav.alarm.kafka.TelemetryConsumer    : ALARM: [CRITICAL] 地形碰撞 | 地形碰撞风险 | drone=null | pos=(39.64896561666519,116.49786074230678)
2026-06-13T01:06:22.395+08:00  WARN 35828 --- [uav-alarm-engine] [ntainer#0-0-C-1] com.uav.alarm.kafka.TelemetryConsumer    : ALARM: [CRITICAL] 地形碰撞 | 地形碰撞风险 | drone=null | pos=(39.97099891910515,116.3289335361934)
2026-06-13T01:06:22.396+08:00  WARN 35828 --- [uav-alarm-engine] [ntainer#0-0-C-1] com.uav.alarm.kafka.TelemetryConsumer    : ALARM: [CRITICAL] 地形碰撞 | 地形碰撞风险 | drone=null | pos=(39.8868146825729,116.4790747637893)
2026-06-13T01:06:22.398+08:00  WARN 35828 --- [uav-alarm-engine] [ntainer#0-0-C-1] com.uav.alarm.kafka.TelemetryConsumer    : ALARM: [CRITICAL] 地形碰撞 | 地形碰撞风险 | drone=null | pos=(39.89260146590866,116.37761997147358)
2026-06-13T01:06:22.399+08:00  WARN 35828 --- [uav-alarm-engine] [ntainer#0-0-C-1] com.uav.alarm.kafka.TelemetryConsumer    : ALARM: [CRITICAL] 地形碰撞 | 地形碰撞风险 | drone=null | pos=(40.017305411006745,116.80460964666848)
2026-06-13T01:06:22.404+08:00  WARN 35828 --- [uav-alarm-engine] [ntainer#0-0-C-1] com.uav.alarm.kafka.TelemetryConsumer    : ALARM: [CRITICAL] 地形碰撞 | 地形碰撞风险 | drone=null | pos=(40.05107250754534,116.16024095748338)
2026-06-13T01:06:22.406+08:00  WARN 35828 --- [uav-alarm-engine] [ntainer#0-0-C-1] com.uav.alarm.kafka.TelemetryConsumer    : ALARM: [CRITICAL] 地形碰撞 | 地形碰撞风险 | drone=null | pos=(39.85210774782578,116.00442215045004)
2026-06-13T01:06:22.407+08:00  WARN 35828 --- [uav-alarm-engine] [ntainer#0-0-C-1] com.uav.alarm.kafka.TelemetryConsumer    : ALARM: [CRITICAL] 地形碰撞 | 地形碰撞风险 | drone=null | pos=(39.673052261167015,116.52731088613024)
2026-06-13T01:06:22.408+08:00  WARN 35828 --- [uav-alarm-engine] [ntainer#0-0-C-1] com.uav.alarm.kafka.TelemetryConsumer    : ALARM: [CRITICAL] 地形碰撞 | 地形碰撞风险 | drone=null | pos=(39.79767146306121,116.51044266881132)
2026-06-13T01:06:22.408+08:00  WARN 35828 --- [uav-alarm-engine] [ntainer#0-0-C-1] com.uav.alarm.kafka.TelemetryConsumer    : ALARM: [CRITICAL] 地形碰撞 | 地形碰撞风险 | drone=null | pos=(40.05743997929506,116.34243233708537)
2026-06-13T01:06:22.409+08:00  WARN 35828 --- [uav-alarm-engine] [ntainer#0-0-C-1] com.uav.alarm.kafka.TelemetryConsumer    : ALARM: [CRITICAL] 地形碰撞 | 地形碰撞风险 | drone=null | pos=(40.01722461208368,116.34369479863646)
2026-06-13T01:06:22.410+08:00  WARN 35828 --- [uav-alarm-engine] [ntainer#0-0-C-1] com.uav.alarm.kafka.TelemetryConsumer    : ALARM: [CRITICAL] 地形碰撞 | 地形碰撞风险 | drone=null | pos=(39.61605339714253,116.53798649723713)
2026-06-13T01:06:22.411+08:00  WARN 35828 --- [uav-alarm-engine] [ntainer#0-0-C-1] com.uav.alarm.kafka.TelemetryConsumer    : ALARM: [CRITICAL] 地形碰撞 | 地形碰撞风险 | drone=null | pos=(39.717445988616255,116.38725138723873)
2026-06-13T01:06:22.412+08:00  WARN 35828 --- [uav-alarm-engine] [ntainer#0-0-C-1] com.uav.alarm.kafka.TelemetryConsumer    : ALARM: [CRITICAL] 地形碰撞 | 地形碰撞风险 | drone=null | pos=(40.09251131439326,116.44577513931698)
2026-06-13T01:06:22.412+08:00  WARN 35828 --- [uav-alarm-engine] [ntainer#0-0-C-1] com.uav.alarm.kafka.TelemetryConsumer    : ALARM: [CRITICAL] 地形碰撞 | 地形碰撞风险 | drone=null | pos=(40.15919759057594,116.10621561902121)
2026-06-13T01:06:22.413+08:00  WARN 35828 --- [uav-alarm-engine] [ntainer#0-0-C-1] com.uav.alarm.kafka.TelemetryConsumer    : ALARM: [CRITICAL] 地形碰撞 | 地形碰撞风险 | drone=null | pos=(39.74397715080681,116.41937001656787)
2026-06-13T01:06:22.414+08:00  WARN 35828 --- [uav-alarm-engine] [ntainer#0-0-C-1] com.uav.alarm.kafka.TelemetryConsumer    : ALARM: [CRITICAL] 地形碰撞 | 地形碰撞风险 | drone=null | pos=(39.88909561070007,116.38343268328232)
2026-06-13T01:06:22.415+08:00  WARN 35828 --- [uav-alarm-engine] [ntainer#0-0-C-1] com.uav.alarm.kafka.TelemetryConsumer    : ALARM: [CRITICAL] 地形碰撞 | 地形碰撞风险 | drone=null | pos=(40.061942819809246,116.46889419255123)
2026-06-13T01:06:22.416+08:00  WARN 35828 --- [uav-alarm-engine] [ntainer#0-0-C-1] com.uav.alarm.kafka.TelemetryConsumer    : ALARM: [CRITICAL] 地形碰撞 | 地形碰撞风险 | drone=null | pos=(39.770519827005,116.64380692784788)
2026-06-13T01:06:22.417+08:00  WARN 35828 --- [uav-alarm-engine] [ntainer#0-0-C-1] com.uav.alarm.kafka.TelemetryConsumer    : ALARM: [CRITICAL] 地形碰撞 | 地形碰撞风险 | drone=null | pos=(39.98250037575152,116.82498283204811)
2026-06-13T01:06:22.418+08:00  WARN 35828 --- [uav-alarm-engine] [ntainer#0-0-C-1] com.uav.alarm.kafka.TelemetryConsumer    : ALARM: [CRITICAL] 地形碰撞 | 地形碰撞风险 | drone=null | pos=(39.752262940741225,116.69613518814378)
2026-06-13T01:06:22.419+08:00  WARN 35828 --- [uav-alarm-engine] [ntainer#0-0-C-1] com.uav.alarm.kafka.TelemetryConsumer    : ALARM: [CRITICAL] 地形碰撞 | 地形碰撞风险 | drone=null | pos=(39.73666489602252,116.40330005967267)
2026-06-13T01:06:22.420+08:00  WARN 35828 --- [uav-alarm-engine] [ntainer#0-0-C-1] com.uav.alarm.kafka.TelemetryConsumer    : ALARM: [CRITICAL] 地形碰撞 | 地形碰撞风险 | drone=null | pos=(40.13638116500543,116.2940813209788)
2026-06-13T01:06:22.421+08:00  WARN 35828 --- [uav-alarm-engine] [ntainer#0-0-C-1] com.uav.alarm.kafka.TelemetryConsumer    : ALARM: [CRITICAL] 地形碰撞 | 地形碰撞风险 | drone=null | pos=(39.92253390791412,116.4429403668607)
2026-06-13T01:06:22.422+08:00  WARN 35828 --- [uav-alarm-engine] [ntainer#0-0-C-1] com.uav.alarm.kafka.TelemetryConsumer    : ALARM: [CRITICAL] 地形碰撞 | 地形碰撞风险 | drone=null | pos=(39.907697436004206,116.39178324819078)
2026-06-13T01:06:22.424+08:00  WARN 35828 --- [uav-alarm-engine] [ntainer#0-0-C-1] com.uav.alarm.kafka.TelemetryConsumer    : ALARM: [CRITICAL] 地形碰撞 | 地形碰撞风险 | drone=null | pos=(39.701511011163916,116.77403619390029)
2026-06-13T01:06:22.425+08:00  WARN 35828 --- [uav-alarm-engine] [ntainer#0-0-C-1] com.uav.alarm.kafka.TelemetryConsumer    : ALARM: [CRITICAL] 地形碰撞 | 地形碰撞风险 | drone=null | pos=(40.044055789093925,116.35723448314634)
2026-06-13T01:06:22.426+08:00  WARN 35828 --- [uav-alarm-engine] [ntainer#0-0-C-1] com.uav.alarm.kafka.TelemetryConsumer    : ALARM: [CRITICAL] 地形碰撞 | 地形碰撞风险 | drone=null | pos=(39.85587139519504,116.23207654280476)
2026-06-13T01:06:22.426+08:00  WARN 35828 --- [uav-alarm-engine] [ntainer#0-0-C-1] com.uav.alarm.kafka.TelemetryConsumer    : ALARM: [CRITICAL] 地形碰撞 | 地形碰撞风险 | drone=null | pos=(39.7097276639112,116.19226312890599)
2026-06-13T01:06:22.427+08:00  WARN 35828 --- [uav-alarm-engine] [ntainer#0-0-C-1] com.uav.alarm.kafka.TelemetryConsumer    : ALARM: [CRITICAL] 地形碰撞 | 地形碰撞风险 | drone=null | pos=(39.88470519192534,116.1029251962054)
2026-06-13T01:06:22.428+08:00  WARN 35828 --- [uav-alarm-engine] [ntainer#0-0-C-1] com.uav.alarm.kafka.TelemetryConsumer    : ALARM: [CRITICAL] 地形碰撞 | 地形碰撞风险 | drone=null | pos=(39.574732421461135,116.53342459999072)
2026-06-13T01:06:22.429+08:00  WARN 35828 --- [uav-alarm-engine] [ntainer#0-0-C-1] com.uav.alarm.kafka.TelemetryConsumer    : ALARM: [CRITICAL] 地形碰撞 | 地形碰撞风险 | drone=null | pos=(39.63614968924765,116.57659361212079)
2026-06-13T01:06:22.429+08:00  WARN 35828 --- [uav-alarm-engine] [ntainer#0-0-C-1] com.uav.alarm.kafka.TelemetryConsumer    : ALARM: [CRITICAL] 地形碰撞 | 地形碰撞风险 | drone=null | pos=(39.92995827219367,116.25741268537202)
2026-06-13T01:06:22.430+08:00  WARN 35828 --- [uav-alarm-engine] [ntainer#0-0-C-1] com.uav.alarm.kafka.TelemetryConsumer    : ALARM: [CRITICAL] 地形碰撞 | 地形碰撞风险 | drone=null | pos=(40.00382235580032,116.05952137964684)
2026-06-13T01:06:22.432+08:00  WARN 35828 --- [uav-alarm-engine] [ntainer#0-0-C-1] com.uav.alarm.kafka.TelemetryConsumer    : ALARM: [CRITICAL] 地形碰撞 | 地形碰撞风险 | drone=null | pos=(40.10976824176881,116.51568887302831)
2026-06-13T01:06:22.432+08:00  WARN 35828 --- [uav-alarm-engine] [ntainer#0-0-C-1] com.uav.alarm.kafka.TelemetryConsumer    : ALARM: [CRITICAL] 地形碰撞 | 地形碰撞风险 | drone=null | pos=(39.899145595628625,116.4001118497662)
2026-06-13T01:06:22.433+08:00  WARN 35828 --- [uav-alarm-engine] [ntainer#0-0-C-1] com.uav.alarm.kafka.TelemetryConsumer    : ALARM: [CRITICAL] 地形碰撞 | 地形碰撞风险 | drone=null | pos=(39.90510355301135,116.63474458544607)
2026-06-13T01:06:22.434+08:00  WARN 35828 --- [uav-alarm-engine] [ntainer#0-0-C-1] com.uav.alarm.kafka.TelemetryConsumer    : ALARM: [CRITICAL] 地形碰撞 | 地形碰撞风险 | drone=null | pos=(39.942482284612595,116.5237317524395)
2026-06-13T01:06:22.435+08:00  WARN 35828 --- [uav-alarm-engine] [ntainer#0-0-C-1] com.uav.alarm.kafka.TelemetryConsumer    : ALARM: [CRITICAL] 地形碰撞 | 地形碰撞风险 | drone=null | pos=(39.90233096382401,116.41002732335042)
2026-06-13T01:06:22.437+08:00  WARN 35828 --- [uav-alarm-engine] [ntainer#0-0-C-1] com.uav.alarm.kafka.TelemetryConsumer    : ALARM: [CRITICAL] 地形碰撞 | 地形碰撞风险 | drone=null | pos=(39.91840689404564,116.36712411093495)
2026-06-13T01:06:22.438+08:00  WARN 35828 --- [uav-alarm-engine] [ntainer#0-0-C-1] com.uav.alarm.kafka.TelemetryConsumer    : ALARM: [CRITICAL] 地形碰撞 | 地形碰撞风险 | drone=null | pos=(39.76696864938751,116.51858851485619)
2026-06-13T01:06:22.439+08:00  WARN 35828 --- [uav-alarm-engine] [ntainer#0-0-C-1] com.uav.alarm.kafka.TelemetryConsumer    : ALARM: [CRITICAL] 地形碰撞 | 地形碰撞风险 | drone=null | pos=(39.85196334175268,116.73558448646506)
2026-06-13T01:06:22.439+08:00  WARN 35828 --- [uav-alarm-engine] [ntainer#0-0-C-1] com.uav.alarm.kafka.TelemetryConsumer    : ALARM: [CRITICAL] 地形碰撞 | 地形碰撞风险 | drone=null | pos=(39.96454731342761,116.29669634257262)
2026-06-13T01:06:22.440+08:00  WARN 35828 --- [uav-alarm-engine] [ntainer#0-0-C-1] com.uav.alarm.kafka.TelemetryConsumer    : ALARM: [CRITICAL] 地形碰撞 | 地形碰撞风险 | drone=null | pos=(39.752044751129844,116.09188100378672)
2026-06-13T01:06:22.440+08:00  WARN 35828 --- [uav-alarm-engine] [ntainer#0-0-C-1] com.uav.alarm.kafka.TelemetryConsumer    : ALARM: [CRITICAL] 地形碰撞 | 地形碰撞风险 | drone=null | pos=(39.91503316029106,116.40757625749714)
2026-06-13T01:06:22.442+08:00  WARN 35828 --- [uav-alarm-engine] [ntainer#0-0-C-1] com.uav.alarm.kafka.TelemetryConsumer    : ALARM: [CRITICAL] 地形碰撞 | 地形碰撞风险 | drone=null | pos=(39.97923958772198,116.74254468377765)
2026-06-13T01:06:22.442+08:00  WARN 35828 --- [uav-alarm-engine] [ntainer#0-0-C-1] com.uav.alarm.kafka.TelemetryConsumer    : ALARM: [CRITICAL] 地形碰撞 | 地形碰撞风险 | drone=null | pos=(39.62486433799298,116.36259405479633)
2026-06-13T01:06:22.443+08:00  WARN 35828 --- [uav-alarm-engine] [ntainer#0-0-C-1] com.uav.alarm.kafka.TelemetryConsumer    : ALARM: [CRITICAL] 地形碰撞 | 地形碰撞风险 | drone=null | pos=(40.15802696538642,116.68261962238526)
2026-06-13T01:06:22.444+08:00  WARN 35828 --- [uav-alarm-engine] [ntainer#0-0-C-1] com.uav.alarm.kafka.TelemetryConsumer    : ALARM: [CRITICAL] 地形碰撞 | 地形碰撞风险 | drone=null | pos=(39.99355574458625,116.07211449559142)
2026-06-13T01:06:22.444+08:00  WARN 35828 --- [uav-alarm-engine] [ntainer#0-0-C-1] com.uav.alarm.kafka.TelemetryConsumer    : ALARM: [CRITICAL] 地形碰撞 | 地形碰撞风险 | drone=null | pos=(39.9845969763374,116.56219325818974)
2026-06-13T01:06:22.445+08:00  WARN 35828 --- [uav-alarm-engine] [ntainer#0-0-C-1] com.uav.alarm.kafka.TelemetryConsumer    : ALARM: [CRITICAL] 地形碰撞 | 地形碰撞风险 | drone=null | pos=(39.95759578184475,116.5002299677353)
2026-06-13T01:06:22.446+08:00  WARN 35828 --- [uav-alarm-engine] [ntainer#0-0-C-1] com.uav.alarm.kafka.TelemetryConsumer    : ALARM: [CRITICAL] 地形碰撞 | 地形碰撞风险 | drone=null | pos=(39.89647178687149,116.45483102496398)
2026-06-13T01:06:22.447+08:00  WARN 35828 --- [uav-alarm-engine] [ntainer#0-0-C-1] com.uav.alarm.kafka.TelemetryConsumer    : ALARM: [CRITICAL] 地形碰撞 | 地形碰撞风险 | drone=null | pos=(39.85352340157142,116.44177575737079)
2026-06-13T01:06:22.448+08:00  WARN 35828 --- [uav-alarm-engine] [ntainer#0-0-C-1] com.uav.alarm.kafka.TelemetryConsumer    : ALARM: [CRITICAL] 地形碰撞 | 地形碰撞风险 | drone=null | pos=(39.910369885920176,115.96760655278942)
2026-06-13T01:06:22.449+08:00  WARN 35828 --- [uav-alarm-engine] [ntainer#0-0-C-1] com.uav.alarm.kafka.TelemetryConsumer    : ALARM: [CRITICAL] 地形碰撞 | 地形碰撞风险 | drone=null | pos=(39.99680311338065,116.13746640604103)
2026-06-13T01:06:22.450+08:00  WARN 35828 --- [uav-alarm-engine] [ntainer#0-0-C-1] com.uav.alarm.kafka.TelemetryConsumer    : ALARM: [CRITICAL] 地形碰撞 | 地形碰撞风险 | drone=null | pos=(39.895186728612416,116.47881966881882)
2026-06-13T01:06:22.450+08:00  WARN 35828 --- [uav-alarm-engine] [ntainer#0-0-C-1] com.uav.alarm.kafka.TelemetryConsumer    : ALARM: [CRITICAL] 地形碰撞 | 地形碰撞风险 | drone=null | pos=(39.791983548014535,116.3119929799191)
2026-06-13T01:06:22.451+08:00  WARN 35828 --- [uav-alarm-engine] [ntainer#0-0-C-1] com.uav.alarm.kafka.TelemetryConsumer    : ALARM: [CRITICAL] 地形碰撞 | 地形碰撞风险 | drone=null | pos=(39.82816659661401,116.55944227931946)
2026-06-13T01:06:22.452+08:00  WARN 35828 --- [uav-alarm-engine] [ntainer#0-0-C-1] com.uav.alarm.kafka.TelemetryConsumer    : ALARM: [CRITICAL] 地形碰撞 | 地形碰撞风险 | drone=null | pos=(39.924089926007234,116.59641696416234)
2026-06-13T01:06:22.453+08:00  WARN 35828 --- [uav-alarm-engine] [ntainer#0-0-C-1] com.uav.alarm.kafka.TelemetryConsumer    : ALARM: [CRITICAL] 地形碰撞 | 地形碰撞风险 | drone=null | pos=(39.861222272141625,116.32341240498633)
2026-06-13T01:06:22.454+08:00  WARN 35828 --- [uav-alarm-engine] [ntainer#0-0-C-1] com.uav.alarm.kafka.TelemetryConsumer    : ALARM: [CRITICAL] 地形碰撞 | 地形碰撞风险 | drone=null | pos=(39.65719398883113,116.65872183295792)
2026-06-13T01:06:22.454+08:00  WARN 35828 --- [uav-alarm-engine] [ntainer#0-0-C-1] com.uav.alarm.kafka.TelemetryConsumer    : ALARM: [CRITICAL] 地形碰撞 | 地形碰撞风险 | drone=null | pos=(40.18362843439643,116.25278891786735)
2026-06-13T01:06:22.454+08:00  WARN 35828 --- [uav-alarm-engine] [ntainer#0-0-C-1] com.uav.alarm.kafka.TelemetryConsumer    : ALARM: [CRITICAL] 地形碰撞 | 地形碰撞风险 | drone=null | pos=(39.65437403193324,116.501384018419)
2026-06-13T01:06:22.456+08:00  WARN 35828 --- [uav-alarm-engine] [ntainer#0-0-C-1] com.uav.alarm.kafka.TelemetryConsumer    : ALARM: [CRITICAL] 地形碰撞 | 地形碰撞风险 | drone=null | pos=(39.79982039573052,116.16011452367898)
2026-06-13T01:06:22.457+08:00  WARN 35828 --- [uav-alarm-engine] [ntainer#0-0-C-1] com.uav.alarm.kafka.TelemetryConsumer    : ALARM: [CRITICAL] 地形碰撞 | 地形碰撞风险 | drone=null | pos=(40.24252738624003,116.28242631228858)
2026-06-13T01:06:22.458+08:00  WARN 35828 --- [uav-alarm-engine] [ntainer#0-0-C-1] com.uav.alarm.kafka.TelemetryConsumer    : ALARM: [CRITICAL] 地形碰撞 | 地形碰撞风险 | drone=null | pos=(39.84907939744209,116.37905057671334)
2026-06-13T01:06:22.458+08:00  WARN 35828 --- [uav-alarm-engine] [ntainer#0-0-C-1] com.uav.alarm.kafka.TelemetryConsumer    : ALARM: [CRITICAL] 地形碰撞 | 地形碰撞风险 | drone=null | pos=(39.86513478498551,116.6080193619783)
2026-06-13T01:06:22.459+08:00  WARN 35828 --- [uav-alarm-engine] [ntainer#0-0-C-1] com.uav.alarm.kafka.TelemetryConsumer    : ALARM: [CRITICAL] 地形碰撞 | 地形碰撞风险 | drone=null | pos=(40.094467110433094,116.09160460240491)
2026-06-13T01:06:22.460+08:00  WARN 35828 --- [uav-alarm-engine] [ntainer#0-0-C-1] com.uav.alarm.kafka.TelemetryConsumer    : ALARM: [CRITICAL] 地形碰撞 | 地形碰撞风险 | drone=null | pos=(39.96352783898297,116.27189770714854)
2026-06-13T01:06:22.461+08:00  WARN 35828 --- [uav-alarm-engine] [ntainer#0-0-C-1] com.uav.alarm.kafka.TelemetryConsumer    : ALARM: [CRITICAL] 地形碰撞 | 地形碰撞风险 | drone=null | pos=(40.20334798913766,116.53580936334873)
2026-06-13T01:06:22.462+08:00  WARN 35828 --- [uav-alarm-engine] [ntainer#0-0-C-1] com.uav.alarm.kafka.TelemetryConsumer    : ALARM: [CRITICAL] 地形碰撞 | 地形碰撞风险 | drone=null | pos=(39.845052883923294,116.41017517058674)
2026-06-13T01:06:22.463+08:00  WARN 35828 --- [uav-alarm-engine] [ntainer#0-0-C-1] com.uav.alarm.kafka.TelemetryConsumer    : ALARM: [CRITICAL] 地形碰撞 | 地形碰撞风险 | drone=null | pos=(39.69755147365661,116.33930847599967)
2026-06-13T01:06:22.463+08:00  WARN 35828 --- [uav-alarm-engine] [ntainer#0-0-C-1] com.uav.alarm.kafka.TelemetryConsumer    : ALARM: [CRITICAL] 地形碰撞 | 地形碰撞风险 | drone=null | pos=(39.91631327454823,116.41646874657705)
2026-06-13T01:06:22.464+08:00  WARN 35828 --- [uav-alarm-engine] [ntainer#0-0-C-1] com.uav.alarm.kafka.TelemetryConsumer    : ALARM: [CRITICAL] 地形碰撞 | 地形碰撞风险 | drone=null | pos=(40.08268688629453,116.00784637468936)
2026-06-13T01:06:22.465+08:00  WARN 35828 --- [uav-alarm-engine] [ntainer#0-0-C-1] com.uav.alarm.kafka.TelemetryConsumer    : ALARM: [CRITICAL] 地形碰撞 | 地形碰撞风险 | drone=null | pos=(40.15413202916377,116.49861952708795)
2026-06-13T01:06:22.465+08:00  WARN 35828 --- [uav-alarm-engine] [ntainer#0-0-C-1] com.uav.alarm.kafka.TelemetryConsumer    : ALARM: [CRITICAL] 地形碰撞 | 地形碰撞风险 | drone=null | pos=(39.90826783081276,116.41745264246067)
2026-06-13T01:06:22.466+08:00  WARN 35828 --- [uav-alarm-engine] [ntainer#0-0-C-1] com.uav.alarm.kafka.TelemetryConsumer    : ALARM: [CRITICAL] 地形碰撞 | 地形碰撞风险 | drone=null | pos=(39.74944101449439,116.47598361069596)
2026-06-13T01:06:22.467+08:00  WARN 35828 --- [uav-alarm-engine] [ntainer#0-0-C-1] com.uav.alarm.kafka.TelemetryConsumer    : ALARM: [CRITICAL] 地形碰撞 | 地形碰撞风险 | drone=null | pos=(39.93187174053557,116.4575966731653)
2026-06-13T01:06:22.468+08:00  WARN 35828 --- [uav-alarm-engine] [ntainer#0-0-C-1] com.uav.alarm.kafka.TelemetryConsumer    : ALARM: [CRITICAL] 地形碰撞 | 地形碰撞风险 | drone=null | pos=(40.13126648450918,116.181968465448)
2026-06-13T01:06:22.468+08:00  WARN 35828 --- [uav-alarm-engine] [ntainer#0-0-C-1] com.uav.alarm.kafka.TelemetryConsumer    : ALARM: [CRITICAL] 地形碰撞 | 地形碰撞风险 | drone=null | pos=(40.044460419922046,116.15695860989331)
2026-06-13T01:06:22.469+08:00  WARN 35828 --- [uav-alarm-engine] [ntainer#0-0-C-1] com.uav.alarm.kafka.TelemetryConsumer    : ALARM: [CRITICAL] 地形碰撞 | 地形碰撞风险 | drone=null | pos=(40.05093358132767,116.6520919298522)
2026-06-13T01:06:22.469+08:00  WARN 35828 --- [uav-alarm-engine] [ntainer#0-0-C-1] com.uav.alarm.kafka.TelemetryConsumer    : ALARM: [CRITICAL] 地形碰撞 | 地形碰撞风险 | drone=null | pos=(39.873797006042416,116.45903662498921)
2026-06-13T01:06:22.470+08:00  WARN 35828 --- [uav-alarm-engine] [ntainer#0-0-C-1] com.uav.alarm.kafka.TelemetryConsumer    : ALARM: [CRITICAL] 地形碰撞 | 地形碰撞风险 | drone=null | pos=(39.80856451893218,116.4880705122287)
2026-06-13T01:06:22.471+08:00  WARN 35828 --- [uav-alarm-engine] [ntainer#0-0-C-1] com.uav.alarm.kafka.TelemetryConsumer    : ALARM: [CRITICAL] 地形碰撞 | 地形碰撞风险 | drone=null | pos=(39.892902754519625,116.41504933610867)
2026-06-13T01:06:22.472+08:00  WARN 35828 --- [uav-alarm-engine] [ntainer#0-0-C-1] com.uav.alarm.kafka.TelemetryConsumer    : ALARM: [CRITICAL] 地形碰撞 | 地形碰撞风险 | drone=null | pos=(39.822749432473714,116.38800400991809)
2026-06-13T01:06:22.472+08:00  WARN 35828 --- [uav-alarm-engine] [ntainer#0-0-C-1] com.uav.alarm.kafka.TelemetryConsumer    : ALARM: [CRITICAL] 地形碰撞 | 地形碰撞风险 | drone=null | pos=(39.67246847627961,116.72869901366201)
2026-06-13T01:06:22.473+08:00  WARN 35828 --- [uav-alarm-engine] [ntainer#0-0-C-1] com.uav.alarm.kafka.TelemetryConsumer    : ALARM: [CRITICAL] 地形碰撞 | 地形碰撞风险 | drone=null | pos=(40.073265149213334,116.37445025731738)
2026-06-13T01:06:22.473+08:00  WARN 35828 --- [uav-alarm-engine] [ntainer#0-0-C-1] com.uav.alarm.kafka.TelemetryConsumer    : ALARM: [CRITICAL] 地形碰撞 | 地形碰撞风险 | drone=null | pos=(39.86185076422407,116.18446283489891)
2026-06-13T01:06:22.474+08:00  WARN 35828 --- [uav-alarm-engine] [ntainer#0-0-C-1] com.uav.alarm.kafka.TelemetryConsumer    : ALARM: [CRITICAL] 地形碰撞 | 地形碰撞风险 | drone=null | pos=(40.1126152247774,116.50712802238012)
2026-06-13T01:06:22.475+08:00  WARN 35828 --- [uav-alarm-engine] [ntainer#0-0-C-1] com.uav.alarm.kafka.TelemetryConsumer    : ALARM: [CRITICAL] 地形碰撞 | 地形碰撞风险 | drone=null | pos=(39.73323768753596,116.50449407776384)
2026-06-13T01:06:22.476+08:00  WARN 35828 --- [uav-alarm-engine] [ntainer#0-0-C-1] com.uav.alarm.kafka.TelemetryConsumer    : ALARM: [CRITICAL] 地形碰撞 | 地形碰撞风险 | drone=null | pos=(39.91692783031062,116.147658068072)
2026-06-13T01:06:22.476+08:00  WARN 35828 --- [uav-alarm-engine] [ntainer#0-0-C-1] com.uav.alarm.kafka.TelemetryConsumer    : ALARM: [CRITICAL] 地形碰撞 | 地形碰撞风险 | drone=null | pos=(39.6855426968202,116.19037411755762)
2026-06-13T01:06:22.477+08:00  WARN 35828 --- [uav-alarm-engine] [ntainer#0-0-C-1] com.uav.alarm.kafka.TelemetryConsumer    : ALARM: [CRITICAL] 地形碰撞 | 地形碰撞风险 | drone=null | pos=(39.91511073955503,116.26997480464497)
2026-06-13T01:06:22.478+08:00  WARN 35828 --- [uav-alarm-engine] [ntainer#0-0-C-1] com.uav.alarm.kafka.TelemetryConsumer    : ALARM: [CRITICAL] 地形碰撞 | 地形碰撞风险 | drone=null | pos=(39.93052243220418,116.30587075377512)
2026-06-13T01:06:22.479+08:00  WARN 35828 --- [uav-alarm-engine] [ntainer#0-0-C-1] com.uav.alarm.kafka.TelemetryConsumer    : ALARM: [CRITICAL] 地形碰撞 | 地形碰撞风险 | drone=null | pos=(39.85404372512014,116.50368674004726)
2026-06-13T01:06:22.479+08:00  WARN 35828 --- [uav-alarm-engine] [ntainer#0-0-C-1] com.uav.alarm.kafka.TelemetryConsumer    : ALARM: [CRITICAL] 地形碰撞 | 地形碰撞风险 | drone=null | pos=(40.17297102770314,116.57162611555209)
2026-06-13T01:06:22.480+08:00  WARN 35828 --- [uav-alarm-engine] [ntainer#0-0-C-1] com.uav.alarm.kafka.TelemetryConsumer    : ALARM: [CRITICAL] 地形碰撞 | 地形碰撞风险 | drone=null | pos=(39.69415848453718,116.43540879835247)
2026-06-13T01:06:22.481+08:00  WARN 35828 --- [uav-alarm-engine] [ntainer#0-0-C-1] com.uav.alarm.kafka.TelemetryConsumer    : ALARM: [CRITICAL] 地形碰撞 | 地形碰撞风险 | drone=null | pos=(39.81198635838075,116.73660818123037)
2026-06-13T01:06:22.482+08:00  WARN 35828 --- [uav-alarm-engine] [ntainer#0-0-C-1] com.uav.alarm.kafka.TelemetryConsumer    : ALARM: [CRITICAL] 地形碰撞 | 地形碰撞风险 | drone=null | pos=(40.180723484631834,116.59198265173181)
2026-06-13T01:06:22.482+08:00  WARN 35828 --- [uav-alarm-engine] [ntainer#0-0-C-1] com.uav.alarm.kafka.TelemetryConsumer    : ALARM: [CRITICAL] 地形碰撞 | 地形碰撞风险 | drone=null | pos=(40.05238652043253,116.52635528737758)
2026-06-13T01:06:22.483+08:00  WARN 35828 --- [uav-alarm-engine] [ntainer#0-0-C-1] com.uav.alarm.kafka.TelemetryConsumer    : ALARM: [CRITICAL] 地形碰撞 | 地形碰撞风险 | drone=null | pos=(39.75952687150211,116.15804698829427)
2026-06-13T01:06:22.483+08:00  WARN 35828 --- [uav-alarm-engine] [ntainer#0-0-C-1] com.uav.alarm.kafka.TelemetryConsumer    : ALARM: [CRITICAL] 地形碰撞 | 地形碰撞风险 | drone=null | pos=(39.79112785843047,116.58073268490672)
2026-06-13T01:06:22.484+08:00  WARN 35828 --- [uav-alarm-engine] [ntainer#0-0-C-1] com.uav.alarm.kafka.TelemetryConsumer    : ALARM: [CRITICAL] 地形碰撞 | 地形碰撞风险 | drone=null | pos=(39.89462466098878,116.18674842906283)
2026-06-13T01:06:22.484+08:00  WARN 35828 --- [uav-alarm-engine] [ntainer#0-0-C-1] com.uav.alarm.kafka.TelemetryConsumer    : ALARM: [CRITICAL] 地形碰撞 | 地形碰撞风险 | drone=null | pos=(40.02522970177197,116.30511913284906)
2026-06-13T01:06:22.486+08:00  WARN 35828 --- [uav-alarm-engine] [ntainer#0-0-C-1] com.uav.alarm.kafka.TelemetryConsumer    : ALARM: [CRITICAL] 地形碰撞 | 地形碰撞风险 | drone=null | pos=(39.924003523744275,116.3144754641532)
2026-06-13T01:06:22.486+08:00  WARN 35828 --- [uav-alarm-engine] [ntainer#0-0-C-1] com.uav.alarm.kafka.TelemetryConsumer    : ALARM: [CRITICAL] 地形碰撞 | 地形碰撞风险 | drone=null | pos=(40.10551576858549,116.26663843640152)
2026-06-13T01:06:22.487+08:00  WARN 35828 --- [uav-alarm-engine] [ntainer#0-0-C-1] com.uav.alarm.kafka.TelemetryConsumer    : ALARM: [CRITICAL] 地形碰撞 | 地形碰撞风险 | drone=null | pos=(39.97640780419291,116.60029159614486)
2026-06-13T01:06:22.488+08:00  WARN 35828 --- [uav-alarm-engine] [ntainer#0-0-C-1] com.uav.alarm.kafka.TelemetryConsumer    : ALARM: [CRITICAL] 地形碰撞 | 地形碰撞风险 | drone=null | pos=(40.15795272358798,116.36919282469202)
2026-06-13T01:06:22.488+08:00  WARN 35828 --- [uav-alarm-engine] [ntainer#0-0-C-1] com.uav.alarm.kafka.TelemetryConsumer    : ALARM: [CRITICAL] 地形碰撞 | 地形碰撞风险 | drone=null | pos=(40.201221873073024,116.37720921910517)
2026-06-13T01:06:22.489+08:00  WARN 35828 --- [uav-alarm-engine] [ntainer#0-0-C-1] com.uav.alarm.kafka.TelemetryConsumer    : ALARM: [CRITICAL] 地形碰撞 | 地形碰撞风险 | drone=null | pos=(39.906631817530375,116.40311920118528)
2026-06-13T01:06:22.490+08:00  WARN 35828 --- [uav-alarm-engine] [ntainer#0-0-C-1] com.uav.alarm.kafka.TelemetryConsumer    : ALARM: [CRITICAL] 地形碰撞 | 地形碰撞风险 | drone=null | pos=(39.98350318730727,116.33741188891179)
2026-06-13T01:06:22.491+08:00  WARN 35828 --- [uav-alarm-engine] [ntainer#0-0-C-1] com.uav.alarm.kafka.TelemetryConsumer    : ALARM: [CRITICAL] 地形碰撞 | 地形碰撞风险 | drone=null | pos=(39.863330116161194,116.05208842961193)
2026-06-13T01:06:22.492+08:00  WARN 35828 --- [uav-alarm-engine] [ntainer#0-0-C-1] com.uav.alarm.kafka.TelemetryConsumer    : ALARM: [CRITICAL] 地形碰撞 | 地形碰撞风险 | drone=null | pos=(39.823547786570295,116.7208891700419)
2026-06-13T01:06:22.492+08:00  WARN 35828 --- [uav-alarm-engine] [ntainer#0-0-C-1] com.uav.alarm.kafka.TelemetryConsumer    : ALARM: [CRITICAL] 地形碰撞 | 地形碰撞风险 | drone=null | pos=(39.84762389665688,116.5334559800293)
2026-06-13T01:06:22.493+08:00  WARN 35828 --- [uav-alarm-engine] [ntainer#0-0-C-1] com.uav.alarm.kafka.TelemetryConsumer    : ALARM: [CRITICAL] 地形碰撞 | 地形碰撞风险 | drone=null | pos=(39.7922221513312,116.31526742204878)
2026-06-13T01:06:22.493+08:00  WARN 35828 --- [uav-alarm-engine] [ntainer#0-0-C-1] com.uav.alarm.kafka.TelemetryConsumer    : ALARM: [CRITICAL] 地形碰撞 | 地形碰撞风险 | drone=null | pos=(39.74262246044699,116.66243736498456)
2026-06-13T01:06:22.495+08:00  WARN 35828 --- [uav-alarm-engine] [ntainer#0-0-C-1] com.uav.alarm.kafka.TelemetryConsumer    : ALARM: [CRITICAL] 地形碰撞 | 地形碰撞风险 | drone=null | pos=(39.69444614784434,116.72754282838332)
2026-06-13T01:06:22.496+08:00  WARN 35828 --- [uav-alarm-engine] [ntainer#0-0-C-1] com.uav.alarm.kafka.TelemetryConsumer    : ALARM: [CRITICAL] 地形碰撞 | 地形碰撞风险 | drone=null | pos=(40.13514981176475,116.56976492890131)
2026-06-13T01:06:22.497+08:00  WARN 35828 --- [uav-alarm-engine] [ntainer#0-0-C-1] com.uav.alarm.kafka.TelemetryConsumer    : ALARM: [CRITICAL] 地形碰撞 | 地形碰撞风险 | drone=null | pos=(39.97574691878297,116.61994511450257)
2026-06-13T01:06:22.497+08:00  WARN 35828 --- [uav-alarm-engine] [ntainer#0-0-C-1] com.uav.alarm.kafka.TelemetryConsumer    : ALARM: [CRITICAL] 地形碰撞 | 地形碰撞风险 | drone=null | pos=(40.01493487621539,116.61402462613854)
2026-06-13T01:06:22.498+08:00  WARN 35828 --- [uav-alarm-engine] [ntainer#0-0-C-1] com.uav.alarm.kafka.TelemetryConsumer    : ALARM: [CRITICAL] 地形碰撞 | 地形碰撞风险 | drone=null | pos=(39.901544488671036,116.39238876560994)
2026-06-13T01:06:22.499+08:00  WARN 35828 --- [uav-alarm-engine] [ntainer#0-0-C-1] com.uav.alarm.kafka.TelemetryConsumer    : ALARM: [CRITICAL] 地形碰撞 | 地形碰撞风险 | drone=null | pos=(39.63446451422804,116.35117310412801)
2026-06-13T01:06:22.500+08:00  WARN 35828 --- [uav-alarm-engine] [ntainer#0-0-C-1] com.uav.alarm.kafka.TelemetryConsumer    : ALARM: [CRITICAL] 地形碰撞 | 地形碰撞风险 | drone=null | pos=(39.8978080581268,116.58742688743949)
2026-06-13T01:06:22.500+08:00  WARN 35828 --- [uav-alarm-engine] [ntainer#0-0-C-1] com.uav.alarm.kafka.TelemetryConsumer    : ALARM: [CRITICAL] 地形碰撞 | 地形碰撞风险 | drone=null | pos=(39.5838082079218,116.55514146333554)
2026-06-13T01:06:22.502+08:00  WARN 35828 --- [uav-alarm-engine] [ntainer#0-0-C-1] com.uav.alarm.kafka.TelemetryConsumer    : ALARM: [CRITICAL] 地形碰撞 | 地形碰撞风险 | drone=null | pos=(39.58600615257316,116.54175915535798)
2026-06-13T01:06:22.503+08:00  WARN 35828 --- [uav-alarm-engine] [ntainer#0-0-C-1] com.uav.alarm.kafka.TelemetryConsumer    : ALARM: [CRITICAL] 地形碰撞 | 地形碰撞风险 | drone=null | pos=(40.09416889702308,116.73923518654071)
2026-06-13T01:06:22.503+08:00  WARN 35828 --- [uav-alarm-engine] [ntainer#0-0-C-1] com.uav.alarm.kafka.TelemetryConsumer    : ALARM: [CRITICAL] 地形碰撞 | 地形碰撞风险 | drone=null | pos=(39.80514665631773,116.41171143730145)
2026-06-13T01:06:22.504+08:00  WARN 35828 --- [uav-alarm-engine] [ntainer#0-0-C-1] com.uav.alarm.kafka.TelemetryConsumer    : ALARM: [CRITICAL] 地形碰撞 | 地形碰撞风险 | drone=null | pos=(40.08544089146382,116.05161883038973)
2026-06-13T01:06:22.505+08:00  WARN 35828 --- [uav-alarm-engine] [ntainer#0-0-C-1] com.uav.alarm.kafka.TelemetryConsumer    : ALARM: [CRITICAL] 地形碰撞 | 地形碰撞风险 | drone=null | pos=(40.11146804197354,116.31928289255664)
2026-06-13T01:06:22.505+08:00  WARN 35828 --- [uav-alarm-engine] [ntainer#0-0-C-1] com.uav.alarm.kafka.TelemetryConsumer    : ALARM: [CRITICAL] 地形碰撞 | 地形碰撞风险 | drone=null | pos=(39.739863421821276,116.07269661614967)
2026-06-13T01:06:22.506+08:00  WARN 35828 --- [uav-alarm-engine] [ntainer#0-0-C-1] com.uav.alarm.kafka.TelemetryConsumer    : ALARM: [CRITICAL] 地形碰撞 | 地形碰撞风险 | drone=null | pos=(39.9123170925183,116.39478200317163)
2026-06-13T01:06:22.507+08:00  WARN 35828 --- [uav-alarm-engine] [ntainer#0-0-C-1] com.uav.alarm.kafka.TelemetryConsumer    : ALARM: [CRITICAL] 地形碰撞 | 地形碰撞风险 | drone=null | pos=(39.96545998359412,116.6913069161766)
2026-06-13T01:06:22.508+08:00  WARN 35828 --- [uav-alarm-engine] [ntainer#0-0-C-1] com.uav.alarm.kafka.TelemetryConsumer    : ALARM: [CRITICAL] 地形碰撞 | 地形碰撞风险 | drone=null | pos=(40.042983116026114,116.08271424927842)
2026-06-13T01:06:22.508+08:00  WARN 35828 --- [uav-alarm-engine] [ntainer#0-0-C-1] com.uav.alarm.kafka.TelemetryConsumer    : ALARM: [CRITICAL] 地形碰撞 | 地形碰撞风险 | drone=null | pos=(39.805817007214685,116.06129045074191)
2026-06-13T01:06:22.510+08:00  WARN 35828 --- [uav-alarm-engine] [ntainer#0-0-C-1] com.uav.alarm.kafka.TelemetryConsumer    : ALARM: [CRITICAL] 地形碰撞 | 地形碰撞风险 | drone=null | pos=(39.972505125543144,116.40741850469084)
2026-06-13T01:06:22.510+08:00  WARN 35828 --- [uav-alarm-engine] [ntainer#0-0-C-1] com.uav.alarm.kafka.TelemetryConsumer    : ALARM: [CRITICAL] 地形碰撞 | 地形碰撞风险 | drone=null | pos=(39.93867222425703,116.58223063030495)
2026-06-13T01:06:22.511+08:00  WARN 35828 --- [uav-alarm-engine] [ntainer#0-0-C-1] com.uav.alarm.kafka.TelemetryConsumer    : ALARM: [CRITICAL] 地形碰撞 | 地形碰撞风险 | drone=null | pos=(40.1543375769534,116.25791419203452)
2026-06-13T01:06:22.512+08:00  WARN 35828 --- [uav-alarm-engine] [ntainer#0-0-C-1] com.uav.alarm.kafka.TelemetryConsumer    : ALARM: [CRITICAL] 地形碰撞 | 地形碰撞风险 | drone=null | pos=(39.64705389131783,116.72835961120857)
2026-06-13T01:06:22.512+08:00  WARN 35828 --- [uav-alarm-engine] [ntainer#0-0-C-1] com.uav.alarm.kafka.TelemetryConsumer    : ALARM: [CRITICAL] 地形碰撞 | 地形碰撞风险 | drone=null | pos=(39.88226341195769,116.36527378688353)
2026-06-13T01:06:22.514+08:00  WARN 35828 --- [uav-alarm-engine] [ntainer#0-0-C-1] com.uav.alarm.kafka.TelemetryConsumer    : ALARM: [CRITICAL] 地形碰撞 | 地形碰撞风险 | drone=null | pos=(39.951130437912354,116.23706619941403)
2026-06-13T01:06:22.514+08:00  WARN 35828 --- [uav-alarm-engine] [ntainer#0-0-C-1] com.uav.alarm.kafka.TelemetryConsumer    : ALARM: [CRITICAL] 地形碰撞 | 地形碰撞风险 | drone=null | pos=(40.09274001138859,116.49698130859223)
2026-06-13T01:06:22.515+08:00  WARN 35828 --- [uav-alarm-engine] [ntainer#0-0-C-1] com.uav.alarm.kafka.TelemetryConsumer    : ALARM: [CRITICAL] 地形碰撞 | 地形碰撞风险 | drone=null | pos=(39.7651187108484,116.33973987467564)
2026-06-13T01:06:22.515+08:00  WARN 35828 --- [uav-alarm-engine] [ntainer#0-0-C-1] com.uav.alarm.kafka.TelemetryConsumer    : ALARM: [CRITICAL] 地形碰撞 | 地形碰撞风险 | drone=null | pos=(39.77578451759922,116.25842721919778)
2026-06-13T01:06:22.516+08:00  WARN 35828 --- [uav-alarm-engine] [ntainer#0-0-C-1] com.uav.alarm.kafka.TelemetryConsumer    : ALARM: [CRITICAL] 地形碰撞 | 地形碰撞风险 | drone=null | pos=(39.87065873099501,116.2490845045165)
2026-06-13T01:06:22.517+08:00  WARN 35828 --- [uav-alarm-engine] [ntainer#0-0-C-1] com.uav.alarm.kafka.TelemetryConsumer    : ALARM: [CRITICAL] 地形碰撞 | 地形碰撞风险 | drone=null | pos=(40.05890787433394,116.07162938879713)
2026-06-13T01:06:22.517+08:00  WARN 35828 --- [uav-alarm-engine] [ntainer#0-0-C-1] com.uav.alarm.kafka.TelemetryConsumer    : ALARM: [CRITICAL] 地形碰撞 | 地形碰撞风险 | drone=null | pos=(39.9055804820242,116.40460769123999)
2026-06-13T01:06:22.518+08:00  WARN 35828 --- [uav-alarm-engine] [ntainer#0-0-C-1] com.uav.alarm.kafka.TelemetryConsumer    : ALARM: [CRITICAL] 地形碰撞 | 地形碰撞风险 | drone=null | pos=(39.97494120334978,116.5873944360472)
2026-06-13T01:06:22.519+08:00  WARN 35828 --- [uav-alarm-engine] [ntainer#0-0-C-1] com.uav.alarm.kafka.TelemetryConsumer    : ALARM: [CRITICAL] 地形碰撞 | 地形碰撞风险 | drone=null | pos=(39.86305988131892,116.28412968331374)
2026-06-13T01:06:22.520+08:00  WARN 35828 --- [uav-alarm-engine] [ntainer#0-0-C-1] com.uav.alarm.kafka.TelemetryConsumer    : ALARM: [CRITICAL] 地形碰撞 | 地形碰撞风险 | drone=null | pos=(39.6749490006183,116.59104999910802)
2026-06-13T01:06:22.521+08:00  WARN 35828 --- [uav-alarm-engine] [ntainer#0-0-C-1] com.uav.alarm.kafka.TelemetryConsumer    : ALARM: [CRITICAL] 地形碰撞 | 地形碰撞风险 | drone=null | pos=(39.99246719861991,116.68990514218021)
2026-06-13T01:06:22.522+08:00  WARN 35828 --- [uav-alarm-engine] [ntainer#0-0-C-1] com.uav.alarm.kafka.TelemetryConsumer    : ALARM: [CRITICAL] 地形碰撞 | 地形碰撞风险 | drone=null | pos=(39.63005079744418,116.16538343481224)
2026-06-13T01:06:22.523+08:00  WARN 35828 --- [uav-alarm-engine] [ntainer#0-0-C-1] com.uav.alarm.kafka.TelemetryConsumer    : ALARM: [CRITICAL] 地形碰撞 | 地形碰撞风险 | drone=null | pos=(40.02752973349102,116.30053662579665)
2026-06-13T01:06:22.523+08:00  WARN 35828 --- [uav-alarm-engine] [ntainer#0-0-C-1] com.uav.alarm.kafka.TelemetryConsumer    : ALARM: [CRITICAL] 地形碰撞 | 地形碰撞风险 | drone=null | pos=(40.01925472614317,116.5049363983212)
2026-06-13T01:06:22.524+08:00  WARN 35828 --- [uav-alarm-engine] [ntainer#0-0-C-1] com.uav.alarm.kafka.TelemetryConsumer    : ALARM: [CRITICAL] 地形碰撞 | 地形碰撞风险 | drone=null | pos=(39.996116240994226,116.11717492755031)
2026-06-13T01:06:22.524+08:00  WARN 35828 --- [uav-alarm-engine] [ntainer#0-0-C-1] com.uav.alarm.kafka.TelemetryConsumer    : ALARM: [CRITICAL] 地形碰撞 | 地形碰撞风险 | drone=null | pos=(39.75982000214913,116.18259272608792)
2026-06-13T01:06:22.525+08:00  WARN 35828 --- [uav-alarm-engine] [ntainer#0-0-C-1] com.uav.alarm.kafka.TelemetryConsumer    : ALARM: [CRITICAL] 地形碰撞 | 地形碰撞风险 | drone=null | pos=(40.20932557424529,116.18715236915513)
2026-06-13T01:06:22.525+08:00  WARN 35828 --- [uav-alarm-engine] [ntainer#0-0-C-1] com.uav.alarm.kafka.TelemetryConsumer    : ALARM: [CRITICAL] 地形碰撞 | 地形碰撞风险 | drone=null | pos=(39.745459246395214,116.53794172087159)
2026-06-13T01:06:22.527+08:00  WARN 35828 --- [uav-alarm-engine] [ntainer#0-0-C-1] com.uav.alarm.kafka.TelemetryConsumer    : ALARM: [CRITICAL] 地形碰撞 | 地形碰撞风险 | drone=null | pos=(40.08873976554626,116.51924168614482)
2026-06-13T01:06:22.527+08:00  WARN 35828 --- [uav-alarm-engine] [ntainer#0-0-C-1] com.uav.alarm.kafka.TelemetryConsumer    : ALARM: [CRITICAL] 地形碰撞 | 地形碰撞风险 | drone=null | pos=(39.90030283030893,116.34996006742979)
2026-06-13T01:06:22.528+08:00  WARN 35828 --- [uav-alarm-engine] [ntainer#0-0-C-1] com.uav.alarm.kafka.TelemetryConsumer    : ALARM: [CRITICAL] 地形碰撞 | 地形碰撞风险 | drone=null | pos=(39.904086040186804,116.41918910533865)
2026-06-13T01:06:22.529+08:00  WARN 35828 --- [uav-alarm-engine] [ntainer#0-0-C-1] com.uav.alarm.kafka.TelemetryConsumer    : ALARM: [CRITICAL] 地形碰撞 | 地形碰撞风险 | drone=null | pos=(39.847521490482826,116.47523491776258)
2026-06-13T01:06:22.529+08:00  WARN 35828 --- [uav-alarm-engine] [ntainer#0-0-C-1] com.uav.alarm.kafka.TelemetryConsumer    : ALARM: [CRITICAL] 地形碰撞 | 地形碰撞风险 | drone=null | pos=(39.78454661308159,116.68044200215981)
2026-06-13T01:06:22.530+08:00  WARN 35828 --- [uav-alarm-engine] [ntainer#0-0-C-1] com.uav.alarm.kafka.TelemetryConsumer    : ALARM: [CRITICAL] 地形碰撞 | 地形碰撞风险 | drone=null | pos=(39.87724915069468,116.29248842324029)
2026-06-13T01:06:22.531+08:00  WARN 35828 --- [uav-alarm-engine] [ntainer#0-0-C-1] com.uav.alarm.kafka.TelemetryConsumer    : ALARM: [CRITICAL] 地形碰撞 | 地形碰撞风险 | drone=null | pos=(39.61604654112857,116.20902636443185)
2026-06-13T01:06:22.532+08:00  WARN 35828 --- [uav-alarm-engine] [ntainer#0-0-C-1] com.uav.alarm.kafka.TelemetryConsumer    : ALARM: [CRITICAL] 地形碰撞 | 地形碰撞风险 | drone=null | pos=(39.65846337587067,116.29279104966315)
2026-06-13T01:06:22.532+08:00  WARN 35828 --- [uav-alarm-engine] [ntainer#0-0-C-1] com.uav.alarm.kafka.TelemetryConsumer    : ALARM: [CRITICAL] 地形碰撞 | 地形碰撞风险 | drone=null | pos=(40.062131291673545,116.04616843966438)
2026-06-13T01:06:22.533+08:00  WARN 35828 --- [uav-alarm-engine] [ntainer#0-0-C-1] com.uav.alarm.kafka.TelemetryConsumer    : ALARM: [CRITICAL] 地形碰撞 | 地形碰撞风险 | drone=null | pos=(39.9161836432582,116.47616468951594)
2026-06-13T01:06:22.533+08:00  WARN 35828 --- [uav-alarm-engine] [ntainer#0-0-C-1] com.uav.alarm.kafka.TelemetryConsumer    : ALARM: [CRITICAL] 地形碰撞 | 地形碰撞风险 | drone=null | pos=(39.78663410169444,116.11417938840916)
2026-06-13T01:06:22.534+08:00  WARN 35828 --- [uav-alarm-engine] [ntainer#0-0-C-1] com.uav.alarm.kafka.TelemetryConsumer    : ALARM: [CRITICAL] 地形碰撞 | 地形碰撞风险 | drone=null | pos=(39.85616892657825,116.48513739270749)
2026-06-13T01:06:22.535+08:00  WARN 35828 --- [uav-alarm-engine] [ntainer#0-0-C-1] com.uav.alarm.kafka.TelemetryConsumer    : ALARM: [CRITICAL] 地形碰撞 | 地形碰撞风险 | drone=null | pos=(40.11804951485611,116.21117696965325)
2026-06-13T01:06:22.536+08:00  WARN 35828 --- [uav-alarm-engine] [ntainer#0-0-C-1] com.uav.alarm.kafka.TelemetryConsumer    : ALARM: [CRITICAL] 地形碰撞 | 地形碰撞风险 | drone=null | pos=(39.69985162675917,116.59484767726929)
2026-06-13T01:06:22.536+08:00  WARN 35828 --- [uav-alarm-engine] [ntainer#0-0-C-1] com.uav.alarm.kafka.TelemetryConsumer    : ALARM: [CRITICAL] 地形碰撞 | 地形碰撞风险 | drone=null | pos=(40.07155680782435,116.70910368867808)
2026-06-13T01:06:22.537+08:00  WARN 35828 --- [uav-alarm-engine] [ntainer#0-0-C-1] com.uav.alarm.kafka.TelemetryConsumer    : ALARM: [CRITICAL] 地形碰撞 | 地形碰撞风险 | drone=null | pos=(39.89496851246651,116.41251596667493)
2026-06-13T01:06:22.538+08:00  WARN 35828 --- [uav-alarm-engine] [ntainer#0-0-C-1] com.uav.alarm.kafka.TelemetryConsumer    : ALARM: [CRITICAL] 地形碰撞 | 地形碰撞风险 | drone=null | pos=(40.08721917050469,116.1046136351495)
2026-06-13T01:06:22.539+08:00  WARN 35828 --- [uav-alarm-engine] [ntainer#0-0-C-1] com.uav.alarm.kafka.TelemetryConsumer    : ALARM: [CRITICAL] 地形碰撞 | 地形碰撞风险 | drone=null | pos=(39.887905690689905,116.41967259084012)
2026-06-13T01:06:22.539+08:00  WARN 35828 --- [uav-alarm-engine] [ntainer#0-0-C-1] com.uav.alarm.kafka.TelemetryConsumer    : ALARM: [CRITICAL] 地形碰撞 | 地形碰撞风险 | drone=null | pos=(39.9041974586428,116.41170610838158)
2026-06-13T01:06:22.541+08:00  WARN 35828 --- [uav-alarm-engine] [ntainer#0-0-C-1] com.uav.alarm.kafka.TelemetryConsumer    : ALARM: [CRITICAL] 地形碰撞 | 地形碰撞风险 | drone=null | pos=(40.03970210208395,116.83820628493237)
2026-06-13T01:06:22.541+08:00  WARN 35828 --- [uav-alarm-engine] [ntainer#0-0-C-1] com.uav.alarm.kafka.TelemetryConsumer    : ALARM: [CRITICAL] 地形碰撞 | 地形碰撞风险 | drone=null | pos=(39.81616545537487,116.62079334863175)
2026-06-13T01:06:22.542+08:00  WARN 35828 --- [uav-alarm-engine] [ntainer#0-0-C-1] com.uav.alarm.kafka.TelemetryConsumer    : ALARM: [CRITICAL] 地形碰撞 | 地形碰撞风险 | drone=null | pos=(39.755709754686784,116.43657397799609)
2026-06-13T01:06:22.543+08:00  WARN 35828 --- [uav-alarm-engine] [ntainer#0-0-C-1] com.uav.alarm.kafka.TelemetryConsumer    : ALARM: [CRITICAL] 地形碰撞 | 地形碰撞风险 | drone=null | pos=(40.18084754011634,116.22435089244603)
2026-06-13T01:06:22.543+08:00  WARN 35828 --- [uav-alarm-engine] [ntainer#0-0-C-1] com.uav.alarm.kafka.TelemetryConsumer    : ALARM: [CRITICAL] 地形碰撞 | 地形碰撞风险 | drone=null | pos=(39.89660880475419,116.47804343827804)
2026-06-13T01:06:22.544+08:00  WARN 35828 --- [uav-alarm-engine] [ntainer#0-0-C-1] com.uav.alarm.kafka.TelemetryConsumer    : ALARM: [CRITICAL] 地形碰撞 | 地形碰撞风险 | drone=null | pos=(40.08047830958637,116.54808384764756)
2026-06-13T01:06:22.544+08:00  WARN 35828 --- [uav-alarm-engine] [ntainer#0-0-C-1] com.uav.alarm.kafka.TelemetryConsumer    : ALARM: [CRITICAL] 地形碰撞 | 地形碰撞风险 | drone=null | pos=(39.76220498878759,116.56591674796769)
2026-06-13T01:06:22.545+08:00  WARN 35828 --- [uav-alarm-engine] [ntainer#0-0-C-1] com.uav.alarm.kafka.TelemetryConsumer    : ALARM: [CRITICAL] 地形碰撞 | 地形碰撞风险 | drone=null | pos=(39.85986426275527,116.38397988397205)
2026-06-13T01:06:22.546+08:00  WARN 35828 --- [uav-alarm-engine] [ntainer#0-0-C-1] com.uav.alarm.kafka.TelemetryConsumer    : ALARM: [CRITICAL] 地形碰撞 | 地形碰撞风险 | drone=null | pos=(40.058380151889224,116.05292608636789)
2026-06-13T01:06:22.547+08:00  WARN 35828 --- [uav-alarm-engine] [ntainer#0-0-C-1] com.uav.alarm.kafka.TelemetryConsumer    : ALARM: [CRITICAL] 地形碰撞 | 地形碰撞风险 | drone=null | pos=(40.19684710348928,116.32265644275272)
2026-06-13T01:06:22.547+08:00  WARN 35828 --- [uav-alarm-engine] [ntainer#0-0-C-1] com.uav.alarm.kafka.TelemetryConsumer    : ALARM: [CRITICAL] 地形碰撞 | 地形碰撞风险 | drone=null | pos=(39.8931608477089,116.41125034579252)
2026-06-13T01:06:22.548+08:00  WARN 35828 --- [uav-alarm-engine] [ntainer#0-0-C-1] com.uav.alarm.kafka.TelemetryConsumer    : ALARM: [CRITICAL] 地形碰撞 | 地形碰撞风险 | drone=null | pos=(39.950336740531746,116.73827398684284)
2026-06-13T01:06:22.548+08:00  WARN 35828 --- [uav-alarm-engine] [ntainer#0-0-C-1] com.uav.alarm.kafka.TelemetryConsumer    : ALARM: [CRITICAL] 地形碰撞 | 地形碰撞风险 | drone=null | pos=(40.21666772271993,116.49713918901006)
2026-06-13T01:06:22.549+08:00  WARN 35828 --- [uav-alarm-engine] [ntainer#0-0-C-1] com.uav.alarm.kafka.TelemetryConsumer    : ALARM: [CRITICAL] 地形碰撞 | 地形碰撞风险 | drone=null | pos=(39.63403898682356,116.50342826032467)
2026-06-13T01:06:22.549+08:00  WARN 35828 --- [uav-alarm-engine] [ntainer#0-0-C-1] com.uav.alarm.kafka.TelemetryConsumer    : ALARM: [CRITICAL] 地形碰撞 | 地形碰撞风险 | drone=null | pos=(39.84456532159563,116.23956539848908)
2026-06-13T01:06:22.551+08:00  WARN 35828 --- [uav-alarm-engine] [ntainer#0-0-C-1] com.uav.alarm.kafka.TelemetryConsumer    : ALARM: [CRITICAL] 地形碰撞 | 地形碰撞风险 | drone=null | pos=(39.73424560134465,116.28457029660974)
2026-06-13T01:06:22.551+08:00  WARN 35828 --- [uav-alarm-engine] [ntainer#0-0-C-1] com.uav.alarm.kafka.TelemetryConsumer    : ALARM: [CRITICAL] 地形碰撞 | 地形碰撞风险 | drone=null | pos=(39.69714538888994,116.4198899406107)
2026-06-13T01:06:22.552+08:00  WARN 35828 --- [uav-alarm-engine] [ntainer#0-0-C-1] com.uav.alarm.kafka.TelemetryConsumer    : ALARM: [CRITICAL] 地形碰撞 | 地形碰撞风险 | drone=null | pos=(39.705508158973394,116.55089009605209)
2026-06-13T01:06:22.553+08:00  WARN 35828 --- [uav-alarm-engine] [ntainer#0-0-C-1] com.uav.alarm.kafka.TelemetryConsumer    : ALARM: [CRITICAL] 地形碰撞 | 地形碰撞风险 | drone=null | pos=(39.9244918420377,116.04918594823731)
2026-06-13T01:06:22.554+08:00  WARN 35828 --- [uav-alarm-engine] [ntainer#0-0-C-1] com.uav.alarm.kafka.TelemetryConsumer    : ALARM: [CRITICAL] 地形碰撞 | 地形碰撞风险 | drone=null | pos=(40.00962371924958,116.70677520422149)
2026-06-13T01:06:22.554+08:00  WARN 35828 --- [uav-alarm-engine] [ntainer#0-0-C-1] com.uav.alarm.kafka.TelemetryConsumer    : ALARM: [CRITICAL] 地形碰撞 | 地形碰撞风险 | drone=null | pos=(39.85995478848684,116.34418561976034)
2026-06-13T01:06:22.556+08:00  WARN 35828 --- [uav-alarm-engine] [ntainer#0-0-C-1] com.uav.alarm.kafka.TelemetryConsumer    : ALARM: [CRITICAL] 地形碰撞 | 地形碰撞风险 | drone=null | pos=(39.852457324708915,116.59046938899087)
2026-06-13T01:06:22.556+08:00  WARN 35828 --- [uav-alarm-engine] [ntainer#0-0-C-1] com.uav.alarm.kafka.TelemetryConsumer    : ALARM: [CRITICAL] 地形碰撞 | 地形碰撞风险 | drone=null | pos=(40.01215111961802,116.33390579239801)
2026-06-13T01:06:22.557+08:00  WARN 35828 --- [uav-alarm-engine] [ntainer#0-0-C-1] com.uav.alarm.kafka.TelemetryConsumer    : ALARM: [CRITICAL] 地形碰撞 | 地形碰撞风险 | drone=null | pos=(39.934979687334824,116.50562950256523)
2026-06-13T01:06:22.557+08:00  WARN 35828 --- [uav-alarm-engine] [ntainer#0-0-C-1] com.uav.alarm.kafka.TelemetryConsumer    : ALARM: [CRITICAL] 地形碰撞 | 地形碰撞风险 | drone=null | pos=(39.91007382341617,116.06306727694482)
2026-06-13T01:06:22.558+08:00  WARN 35828 --- [uav-alarm-engine] [ntainer#0-0-C-1] com.uav.alarm.kafka.TelemetryConsumer    : ALARM: [CRITICAL] 地形碰撞 | 地形碰撞风险 | drone=null | pos=(39.95279967971058,116.45918162239552)
2026-06-13T01:06:22.559+08:00  WARN 35828 --- [uav-alarm-engine] [ntainer#0-0-C-1] com.uav.alarm.kafka.TelemetryConsumer    : ALARM: [CRITICAL] 地形碰撞 | 地形碰撞风险 | drone=null | pos=(39.9385160990529,116.81034213092096)
2026-06-13T01:06:22.560+08:00  WARN 35828 --- [uav-alarm-engine] [ntainer#0-0-C-1] com.uav.alarm.kafka.TelemetryConsumer    : ALARM: [CRITICAL] 地形碰撞 | 地形碰撞风险 | drone=null | pos=(39.8850520489459,116.41515396700153)
2026-06-13T01:06:22.561+08:00  WARN 35828 --- [uav-alarm-engine] [ntainer#0-0-C-1] com.uav.alarm.kafka.TelemetryConsumer    : ALARM: [CRITICAL] 地形碰撞 | 地形碰撞风险 | drone=null | pos=(40.01249980508029,116.59758401296926)
2026-06-13T01:06:22.561+08:00  WARN 35828 --- [uav-alarm-engine] [ntainer#0-0-C-1] com.uav.alarm.kafka.TelemetryConsumer    : ALARM: [CRITICAL] 地形碰撞 | 地形碰撞风险 | drone=null | pos=(40.12569276708886,116.59745436979331)
2026-06-13T01:06:22.562+08:00  WARN 35828 --- [uav-alarm-engine] [ntainer#0-0-C-1] com.uav.alarm.kafka.TelemetryConsumer    : ALARM: [CRITICAL] 地形碰撞 | 地形碰撞风险 | drone=null | pos=(39.843668733314814,116.19156520682685)
2026-06-13T01:06:22.562+08:00  WARN 35828 --- [uav-alarm-engine] [ntainer#0-0-C-1] com.uav.alarm.kafka.TelemetryConsumer    : ALARM: [CRITICAL] 地形碰撞 | 地形碰撞风险 | drone=null | pos=(39.64894385225615,116.38316303772307)
2026-06-13T01:06:22.563+08:00  WARN 35828 --- [uav-alarm-engine] [ntainer#0-0-C-1] com.uav.alarm.kafka.TelemetryConsumer    : ALARM: [CRITICAL] 地形碰撞 | 地形碰撞风险 | drone=null | pos=(40.10820911044278,116.54727825973988)
2026-06-13T01:06:22.563+08:00  WARN 35828 --- [uav-alarm-engine] [ntainer#0-0-C-1] com.uav.alarm.kafka.TelemetryConsumer    : ALARM: [CRITICAL] 地形碰撞 | 地形碰撞风险 | drone=null | pos=(39.93706856740442,116.71423609497663)
2026-06-13T01:06:22.563+08:00  WARN 35828 --- [uav-alarm-engine] [ntainer#0-0-C-1] com.uav.alarm.kafka.TelemetryConsumer    : ALARM: [CRITICAL] 地形碰撞 | 地形碰撞风险 | drone=null | pos=(40.06939405497449,116.63725447826832)
2026-06-13T01:06:22.565+08:00  WARN 35828 --- [uav-alarm-engine] [ntainer#0-0-C-1] com.uav.alarm.kafka.TelemetryConsumer    : ALARM: [CRITICAL] 地形碰撞 | 地形碰撞风险 | drone=null | pos=(39.93884486997386,116.70627563199781)
2026-06-13T01:06:22.565+08:00  WARN 35828 --- [uav-alarm-engine] [ntainer#0-0-C-1] com.uav.alarm.kafka.TelemetryConsumer    : ALARM: [CRITICAL] 地形碰撞 | 地形碰撞风险 | drone=null | pos=(39.83200128243506,116.21077165185545)
2026-06-13T01:06:22.566+08:00  WARN 35828 --- [uav-alarm-engine] [ntainer#0-0-C-1] com.uav.alarm.kafka.TelemetryConsumer    : ALARM: [CRITICAL] 地形碰撞 | 地形碰撞风险 | drone=null | pos=(39.77523665007475,116.15278597897857)
2026-06-13T01:06:22.567+08:00  WARN 35828 --- [uav-alarm-engine] [ntainer#0-0-C-1] com.uav.alarm.kafka.TelemetryConsumer    : ALARM: [CRITICAL] 地形碰撞 | 地形碰撞风险 | drone=null | pos=(39.71068888061908,116.12648983363408)
2026-06-13T01:06:22.568+08:00  WARN 35828 --- [uav-alarm-engine] [ntainer#0-0-C-1] com.uav.alarm.kafka.TelemetryConsumer    : ALARM: [CRITICAL] 地形碰撞 | 地形碰撞风险 | drone=null | pos=(39.858108551415185,116.49664647700045)
2026-06-13T01:06:22.568+08:00  WARN 35828 --- [uav-alarm-engine] [ntainer#0-0-C-1] com.uav.alarm.kafka.TelemetryConsumer    : ALARM: [CRITICAL] 地形碰撞 | 地形碰撞风险 | drone=null | pos=(39.87053018795504,116.38043930554585)
2026-06-13T01:06:22.569+08:00  WARN 35828 --- [uav-alarm-engine] [ntainer#0-0-C-1] com.uav.alarm.kafka.TelemetryConsumer    : ALARM: [CRITICAL] 地形碰撞 | 地形碰撞风险 | drone=null | pos=(39.742385588780486,116.01006986493915)
2026-06-13T01:06:22.570+08:00  WARN 35828 --- [uav-alarm-engine] [ntainer#0-0-C-1] com.uav.alarm.kafka.TelemetryConsumer    : ALARM: [CRITICAL] 地形碰撞 | 地形碰撞风险 | drone=null | pos=(40.03519698417246,116.54743858732219)
2026-06-13T01:06:22.570+08:00  WARN 35828 --- [uav-alarm-engine] [ntainer#0-0-C-1] com.uav.alarm.kafka.TelemetryConsumer    : ALARM: [CRITICAL] 地形碰撞 | 地形碰撞风险 | drone=null | pos=(39.73456090150643,116.29643015476859)
2026-06-13T01:06:22.571+08:00  WARN 35828 --- [uav-alarm-engine] [ntainer#0-0-C-1] com.uav.alarm.kafka.TelemetryConsumer    : ALARM: [CRITICAL] 地形碰撞 | 地形碰撞风险 | drone=null | pos=(39.930133230512936,116.38775544566533)
2026-06-13T01:06:22.572+08:00  WARN 35828 --- [uav-alarm-engine] [ntainer#0-0-C-1] com.uav.alarm.kafka.TelemetryConsumer    : ALARM: [CRITICAL] 地形碰撞 | 地形碰撞风险 | drone=null | pos=(39.92936196727905,116.53363353396968)
2026-06-13T01:06:22.572+08:00  WARN 35828 --- [uav-alarm-engine] [ntainer#0-0-C-1] com.uav.alarm.kafka.TelemetryConsumer    : ALARM: [CRITICAL] 地形碰撞 | 地形碰撞风险 | drone=null | pos=(40.054137828507876,116.45367243190094)
2026-06-13T01:06:22.572+08:00  WARN 35828 --- [uav-alarm-engine] [ntainer#0-0-C-1] com.uav.alarm.kafka.TelemetryConsumer    : ALARM: [CRITICAL] 地形碰撞 | 地形碰撞风险 | drone=null | pos=(39.783038653355234,116.56159893001173)
2026-06-13T01:06:22.573+08:00  WARN 35828 --- [uav-alarm-engine] [ntainer#0-0-C-1] com.uav.alarm.kafka.TelemetryConsumer    : ALARM: [CRITICAL] 地形碰撞 | 地形碰撞风险 | drone=null | pos=(39.983439848697024,116.13690667086902)
2026-06-13T01:06:22.573+08:00  WARN 35828 --- [uav-alarm-engine] [ntainer#0-0-C-1] com.uav.alarm.kafka.TelemetryConsumer    : ALARM: [CRITICAL] 地形碰撞 | 地形碰撞风险 | drone=null | pos=(39.85021535992422,116.24569782238811)
2026-06-13T01:06:22.574+08:00  WARN 35828 --- [uav-alarm-engine] [ntainer#0-0-C-1] com.uav.alarm.kafka.TelemetryConsumer    : ALARM: [CRITICAL] 地形碰撞 | 地形碰撞风险 | drone=null | pos=(39.86930149214419,116.41789866762534)
2026-06-13T01:06:22.575+08:00  WARN 35828 --- [uav-alarm-engine] [ntainer#0-0-C-1] com.uav.alarm.kafka.TelemetryConsumer    : ALARM: [CRITICAL] 地形碰撞 | 地形碰撞风险 | drone=null | pos=(40.167120502624876,116.53926209829366)
2026-06-13T01:06:22.575+08:00  WARN 35828 --- [uav-alarm-engine] [ntainer#0-0-C-1] com.uav.alarm.kafka.TelemetryConsumer    : ALARM: [CRITICAL] 地形碰撞 | 地形碰撞风险 | drone=null | pos=(40.10147443095234,116.30818584144004)
2026-06-13T01:06:22.576+08:00  WARN 35828 --- [uav-alarm-engine] [ntainer#0-0-C-1] com.uav.alarm.kafka.TelemetryConsumer    : ALARM: [CRITICAL] 地形碰撞 | 地形碰撞风险 | drone=null | pos=(39.93085333797649,116.44304799450666)
2026-06-13T01:06:22.577+08:00  WARN 35828 --- [uav-alarm-engine] [ntainer#0-0-C-1] com.uav.alarm.kafka.TelemetryConsumer    : ALARM: [CRITICAL] 地形碰撞 | 地形碰撞风险 | drone=null | pos=(39.975697108894025,116.19622063895991)
2026-06-13T01:06:22.577+08:00  WARN 35828 --- [uav-alarm-engine] [ntainer#0-0-C-1] com.uav.alarm.kafka.TelemetryConsumer    : ALARM: [CRITICAL] 地形碰撞 | 地形碰撞风险 | drone=null | pos=(39.919650653693566,116.46680018730102)
2026-06-13T01:06:22.580+08:00  WARN 35828 --- [uav-alarm-engine] [ntainer#0-0-C-1] com.uav.alarm.kafka.TelemetryConsumer    : ALARM: [CRITICAL] 地形碰撞 | 地形碰撞风险 | drone=null | pos=(39.780630597734934,116.40933531658817)
2026-06-13T01:06:22.581+08:00  WARN 35828 --- [uav-alarm-engine] [ntainer#0-0-C-1] com.uav.alarm.kafka.TelemetryConsumer    : ALARM: [CRITICAL] 地形碰撞 | 地形碰撞风险 | drone=null | pos=(40.227262965316505,116.50480489146764)
2026-06-13T01:06:22.582+08:00  WARN 35828 --- [uav-alarm-engine] [ntainer#0-0-C-1] com.uav.alarm.kafka.TelemetryConsumer    : ALARM: [CRITICAL] 地形碰撞 | 地形碰撞风险 | drone=null | pos=(39.896274544342326,116.45681561750028)
2026-06-13T01:06:22.583+08:00  WARN 35828 --- [uav-alarm-engine] [ntainer#0-0-C-1] com.uav.alarm.kafka.TelemetryConsumer    : ALARM: [CRITICAL] 地形碰撞 | 地形碰撞风险 | drone=null | pos=(39.95497080028038,116.0459129835361)
2026-06-13T01:06:22.583+08:00  WARN 35828 --- [uav-alarm-engine] [ntainer#0-0-C-1] com.uav.alarm.kafka.TelemetryConsumer    : ALARM: [CRITICAL] 地形碰撞 | 地形碰撞风险 | drone=null | pos=(39.829937762993225,116.61572542705532)
2026-06-13T01:06:22.584+08:00  WARN 35828 --- [uav-alarm-engine] [ntainer#0-0-C-1] com.uav.alarm.kafka.TelemetryConsumer    : ALARM: [CRITICAL] 地形碰撞 | 地形碰撞风险 | drone=null | pos=(39.77247782238268,116.40851867185602)
2026-06-13T01:06:22.585+08:00  WARN 35828 --- [uav-alarm-engine] [ntainer#0-0-C-1] com.uav.alarm.kafka.TelemetryConsumer    : ALARM: [CRITICAL] 地形碰撞 | 地形碰撞风险 | drone=null | pos=(39.928686496374,116.34471307244236)
2026-06-13T01:06:22.586+08:00  WARN 35828 --- [uav-alarm-engine] [ntainer#0-0-C-1] com.uav.alarm.kafka.TelemetryConsumer    : ALARM: [CRITICAL] 地形碰撞 | 地形碰撞风险 | drone=null | pos=(39.63809893257176,116.71915506437641)
2026-06-13T01:06:22.586+08:00  WARN 35828 --- [uav-alarm-engine] [ntainer#0-0-C-1] com.uav.alarm.kafka.TelemetryConsumer    : ALARM: [CRITICAL] 地形碰撞 | 地形碰撞风险 | drone=null | pos=(40.050903869194975,116.07412170842525)
2026-06-13T01:06:22.586+08:00  WARN 35828 --- [uav-alarm-engine] [ntainer#0-0-C-1] com.uav.alarm.kafka.TelemetryConsumer    : ALARM: [CRITICAL] 地形碰撞 | 地形碰撞风险 | drone=null | pos=(39.89841278956252,116.40361121308088)
2026-06-13T01:06:22.587+08:00  WARN 35828 --- [uav-alarm-engine] [ntainer#0-0-C-1] com.uav.alarm.kafka.TelemetryConsumer    : ALARM: [CRITICAL] 地形碰撞 | 地形碰撞风险 | drone=null | pos=(39.84516849413598,116.53194046260052)
2026-06-13T01:06:22.588+08:00  WARN 35828 --- [uav-alarm-engine] [ntainer#0-0-C-1] com.uav.alarm.kafka.TelemetryConsumer    : ALARM: [CRITICAL] 地形碰撞 | 地形碰撞风险 | drone=null | pos=(39.93585041996105,116.1812363584782)
2026-06-13T01:06:22.589+08:00  WARN 35828 --- [uav-alarm-engine] [ntainer#0-0-C-1] com.uav.alarm.kafka.TelemetryConsumer    : ALARM: [CRITICAL] 地形碰撞 | 地形碰撞风险 | drone=null | pos=(40.045428849115474,116.17683609585958)
2026-06-13T01:06:22.589+08:00  WARN 35828 --- [uav-alarm-engine] [ntainer#0-0-C-1] com.uav.alarm.kafka.TelemetryConsumer    : ALARM: [CRITICAL] 地形碰撞 | 地形碰撞风险 | drone=null | pos=(39.7857913836167,116.01981621666592)
2026-06-13T01:06:22.590+08:00  WARN 35828 --- [uav-alarm-engine] [ntainer#0-0-C-1] com.uav.alarm.kafka.TelemetryConsumer    : ALARM: [CRITICAL] 地形碰撞 | 地形碰撞风险 | drone=null | pos=(39.922267159299615,116.34162556403012)
2026-06-13T01:06:22.590+08:00  WARN 35828 --- [uav-alarm-engine] [ntainer#0-0-C-1] com.uav.alarm.kafka.TelemetryConsumer    : ALARM: [CRITICAL] 地形碰撞 | 地形碰撞风险 | drone=null | pos=(39.91340558779957,116.47489659577913)
2026-06-13T01:06:22.591+08:00  WARN 35828 --- [uav-alarm-engine] [ntainer#0-0-C-1] com.uav.alarm.kafka.TelemetryConsumer    : ALARM: [CRITICAL] 地形碰撞 | 地形碰撞风险 | drone=null | pos=(39.92785358807214,116.36433532135861)
2026-06-13T01:06:22.592+08:00  WARN 35828 --- [uav-alarm-engine] [ntainer#0-0-C-1] com.uav.alarm.kafka.TelemetryConsumer    : ALARM: [CRITICAL] 地形碰撞 | 地形碰撞风险 | drone=null | pos=(39.8028450669425,116.51452057062953)
2026-06-13T01:06:22.593+08:00  WARN 35828 --- [uav-alarm-engine] [ntainer#0-0-C-1] com.uav.alarm.kafka.TelemetryConsumer    : ALARM: [CRITICAL] 地形碰撞 | 地形碰撞风险 | drone=null | pos=(39.88262320266072,116.37598302097113)
2026-06-13T01:06:22.593+08:00  WARN 35828 --- [uav-alarm-engine] [ntainer#0-0-C-1] com.uav.alarm.kafka.TelemetryConsumer    : ALARM: [CRITICAL] 地形碰撞 | 地形碰撞风险 | drone=null | pos=(39.99780792005165,115.98762251979993)
2026-06-13T01:06:22.594+08:00  WARN 35828 --- [uav-alarm-engine] [ntainer#0-0-C-1] com.uav.alarm.kafka.TelemetryConsumer    : ALARM: [CRITICAL] 地形碰撞 | 地形碰撞风险 | drone=null | pos=(40.109515653084365,116.69236425251785)
2026-06-13T01:06:22.595+08:00  WARN 35828 --- [uav-alarm-engine] [ntainer#0-0-C-1] com.uav.alarm.kafka.TelemetryConsumer    : ALARM: [CRITICAL] 地形碰撞 | 地形碰撞风险 | drone=null | pos=(39.84376339654845,116.08045530281308)
2026-06-13T01:06:22.596+08:00  WARN 35828 --- [uav-alarm-engine] [ntainer#0-0-C-1] com.uav.alarm.kafka.TelemetryConsumer    : ALARM: [CRITICAL] 地形碰撞 | 地形碰撞风险 | drone=null | pos=(39.712516111869114,116.28300870023132)
2026-06-13T01:06:22.596+08:00  WARN 35828 --- [uav-alarm-engine] [ntainer#0-0-C-1] com.uav.alarm.kafka.TelemetryConsumer    : ALARM: [CRITICAL] 地形碰撞 | 地形碰撞风险 | drone=null | pos=(40.0765527832285,116.71695322046294)
2026-06-13T01:06:22.596+08:00  WARN 35828 --- [uav-alarm-engine] [ntainer#0-0-C-1] com.uav.alarm.kafka.TelemetryConsumer    : ALARM: [CRITICAL] 地形碰撞 | 地形碰撞风险 | drone=null | pos=(39.76668591611138,116.429776823096)
2026-06-13T01:06:22.597+08:00  WARN 35828 --- [uav-alarm-engine] [ntainer#0-0-C-1] com.uav.alarm.kafka.TelemetryConsumer    : ALARM: [CRITICAL] 地形碰撞 | 地形碰撞风险 | drone=null | pos=(40.206807164449636,116.17334678350264)
2026-06-13T01:06:22.598+08:00  WARN 35828 --- [uav-alarm-engine] [ntainer#0-0-C-1] com.uav.alarm.kafka.TelemetryConsumer    : ALARM: [CRITICAL] 地形碰撞 | 地形碰撞风险 | drone=null | pos=(39.78871104023195,116.59344464217024)
2026-06-13T01:06:22.599+08:00  WARN 35828 --- [uav-alarm-engine] [ntainer#0-0-C-1] com.uav.alarm.kafka.TelemetryConsumer    : ALARM: [CRITICAL] 地形碰撞 | 地形碰撞风险 | drone=null | pos=(39.66339706710048,116.32304982895755)
2026-06-13T01:06:22.599+08:00  WARN 35828 --- [uav-alarm-engine] [ntainer#0-0-C-1] com.uav.alarm.kafka.TelemetryConsumer    : ALARM: [CRITICAL] 地形碰撞 | 地形碰撞风险 | drone=null | pos=(39.90773438030166,116.73444448804435)
2026-06-13T01:06:22.600+08:00  WARN 35828 --- [uav-alarm-engine] [ntainer#0-0-C-1] com.uav.alarm.kafka.TelemetryConsumer    : ALARM: [CRITICAL] 地形碰撞 | 地形碰撞风险 | drone=null | pos=(39.67679061208576,116.42758478108658)
2026-06-13T01:06:22.601+08:00  WARN 35828 --- [uav-alarm-engine] [ntainer#0-0-C-1] com.uav.alarm.kafka.TelemetryConsumer    : ALARM: [CRITICAL] 地形碰撞 | 地形碰撞风险 | drone=null | pos=(39.92495010680919,116.51867813600568)
2026-06-13T01:06:22.602+08:00  WARN 35828 --- [uav-alarm-engine] [ntainer#0-0-C-1] com.uav.alarm.kafka.TelemetryConsumer    : ALARM: [CRITICAL] 地形碰撞 | 地形碰撞风险 | drone=null | pos=(39.69654194661652,116.48071414848111)
2026-06-13T01:06:22.603+08:00  WARN 35828 --- [uav-alarm-engine] [ntainer#0-0-C-1] com.uav.alarm.kafka.TelemetryConsumer    : ALARM: [CRITICAL] 地形碰撞 | 地形碰撞风险 | drone=null | pos=(39.834198917698366,116.34197143688914)
2026-06-13T01:06:22.603+08:00  WARN 35828 --- [uav-alarm-engine] [ntainer#0-0-C-1] com.uav.alarm.kafka.TelemetryConsumer    : ALARM: [CRITICAL] 地形碰撞 | 地形碰撞风险 | drone=null | pos=(39.66294399642943,116.37533310534803)
2026-06-13T01:06:22.604+08:00  WARN 35828 --- [uav-alarm-engine] [ntainer#0-0-C-1] com.uav.alarm.kafka.TelemetryConsumer    : ALARM: [CRITICAL] 地形碰撞 | 地形碰撞风险 | drone=null | pos=(40.039407140827606,116.79622119511241)
2026-06-13T01:06:22.604+08:00  WARN 35828 --- [uav-alarm-engine] [ntainer#0-0-C-1] com.uav.alarm.kafka.TelemetryConsumer    : ALARM: [CRITICAL] 地形碰撞 | 地形碰撞风险 | drone=null | pos=(39.920212340111625,116.09084595031247)
2026-06-13T01:06:22.605+08:00  WARN 35828 --- [uav-alarm-engine] [ntainer#0-0-C-1] com.uav.alarm.kafka.TelemetryConsumer    : ALARM: [CRITICAL] 地形碰撞 | 地形碰撞风险 | drone=null | pos=(39.78392198635188,116.59696452684265)
2026-06-13T01:06:22.605+08:00  WARN 35828 --- [uav-alarm-engine] [ntainer#0-0-C-1] com.uav.alarm.kafka.TelemetryConsumer    : ALARM: [CRITICAL] 地形碰撞 | 地形碰撞风险 | drone=null | pos=(39.92025312845923,116.00558819303305)
2026-06-13T01:06:22.607+08:00  WARN 35828 --- [uav-alarm-engine] [ntainer#0-0-C-1] com.uav.alarm.kafka.TelemetryConsumer    : ALARM: [CRITICAL] 地形碰撞 | 地形碰撞风险 | drone=null | pos=(39.771452234285235,116.53111218874486)
2026-06-13T01:06:22.607+08:00  WARN 35828 --- [uav-alarm-engine] [ntainer#0-0-C-1] com.uav.alarm.kafka.TelemetryConsumer    : ALARM: [CRITICAL] 地形碰撞 | 地形碰撞风险 | drone=null | pos=(39.662503196331464,116.60152612235628)
2026-06-13T01:06:22.607+08:00  WARN 35828 --- [uav-alarm-engine] [ntainer#0-0-C-1] com.uav.alarm.kafka.TelemetryConsumer    : ALARM: [CRITICAL] 地形碰撞 | 地形碰撞风险 | drone=null | pos=(40.13315028275922,116.69094809200917)
2026-06-13T01:06:22.608+08:00  WARN 35828 --- [uav-alarm-engine] [ntainer#0-0-C-1] com.uav.alarm.kafka.TelemetryConsumer    : ALARM: [CRITICAL] 地形碰撞 | 地形碰撞风险 | drone=null | pos=(39.89679217817553,116.4267455904676)
2026-06-13T01:06:22.608+08:00  WARN 35828 --- [uav-alarm-engine] [ntainer#0-0-C-1] com.uav.alarm.kafka.TelemetryConsumer    : ALARM: [CRITICAL] 地形碰撞 | 地形碰撞风险 | drone=null | pos=(40.0453341446248,116.31095445403069)
2026-06-13T01:06:22.609+08:00  WARN 35828 --- [uav-alarm-engine] [ntainer#0-0-C-1] com.uav.alarm.kafka.TelemetryConsumer    : ALARM: [CRITICAL] 地形碰撞 | 地形碰撞风险 | drone=null | pos=(39.897070011101825,116.19350108038596)
2026-06-13T01:06:22.610+08:00  WARN 35828 --- [uav-alarm-engine] [ntainer#0-0-C-1] com.uav.alarm.kafka.TelemetryConsumer    : ALARM: [CRITICAL] 地形碰撞 | 地形碰撞风险 | drone=null | pos=(39.64794090744656,116.38586020037674)
2026-06-13T01:06:22.611+08:00  WARN 35828 --- [uav-alarm-engine] [ntainer#0-0-C-1] com.uav.alarm.kafka.TelemetryConsumer    : ALARM: [CRITICAL] 地形碰撞 | 地形碰撞风险 | drone=null | pos=(39.99050515358705,116.43826456001169)
2026-06-13T01:06:22.611+08:00  WARN 35828 --- [uav-alarm-engine] [ntainer#0-0-C-1] com.uav.alarm.kafka.TelemetryConsumer    : ALARM: [CRITICAL] 地形碰撞 | 地形碰撞风险 | drone=null | pos=(39.600493111324646,116.39188008519842)
2026-06-13T01:06:22.612+08:00  WARN 35828 --- [uav-alarm-engine] [ntainer#0-0-C-1] com.uav.alarm.kafka.TelemetryConsumer    : ALARM: [CRITICAL] 地形碰撞 | 地形碰撞风险 | drone=null | pos=(39.67005716164598,116.51780027649535)
2026-06-13T01:06:22.613+08:00  WARN 35828 --- [uav-alarm-engine] [ntainer#0-0-C-1] com.uav.alarm.kafka.TelemetryConsumer    : ALARM: [CRITICAL] 地形碰撞 | 地形碰撞风险 | drone=null | pos=(39.738501415426896,116.4381239044766)
2026-06-13T01:06:22.613+08:00  WARN 35828 --- [uav-alarm-engine] [ntainer#0-0-C-1] com.uav.alarm.kafka.TelemetryConsumer    : ALARM: [CRITICAL] 地形碰撞 | 地形碰撞风险 | drone=null | pos=(40.01874231811601,116.1142494590432)
2026-06-13T01:06:22.614+08:00  WARN 35828 --- [uav-alarm-engine] [ntainer#0-0-C-1] com.uav.alarm.kafka.TelemetryConsumer    : ALARM: [CRITICAL] 地形碰撞 | 地形碰撞风险 | drone=null | pos=(40.002466400992255,116.40966240693317)
2026-06-13T01:06:22.614+08:00  WARN 35828 --- [uav-alarm-engine] [ntainer#0-0-C-1] com.uav.alarm.kafka.TelemetryConsumer    : ALARM: [CRITICAL] 地形碰撞 | 地形碰撞风险 | drone=null | pos=(39.99689647210133,116.73676558930701)
2026-06-13T01:06:22.614+08:00  WARN 35828 --- [uav-alarm-engine] [ntainer#0-0-C-1] com.uav.alarm.kafka.TelemetryConsumer    : ALARM: [CRITICAL] 地形碰撞 | 地形碰撞风险 | drone=null | pos=(39.94589186494763,116.346975855535)
2026-06-13T01:06:22.615+08:00  WARN 35828 --- [uav-alarm-engine] [ntainer#0-0-C-1] com.uav.alarm.kafka.TelemetryConsumer    : ALARM: [CRITICAL] 地形碰撞 | 地形碰撞风险 | drone=null | pos=(39.960587442883295,115.95963502618683)
2026-06-13T01:06:22.615+08:00  WARN 35828 --- [uav-alarm-engine] [ntainer#0-0-C-1] com.uav.alarm.kafka.TelemetryConsumer    : ALARM: [CRITICAL] 地形碰撞 | 地形碰撞风险 | drone=null | pos=(39.90302064703201,116.45726066048661)
2026-06-13T01:06:22.616+08:00  WARN 35828 --- [uav-alarm-engine] [ntainer#0-0-C-1] com.uav.alarm.kafka.TelemetryConsumer    : ALARM: [CRITICAL] 地形碰撞 | 地形碰撞风险 | drone=null | pos=(39.96008591315652,116.41786343334445)
2026-06-13T01:06:22.617+08:00  WARN 35828 --- [uav-alarm-engine] [ntainer#0-0-C-1] com.uav.alarm.kafka.TelemetryConsumer    : ALARM: [CRITICAL] 地形碰撞 | 地形碰撞风险 | drone=null | pos=(39.95309671780517,116.35814232690049)
2026-06-13T01:06:22.617+08:00  WARN 35828 --- [uav-alarm-engine] [ntainer#0-0-C-1] com.uav.alarm.kafka.TelemetryConsumer    : ALARM: [CRITICAL] 地形碰撞 | 地形碰撞风险 | drone=null | pos=(39.81514396112593,116.01510646325096)
2026-06-13T01:06:22.618+08:00  WARN 35828 --- [uav-alarm-engine] [ntainer#0-0-C-1] com.uav.alarm.kafka.TelemetryConsumer    : ALARM: [CRITICAL] 地形碰撞 | 地形碰撞风险 | drone=null | pos=(39.69771766809919,116.4363794445381)
2026-06-13T01:06:22.619+08:00  WARN 35828 --- [uav-alarm-engine] [ntainer#0-0-C-1] com.uav.alarm.kafka.TelemetryConsumer    : ALARM: [CRITICAL] 地形碰撞 | 地形碰撞风险 | drone=null | pos=(39.99710155674756,116.77289042553944)
2026-06-13T01:06:22.619+08:00  WARN 35828 --- [uav-alarm-engine] [ntainer#0-0-C-1] com.uav.alarm.kafka.TelemetryConsumer    : ALARM: [CRITICAL] 地形碰撞 | 地形碰撞风险 | drone=null | pos=(39.650668834019264,116.5814176017183)
2026-06-13T01:06:22.621+08:00  WARN 35828 --- [uav-alarm-engine] [ntainer#0-0-C-1] com.uav.alarm.kafka.TelemetryConsumer    : ALARM: [CRITICAL] 地形碰撞 | 地形碰撞风险 | drone=null | pos=(40.20346409788919,116.51966991747622)
2026-06-13T01:06:22.621+08:00  WARN 35828 --- [uav-alarm-engine] [ntainer#0-0-C-1] com.uav.alarm.kafka.TelemetryConsumer    : ALARM: [CRITICAL] 地形碰撞 | 地形碰撞风险 | drone=null | pos=(39.81245140369305,116.44490898057062)
2026-06-13T01:06:22.622+08:00  WARN 35828 --- [uav-alarm-engine] [ntainer#0-0-C-1] com.uav.alarm.kafka.TelemetryConsumer    : ALARM: [CRITICAL] 地形碰撞 | 地形碰撞风险 | drone=null | pos=(39.889948800183326,116.40555420874021)
2026-06-13T01:06:22.622+08:00  WARN 35828 --- [uav-alarm-engine] [ntainer#0-0-C-1] com.uav.alarm.kafka.TelemetryConsumer    : ALARM: [CRITICAL] 地形碰撞 | 地形碰撞风险 | drone=null | pos=(39.87378894528528,116.59284384844602)
2026-06-13T01:06:22.623+08:00  WARN 35828 --- [uav-alarm-engine] [ntainer#0-0-C-1] com.uav.alarm.kafka.TelemetryConsumer    : ALARM: [CRITICAL] 地形碰撞 | 地形碰撞风险 | drone=null | pos=(40.18503536148886,116.51698337130055)
2026-06-13T01:06:22.623+08:00  WARN 35828 --- [uav-alarm-engine] [ntainer#0-0-C-1] com.uav.alarm.kafka.TelemetryConsumer    : ALARM: [CRITICAL] 地形碰撞 | 地形碰撞风险 | drone=null | pos=(40.22604103222213,116.5227923930092)
2026-06-13T01:06:22.625+08:00  WARN 35828 --- [uav-alarm-engine] [ntainer#0-0-C-1] com.uav.alarm.kafka.TelemetryConsumer    : ALARM: [CRITICAL] 地形碰撞 | 地形碰撞风险 | drone=null | pos=(39.67861138562661,116.74926975053171)
2026-06-13T01:06:22.625+08:00  WARN 35828 --- [uav-alarm-engine] [ntainer#0-0-C-1] com.uav.alarm.kafka.TelemetryConsumer    : ALARM: [CRITICAL] 地形碰撞 | 地形碰撞风险 | drone=null | pos=(39.83529932255126,116.38004283403497)
2026-06-13T01:06:22.625+08:00  WARN 35828 --- [uav-alarm-engine] [ntainer#0-0-C-1] com.uav.alarm.kafka.TelemetryConsumer    : ALARM: [CRITICAL] 地形碰撞 | 地形碰撞风险 | drone=null | pos=(39.87149020315757,116.40411470902914)
2026-06-13T01:06:22.626+08:00  WARN 35828 --- [uav-alarm-engine] [ntainer#0-0-C-1] com.uav.alarm.kafka.TelemetryConsumer    : ALARM: [CRITICAL] 地形碰撞 | 地形碰撞风险 | drone=null | pos=(40.08395145948365,116.6517778825288)
2026-06-13T01:06:22.627+08:00  WARN 35828 --- [uav-alarm-engine] [ntainer#0-0-C-1] com.uav.alarm.kafka.TelemetryConsumer    : ALARM: [CRITICAL] 地形碰撞 | 地形碰撞风险 | drone=null | pos=(39.63724233086342,116.5177882816815)
2026-06-13T01:06:22.627+08:00  WARN 35828 --- [uav-alarm-engine] [ntainer#0-0-C-1] com.uav.alarm.kafka.TelemetryConsumer    : ALARM: [CRITICAL] 地形碰撞 | 地形碰撞风险 | drone=null | pos=(40.17376922830665,116.2823721759565)
2026-06-13T01:06:22.628+08:00  WARN 35828 --- [uav-alarm-engine] [ntainer#0-0-C-1] com.uav.alarm.kafka.TelemetryConsumer    : ALARM: [CRITICAL] 地形碰撞 | 地形碰撞风险 | drone=null | pos=(39.758027753056645,116.02284459494491)
2026-06-13T01:06:22.629+08:00  WARN 35828 --- [uav-alarm-engine] [ntainer#0-0-C-1] com.uav.alarm.kafka.TelemetryConsumer    : ALARM: [CRITICAL] 地形碰撞 | 地形碰撞风险 | drone=null | pos=(39.609627515232845,116.22107611850124)
2026-06-13T01:06:22.630+08:00  WARN 35828 --- [uav-alarm-engine] [ntainer#0-0-C-1] com.uav.alarm.kafka.TelemetryConsumer    : ALARM: [CRITICAL] 地形碰撞 | 地形碰撞风险 | drone=null | pos=(39.96925365150829,116.4111212826998)
2026-06-13T01:06:22.630+08:00  WARN 35828 --- [uav-alarm-engine] [ntainer#0-0-C-1] com.uav.alarm.kafka.TelemetryConsumer    : ALARM: [CRITICAL] 地形碰撞 | 地形碰撞风险 | drone=null | pos=(39.8023962454077,116.2432736159266)
2026-06-13T01:06:22.630+08:00  WARN 35828 --- [uav-alarm-engine] [ntainer#0-0-C-1] com.uav.alarm.kafka.TelemetryConsumer    : ALARM: [CRITICAL] 地形碰撞 | 地形碰撞风险 | drone=null | pos=(39.90826169374724,116.42939293188498)
2026-06-13T01:06:22.631+08:00  WARN 35828 --- [uav-alarm-engine] [ntainer#0-0-C-1] com.uav.alarm.kafka.TelemetryConsumer    : ALARM: [CRITICAL] 地形碰撞 | 地形碰撞风险 | drone=null | pos=(39.93912871347774,116.44767923282042)
2026-06-13T01:06:22.632+08:00  WARN 35828 --- [uav-alarm-engine] [ntainer#0-0-C-1] com.uav.alarm.kafka.TelemetryConsumer    : ALARM: [CRITICAL] 地形碰撞 | 地形碰撞风险 | drone=null | pos=(40.04178724180234,116.38969246157698)
2026-06-13T01:06:22.632+08:00  WARN 35828 --- [uav-alarm-engine] [ntainer#0-0-C-1] com.uav.alarm.kafka.TelemetryConsumer    : ALARM: [CRITICAL] 地形碰撞 | 地形碰撞风险 | drone=null | pos=(39.96528803824399,116.39617775585394)
2026-06-13T01:06:22.632+08:00  WARN 35828 --- [uav-alarm-engine] [ntainer#0-0-C-1] com.uav.alarm.kafka.TelemetryConsumer    : ALARM: [CRITICAL] 地形碰撞 | 地形碰撞风险 | drone=null | pos=(40.00143966025924,116.17888829237592)
2026-06-13T01:06:22.633+08:00  WARN 35828 --- [uav-alarm-engine] [ntainer#0-0-C-1] com.uav.alarm.kafka.TelemetryConsumer    : ALARM: [CRITICAL] 地形碰撞 | 地形碰撞风险 | drone=null | pos=(39.97105086927615,116.4503509575856)
2026-06-13T01:06:22.634+08:00  WARN 35828 --- [uav-alarm-engine] [ntainer#0-0-C-1] com.uav.alarm.kafka.TelemetryConsumer    : ALARM: [CRITICAL] 地形碰撞 | 地形碰撞风险 | drone=null | pos=(39.940284528193516,116.37838041228213)
2026-06-13T01:06:22.634+08:00  WARN 35828 --- [uav-alarm-engine] [ntainer#0-0-C-1] com.uav.alarm.kafka.TelemetryConsumer    : ALARM: [CRITICAL] 地形碰撞 | 地形碰撞风险 | drone=null | pos=(39.986639146529214,116.33945826307053)
2026-06-13T01:06:22.636+08:00  WARN 35828 --- [uav-alarm-engine] [ntainer#0-0-C-1] com.uav.alarm.kafka.TelemetryConsumer    : ALARM: [CRITICAL] 地形碰撞 | 地形碰撞风险 | drone=null | pos=(39.806748049157235,116.00979023368471)
2026-06-13T01:06:22.636+08:00  WARN 35828 --- [uav-alarm-engine] [ntainer#0-0-C-1] com.uav.alarm.kafka.TelemetryConsumer    : ALARM: [CRITICAL] 地形碰撞 | 地形碰撞风险 | drone=null | pos=(39.8008737419426,116.62328092597774)
2026-06-13T01:06:22.637+08:00  WARN 35828 --- [uav-alarm-engine] [ntainer#0-0-C-1] com.uav.alarm.kafka.TelemetryConsumer    : ALARM: [CRITICAL] 地形碰撞 | 地形碰撞风险 | drone=null | pos=(40.15909059577416,116.52971847958236)
2026-06-13T01:06:22.638+08:00  WARN 35828 --- [uav-alarm-engine] [ntainer#0-0-C-1] com.uav.alarm.kafka.TelemetryConsumer    : ALARM: [CRITICAL] 地形碰撞 | 地形碰撞风险 | drone=null | pos=(39.75615012202808,116.44904632449267)
2026-06-13T01:06:22.638+08:00  WARN 35828 --- [uav-alarm-engine] [ntainer#0-0-C-1] com.uav.alarm.kafka.TelemetryConsumer    : ALARM: [CRITICAL] 地形碰撞 | 地形碰撞风险 | drone=null | pos=(39.85354568305167,116.58249928513607)
2026-06-13T01:06:22.639+08:00  WARN 35828 --- [uav-alarm-engine] [ntainer#0-0-C-1] com.uav.alarm.kafka.TelemetryConsumer    : ALARM: [CRITICAL] 地形碰撞 | 地形碰撞风险 | drone=null | pos=(39.767632168750914,116.72193746162202)
2026-06-13T01:06:22.639+08:00  WARN 35828 --- [uav-alarm-engine] [ntainer#0-0-C-1] com.uav.alarm.kafka.TelemetryConsumer    : ALARM: [CRITICAL] 地形碰撞 | 地形碰撞风险 | drone=null | pos=(39.978410412344566,116.47779112185795)
2026-06-13T01:06:22.640+08:00  WARN 35828 --- [uav-alarm-engine] [ntainer#0-0-C-1] com.uav.alarm.kafka.TelemetryConsumer    : ALARM: [CRITICAL] 地形碰撞 | 地形碰撞风险 | drone=null | pos=(40.00822156514581,116.73022795355006)
2026-06-13T01:06:22.641+08:00  WARN 35828 --- [uav-alarm-engine] [ntainer#0-0-C-1] com.uav.alarm.kafka.TelemetryConsumer    : ALARM: [CRITICAL] 地形碰撞 | 地形碰撞风险 | drone=null | pos=(39.903539837065125,116.7777436494643)
2026-06-13T01:06:22.642+08:00  WARN 35828 --- [uav-alarm-engine] [ntainer#0-0-C-1] com.uav.alarm.kafka.TelemetryConsumer    : ALARM: [CRITICAL] 地形碰撞 | 地形碰撞风险 | drone=null | pos=(40.00366659450069,116.7985084016867)
2026-06-13T01:06:22.642+08:00  WARN 35828 --- [uav-alarm-engine] [ntainer#0-0-C-1] com.uav.alarm.kafka.TelemetryConsumer    : ALARM: [CRITICAL] 地形碰撞 | 地形碰撞风险 | drone=null | pos=(39.76835068760606,116.40272476695944)
2026-06-13T01:06:22.644+08:00  WARN 35828 --- [uav-alarm-engine] [ntainer#0-0-C-1] com.uav.alarm.kafka.TelemetryConsumer    : ALARM: [CRITICAL] 地形碰撞 | 地形碰撞风险 | drone=null | pos=(40.035308078711026,116.07425300614689)
2026-06-13T01:06:22.645+08:00  WARN 35828 --- [uav-alarm-engine] [ntainer#0-0-C-1] com.uav.alarm.kafka.TelemetryConsumer    : ALARM: [CRITICAL] 地形碰撞 | 地形碰撞风险 | drone=null | pos=(39.89542410282937,116.4036464958217)
2026-06-13T01:06:22.645+08:00  WARN 35828 --- [uav-alarm-engine] [ntainer#0-0-C-1] com.uav.alarm.kafka.TelemetryConsumer    : ALARM: [CRITICAL] 地形碰撞 | 地形碰撞风险 | drone=null | pos=(39.56444402352507,116.25452742268872)
2026-06-13T01:06:22.645+08:00  WARN 35828 --- [uav-alarm-engine] [ntainer#0-0-C-1] com.uav.alarm.kafka.TelemetryConsumer    : ALARM: [CRITICAL] 地形碰撞 | 地形碰撞风险 | drone=null | pos=(39.68325198019913,116.60839740611426)
2026-06-13T01:06:22.646+08:00  WARN 35828 --- [uav-alarm-engine] [ntainer#0-0-C-1] com.uav.alarm.kafka.TelemetryConsumer    : ALARM: [CRITICAL] 地形碰撞 | 地形碰撞风险 | drone=null | pos=(39.88938211322426,116.39871048015914)
2026-06-13T01:06:22.647+08:00  WARN 35828 --- [uav-alarm-engine] [ntainer#0-0-C-1] com.uav.alarm.kafka.TelemetryConsumer    : ALARM: [CRITICAL] 地形碰撞 | 地形碰撞风险 | drone=null | pos=(40.051260304928405,116.38797077370697)
2026-06-13T01:06:22.647+08:00  WARN 35828 --- [uav-alarm-engine] [ntainer#0-0-C-1] com.uav.alarm.kafka.TelemetryConsumer    : ALARM: [CRITICAL] 地形碰撞 | 地形碰撞风险 | drone=null | pos=(39.970846940514086,116.69849487383976)
2026-06-13T01:06:22.648+08:00  WARN 35828 --- [uav-alarm-engine] [ntainer#0-0-C-1] com.uav.alarm.kafka.TelemetryConsumer    : ALARM: [CRITICAL] 地形碰撞 | 地形碰撞风险 | drone=null | pos=(39.80262929876493,116.49366014369718)
2026-06-13T01:06:22.649+08:00  WARN 35828 --- [uav-alarm-engine] [ntainer#0-0-C-1] com.uav.alarm.kafka.TelemetryConsumer    : ALARM: [CRITICAL] 地形碰撞 | 地形碰撞风险 | drone=null | pos=(39.90152422514132,116.40212751517531)
2026-06-13T01:06:22.649+08:00  WARN 35828 --- [uav-alarm-engine] [ntainer#0-0-C-1] com.uav.alarm.kafka.TelemetryConsumer    : ALARM: [CRITICAL] 地形碰撞 | 地形碰撞风险 | drone=null | pos=(39.73461933344831,116.78735069180007)
2026-06-13T01:06:22.649+08:00  WARN 35828 --- [uav-alarm-engine] [ntainer#0-0-C-1] com.uav.alarm.kafka.TelemetryConsumer    : ALARM: [CRITICAL] 地形碰撞 | 地形碰撞风险 | drone=null | pos=(39.84054797339419,116.81528669583375)
2026-06-13T01:06:22.650+08:00  WARN 35828 --- [uav-alarm-engine] [ntainer#0-0-C-1] com.uav.alarm.kafka.TelemetryConsumer    : ALARM: [CRITICAL] 地形碰撞 | 地形碰撞风险 | drone=null | pos=(39.872713878113245,116.42753886338319)
2026-06-13T01:06:22.650+08:00  WARN 35828 --- [uav-alarm-engine] [ntainer#0-0-C-1] com.uav.alarm.kafka.TelemetryConsumer    : ALARM: [CRITICAL] 地形碰撞 | 地形碰撞风险 | drone=null | pos=(39.73912269826295,116.67624829412665)
2026-06-13T01:06:22.651+08:00  WARN 35828 --- [uav-alarm-engine] [ntainer#0-0-C-1] com.uav.alarm.kafka.TelemetryConsumer    : ALARM: [CRITICAL] 地形碰撞 | 地形碰撞风险 | drone=null | pos=(40.14382775217852,116.48036839159143)
2026-06-13T01:06:22.651+08:00  WARN 35828 --- [uav-alarm-engine] [ntainer#0-0-C-1] com.uav.alarm.kafka.TelemetryConsumer    : ALARM: [CRITICAL] 地形碰撞 | 地形碰撞风险 | drone=null | pos=(39.73839221819651,116.07390196585189)
2026-06-13T01:06:22.652+08:00  WARN 35828 --- [uav-alarm-engine] [ntainer#0-0-C-1] com.uav.alarm.kafka.TelemetryConsumer    : ALARM: [CRITICAL] 地形碰撞 | 地形碰撞风险 | drone=null | pos=(40.111292144290125,116.38010837124445)
2026-06-13T01:06:22.653+08:00  WARN 35828 --- [uav-alarm-engine] [ntainer#0-0-C-1] com.uav.alarm.kafka.TelemetryConsumer    : ALARM: [CRITICAL] 地形碰撞 | 地形碰撞风险 | drone=null | pos=(39.66263602892082,116.13238000770362)
2026-06-13T01:06:22.654+08:00  WARN 35828 --- [uav-alarm-engine] [ntainer#0-0-C-1] com.uav.alarm.kafka.TelemetryConsumer    : ALARM: [CRITICAL] 地形碰撞 | 地形碰撞风险 | drone=null | pos=(39.86631615249902,116.52403817098794)
2026-06-13T01:06:22.654+08:00  WARN 35828 --- [uav-alarm-engine] [ntainer#0-0-C-1] com.uav.alarm.kafka.TelemetryConsumer    : ALARM: [CRITICAL] 地形碰撞 | 地形碰撞风险 | drone=null | pos=(39.86845112134771,116.32818365204838)
2026-06-13T01:06:22.655+08:00  WARN 35828 --- [uav-alarm-engine] [ntainer#0-0-C-1] com.uav.alarm.kafka.TelemetryConsumer    : ALARM: [CRITICAL] 地形碰撞 | 地形碰撞风险 | drone=null | pos=(39.575261385273954,116.57200684678018)
2026-06-13T01:06:22.656+08:00  WARN 35828 --- [uav-alarm-engine] [ntainer#0-0-C-1] com.uav.alarm.kafka.TelemetryConsumer    : ALARM: [CRITICAL] 地形碰撞 | 地形碰撞风险 | drone=null | pos=(39.82694912395978,116.04533659800205)
2026-06-13T01:06:22.656+08:00  WARN 35828 --- [uav-alarm-engine] [ntainer#0-0-C-1] com.uav.alarm.kafka.TelemetryConsumer    : ALARM: [CRITICAL] 地形碰撞 | 地形碰撞风险 | drone=null | pos=(39.89448735735109,116.77044428180055)
2026-06-13T01:06:22.657+08:00  WARN 35828 --- [uav-alarm-engine] [ntainer#0-0-C-1] com.uav.alarm.kafka.TelemetryConsumer    : ALARM: [CRITICAL] 地形碰撞 | 地形碰撞风险 | drone=null | pos=(39.82946307857494,116.1706575367768)
2026-06-13T01:06:22.657+08:00  WARN 35828 --- [uav-alarm-engine] [ntainer#0-0-C-1] com.uav.alarm.kafka.TelemetryConsumer    : ALARM: [CRITICAL] 地形碰撞 | 地形碰撞风险 | drone=null | pos=(39.94804551036409,116.12088925998607)
2026-06-13T01:06:22.658+08:00  WARN 35828 --- [uav-alarm-engine] [ntainer#0-0-C-1] com.uav.alarm.kafka.TelemetryConsumer    : ALARM: [CRITICAL] 地形碰撞 | 地形碰撞风险 | drone=null | pos=(40.00501126798644,116.3789749412011)
2026-06-13T01:06:22.659+08:00  WARN 35828 --- [uav-alarm-engine] [ntainer#0-0-C-1] com.uav.alarm.kafka.TelemetryConsumer    : ALARM: [CRITICAL] 地形碰撞 | 地形碰撞风险 | drone=null | pos=(39.86104962293666,116.41942125494356)
2026-06-13T01:06:22.659+08:00  WARN 35828 --- [uav-alarm-engine] [ntainer#0-0-C-1] com.uav.alarm.kafka.TelemetryConsumer    : ALARM: [CRITICAL] 地形碰撞 | 地形碰撞风险 | drone=null | pos=(39.845302533467965,116.31522209709719)
2026-06-13T01:06:22.660+08:00  WARN 35828 --- [uav-alarm-engine] [ntainer#0-0-C-1] com.uav.alarm.kafka.TelemetryConsumer    : ALARM: [CRITICAL] 地形碰撞 | 地形碰撞风险 | drone=null | pos=(39.95293546207217,116.30733323406922)
2026-06-13T01:06:22.661+08:00  WARN 35828 --- [uav-alarm-engine] [ntainer#0-0-C-1] com.uav.alarm.kafka.TelemetryConsumer    : ALARM: [CRITICAL] 地形碰撞 | 地形碰撞风险 | drone=null | pos=(39.93355487237641,116.65972594312638)
2026-06-13T01:06:22.662+08:00  WARN 35828 --- [uav-alarm-engine] [ntainer#0-0-C-1] com.uav.alarm.kafka.TelemetryConsumer    : ALARM: [CRITICAL] 地形碰撞 | 地形碰撞风险 | drone=null | pos=(39.78522461856003,116.7220404813933)
2026-06-13T01:06:22.662+08:00  WARN 35828 --- [uav-alarm-engine] [ntainer#0-0-C-1] com.uav.alarm.kafka.TelemetryConsumer    : ALARM: [CRITICAL] 地形碰撞 | 地形碰撞风险 | drone=null | pos=(39.804286787997306,116.02338356515946)
2026-06-13T01:06:22.663+08:00  WARN 35828 --- [uav-alarm-engine] [ntainer#0-0-C-1] com.uav.alarm.kafka.TelemetryConsumer    : ALARM: [CRITICAL] 地形碰撞 | 地形碰撞风险 | drone=null | pos=(39.93036696143124,116.48145527820466)
2026-06-13T01:06:22.664+08:00  WARN 35828 --- [uav-alarm-engine] [ntainer#0-0-C-1] com.uav.alarm.kafka.TelemetryConsumer    : ALARM: [CRITICAL] 地形碰撞 | 地形碰撞风险 | drone=null | pos=(39.98105575399095,116.13005546479032)
2026-06-13T01:06:22.664+08:00  WARN 35828 --- [uav-alarm-engine] [ntainer#0-0-C-1] com.uav.alarm.kafka.TelemetryConsumer    : ALARM: [CRITICAL] 地形碰撞 | 地形碰撞风险 | drone=null | pos=(39.907285140338544,116.86365375744953)
2026-06-13T01:06:22.665+08:00  WARN 35828 --- [uav-alarm-engine] [ntainer#0-0-C-1] com.uav.alarm.kafka.TelemetryConsumer    : ALARM: [CRITICAL] 地形碰撞 | 地形碰撞风险 | drone=null | pos=(39.80093268067774,116.07799644535116)
2026-06-13T01:06:22.665+08:00  WARN 35828 --- [uav-alarm-engine] [ntainer#0-0-C-1] com.uav.alarm.kafka.TelemetryConsumer    : ALARM: [CRITICAL] 地形碰撞 | 地形碰撞风险 | drone=null | pos=(39.947160617646425,116.53277223816184)
2026-06-13T01:06:22.666+08:00  WARN 35828 --- [uav-alarm-engine] [ntainer#0-0-C-1] com.uav.alarm.kafka.TelemetryConsumer    : ALARM: [CRITICAL] 地形碰撞 | 地形碰撞风险 | drone=null | pos=(40.08803160185152,116.69151528878815)
2026-06-13T01:06:22.666+08:00  WARN 35828 --- [uav-alarm-engine] [ntainer#0-0-C-1] com.uav.alarm.kafka.TelemetryConsumer    : ALARM: [CRITICAL] 地形碰撞 | 地形碰撞风险 | drone=null | pos=(39.70280965651488,116.38948649061881)
2026-06-13T01:06:22.667+08:00  WARN 35828 --- [uav-alarm-engine] [ntainer#0-0-C-1] com.uav.alarm.kafka.TelemetryConsumer    : ALARM: [CRITICAL] 地形碰撞 | 地形碰撞风险 | drone=null | pos=(40.258463102674405,116.448008090002)
2026-06-13T01:06:22.667+08:00  WARN 35828 --- [uav-alarm-engine] [ntainer#0-0-C-1] com.uav.alarm.kafka.TelemetryConsumer    : ALARM: [CRITICAL] 地形碰撞 | 地形碰撞风险 | drone=null | pos=(40.06560235407499,116.50793454657725)
2026-06-13T01:06:22.668+08:00  WARN 35828 --- [uav-alarm-engine] [ntainer#0-0-C-1] com.uav.alarm.kafka.TelemetryConsumer    : ALARM: [CRITICAL] 地形碰撞 | 地形碰撞风险 | drone=null | pos=(39.976186426606894,116.65178608972124)
2026-06-13T01:06:22.669+08:00  WARN 35828 --- [uav-alarm-engine] [ntainer#0-0-C-1] com.uav.alarm.kafka.TelemetryConsumer    : ALARM: [CRITICAL] 地形碰撞 | 地形碰撞风险 | drone=null | pos=(39.97377099038856,116.4540899844324)
2026-06-13T01:06:22.670+08:00  WARN 35828 --- [uav-alarm-engine] [ntainer#0-0-C-1] com.uav.alarm.kafka.TelemetryConsumer    : ALARM: [CRITICAL] 地形碰撞 | 地形碰撞风险 | drone=null | pos=(39.9983197124599,116.05167976014246)
2026-06-13T01:06:22.671+08:00  WARN 35828 --- [uav-alarm-engine] [ntainer#0-0-C-1] com.uav.alarm.kafka.TelemetryConsumer    : ALARM: [CRITICAL] 地形碰撞 | 地形碰撞风险 | drone=null | pos=(39.718371837278916,116.2718718913269)
2026-06-13T01:06:22.671+08:00  WARN 35828 --- [uav-alarm-engine] [ntainer#0-0-C-1] com.uav.alarm.kafka.TelemetryConsumer    : ALARM: [CRITICAL] 地形碰撞 | 地形碰撞风险 | drone=null | pos=(39.9016598456087,116.35871320641586)
2026-06-13T01:06:22.671+08:00  WARN 35828 --- [uav-alarm-engine] [ntainer#0-0-C-1] com.uav.alarm.kafka.TelemetryConsumer    : ALARM: [CRITICAL] 地形碰撞 | 地形碰撞风险 | drone=null | pos=(39.752867118967096,116.5621345961676)
2026-06-13T01:06:22.672+08:00  WARN 35828 --- [uav-alarm-engine] [ntainer#0-0-C-1] com.uav.alarm.kafka.TelemetryConsumer    : ALARM: [CRITICAL] 地形碰撞 | 地形碰撞风险 | drone=null | pos=(39.858413832431346,116.28489639156976)
2026-06-13T01:06:22.672+08:00  WARN 35828 --- [uav-alarm-engine] [ntainer#0-0-C-1] com.uav.alarm.kafka.TelemetryConsumer    : ALARM: [CRITICAL] 地形碰撞 | 地形碰撞风险 | drone=null | pos=(40.015730965414335,116.56290780089938)
2026-06-13T01:06:22.673+08:00  WARN 35828 --- [uav-alarm-engine] [ntainer#0-0-C-1] com.uav.alarm.kafka.TelemetryConsumer    : ALARM: [CRITICAL] 地形碰撞 | 地形碰撞风险 | drone=null | pos=(40.02060828365149,116.29634953575636)
2026-06-13T01:06:22.674+08:00  WARN 35828 --- [uav-alarm-engine] [ntainer#0-0-C-1] com.uav.alarm.kafka.TelemetryConsumer    : ALARM: [CRITICAL] 地形碰撞 | 地形碰撞风险 | drone=null | pos=(39.76996856868557,116.13919135977132)
2026-06-13T01:06:22.674+08:00  WARN 35828 --- [uav-alarm-engine] [ntainer#0-0-C-1] com.uav.alarm.kafka.TelemetryConsumer    : ALARM: [CRITICAL] 地形碰撞 | 地形碰撞风险 | drone=null | pos=(39.948182470667,116.38763517643143)
2026-06-13T01:06:22.674+08:00  WARN 35828 --- [uav-alarm-engine] [ntainer#0-0-C-1] com.uav.alarm.kafka.TelemetryConsumer    : ALARM: [CRITICAL] 地形碰撞 | 地形碰撞风险 | drone=null | pos=(39.90736040636241,116.38506100094293)
2026-06-13T01:06:22.675+08:00  WARN 35828 --- [uav-alarm-engine] [ntainer#0-0-C-1] com.uav.alarm.kafka.TelemetryConsumer    : ALARM: [CRITICAL] 地形碰撞 | 地形碰撞风险 | drone=null | pos=(40.12975732485814,116.77035928168343)
2026-06-13T01:06:22.675+08:00  WARN 35828 --- [uav-alarm-engine] [ntainer#0-0-C-1] com.uav.alarm.kafka.TelemetryConsumer    : ALARM: [CRITICAL] 地形碰撞 | 地形碰撞风险 | drone=null | pos=(39.8173486935826,116.47540250502269)
2026-06-13T01:06:22.676+08:00  WARN 35828 --- [uav-alarm-engine] [ntainer#0-0-C-1] com.uav.alarm.kafka.TelemetryConsumer    : ALARM: [CRITICAL] 地形碰撞 | 地形碰撞风险 | drone=null | pos=(39.9605366119305,116.1791900542863)
2026-06-13T01:06:22.677+08:00  WARN 35828 --- [uav-alarm-engine] [ntainer#0-0-C-1] com.uav.alarm.kafka.TelemetryConsumer    : ALARM: [CRITICAL] 地形碰撞 | 地形碰撞风险 | drone=null | pos=(39.66895560710176,116.27599627139327)
2026-06-13T01:06:22.677+08:00  WARN 35828 --- [uav-alarm-engine] [ntainer#0-0-C-1] com.uav.alarm.kafka.TelemetryConsumer    : ALARM: [CRITICAL] 地形碰撞 | 地形碰撞风险 | drone=null | pos=(40.22191567333138,116.49278832814076)
2026-06-13T01:06:22.678+08:00  WARN 35828 --- [uav-alarm-engine] [ntainer#0-0-C-1] com.uav.alarm.kafka.TelemetryConsumer    : ALARM: [CRITICAL] 地形碰撞 | 地形碰撞风险 | drone=null | pos=(39.94429883246587,116.47717097411063)
2026-06-13T01:06:22.678+08:00  WARN 35828 --- [uav-alarm-engine] [ntainer#0-0-C-1] com.uav.alarm.kafka.TelemetryConsumer    : ALARM: [CRITICAL] 地形碰撞 | 地形碰撞风险 | drone=null | pos=(39.95697292915551,116.32816330945026)
2026-06-13T01:06:22.679+08:00  WARN 35828 --- [uav-alarm-engine] [ntainer#0-0-C-1] com.uav.alarm.kafka.TelemetryConsumer    : ALARM: [CRITICAL] 地形碰撞 | 地形碰撞风险 | drone=null | pos=(39.873517782507946,115.99604594958545)
2026-06-13T01:06:22.679+08:00  WARN 35828 --- [uav-alarm-engine] [ntainer#0-0-C-1] com.uav.alarm.kafka.TelemetryConsumer    : ALARM: [CRITICAL] 地形碰撞 | 地形碰撞风险 | drone=null | pos=(39.98300171300569,116.1895365368193)
2026-06-13T01:06:22.680+08:00  WARN 35828 --- [uav-alarm-engine] [ntainer#0-0-C-1] com.uav.alarm.kafka.TelemetryConsumer    : ALARM: [CRITICAL] 地形碰撞 | 地形碰撞风险 | drone=null | pos=(39.90797689936142,116.480516900604)
2026-06-13T01:06:22.681+08:00  WARN 35828 --- [uav-alarm-engine] [ntainer#0-0-C-1] com.uav.alarm.kafka.TelemetryConsumer    : ALARM: [CRITICAL] 地形碰撞 | 地形碰撞风险 | drone=null | pos=(39.9561012769445,116.54013694741916)
2026-06-13T01:06:22.681+08:00  WARN 35828 --- [uav-alarm-engine] [ntainer#0-0-C-1] com.uav.alarm.kafka.TelemetryConsumer    : ALARM: [CRITICAL] 地形碰撞 | 地形碰撞风险 | drone=null | pos=(39.942384778360896,116.57701878939496)
2026-06-13T01:06:22.682+08:00  WARN 35828 --- [uav-alarm-engine] [ntainer#0-0-C-1] com.uav.alarm.kafka.TelemetryConsumer    : ALARM: [CRITICAL] 地形碰撞 | 地形碰撞风险 | drone=null | pos=(39.727634596833326,116.33456262736357)
2026-06-13T01:06:22.682+08:00  WARN 35828 --- [uav-alarm-engine] [ntainer#0-0-C-1] com.uav.alarm.kafka.TelemetryConsumer    : ALARM: [CRITICAL] 地形碰撞 | 地形碰撞风险 | drone=null | pos=(39.81478445514177,116.37840601084334)
2026-06-13T01:06:22.683+08:00  WARN 35828 --- [uav-alarm-engine] [ntainer#0-0-C-1] com.uav.alarm.kafka.TelemetryConsumer    : ALARM: [CRITICAL] 地形碰撞 | 地形碰撞风险 | drone=null | pos=(39.98442403842967,116.45357729934534)
2026-06-13T01:06:22.683+08:00  WARN 35828 --- [uav-alarm-engine] [ntainer#0-0-C-1] com.uav.alarm.kafka.TelemetryConsumer    : ALARM: [CRITICAL] 地形碰撞 | 地形碰撞风险 | drone=null | pos=(39.929626554655954,116.3746914466943)
2026-06-13T01:06:22.684+08:00  WARN 35828 --- [uav-alarm-engine] [ntainer#0-0-C-1] com.uav.alarm.kafka.TelemetryConsumer    : ALARM: [CRITICAL] 地形碰撞 | 地形碰撞风险 | drone=null | pos=(39.77960819000626,116.24470987621581)
2026-06-13T01:06:22.684+08:00  WARN 35828 --- [uav-alarm-engine] [ntainer#0-0-C-1] com.uav.alarm.kafka.TelemetryConsumer    : ALARM: [CRITICAL] 地形碰撞 | 地形碰撞风险 | drone=null | pos=(39.89873918634847,116.44993229066928)
2026-06-13T01:06:22.684+08:00  WARN 35828 --- [uav-alarm-engine] [ntainer#0-0-C-1] com.uav.alarm.kafka.TelemetryConsumer    : ALARM: [CRITICAL] 地形碰撞 | 地形碰撞风险 | drone=null | pos=(39.91211818074186,116.40371903565998)
2026-06-13T01:06:22.685+08:00  WARN 35828 --- [uav-alarm-engine] [ntainer#0-0-C-1] com.uav.alarm.kafka.TelemetryConsumer    : ALARM: [CRITICAL] 地形碰撞 | 地形碰撞风险 | drone=null | pos=(39.71842493248201,116.62914381201286)
2026-06-13T01:06:22.685+08:00  WARN 35828 --- [uav-alarm-engine] [ntainer#0-0-C-1] com.uav.alarm.kafka.TelemetryConsumer    : ALARM: [CRITICAL] 地形碰撞 | 地形碰撞风险 | drone=null | pos=(40.06340572097448,116.80264849244413)
2026-06-13T01:06:22.686+08:00  WARN 35828 --- [uav-alarm-engine] [ntainer#0-0-C-1] com.uav.alarm.kafka.TelemetryConsumer    : ALARM: [CRITICAL] 地形碰撞 | 地形碰撞风险 | drone=null | pos=(39.767468809531906,116.58799541068787)
2026-06-13T01:06:22.687+08:00  WARN 35828 --- [uav-alarm-engine] [ntainer#0-0-C-1] com.uav.alarm.kafka.TelemetryConsumer    : ALARM: [CRITICAL] 地形碰撞 | 地形碰撞风险 | drone=null | pos=(39.928145237781244,116.79069396393344)
2026-06-13T01:06:22.687+08:00  WARN 35828 --- [uav-alarm-engine] [ntainer#0-0-C-1] com.uav.alarm.kafka.TelemetryConsumer    : ALARM: [CRITICAL] 地形碰撞 | 地形碰撞风险 | drone=null | pos=(39.84250921391817,116.51596260199484)
2026-06-13T01:06:22.687+08:00  WARN 35828 --- [uav-alarm-engine] [ntainer#0-0-C-1] com.uav.alarm.kafka.TelemetryConsumer    : ALARM: [CRITICAL] 地形碰撞 | 地形碰撞风险 | drone=null | pos=(39.663181183434006,116.30373081252459)
2026-06-13T01:06:22.688+08:00  WARN 35828 --- [uav-alarm-engine] [ntainer#0-0-C-1] com.uav.alarm.kafka.TelemetryConsumer    : ALARM: [CRITICAL] 地形碰撞 | 地形碰撞风险 | drone=null | pos=(39.92895694178798,116.37134828842936)
2026-06-13T01:06:22.696+08:00  WARN 35828 --- [uav-alarm-engine] [ntainer#0-0-C-1] com.uav.alarm.kafka.TelemetryConsumer    : ALARM: [CRITICAL] 地形碰撞 | 地形碰撞风险 | drone=null | pos=(39.73420570893536,116.20468415758059)
2026-06-13T01:06:22.696+08:00  WARN 35828 --- [uav-alarm-engine] [ntainer#0-0-C-1] com.uav.alarm.kafka.TelemetryConsumer    : ALARM: [CRITICAL] 地形碰撞 | 地形碰撞风险 | drone=null | pos=(40.081399535375816,116.52004721717506)
2026-06-13T01:06:22.698+08:00  WARN 35828 --- [uav-alarm-engine] [ntainer#0-0-C-1] com.uav.alarm.kafka.TelemetryConsumer    : ALARM: [CRITICAL] 地形碰撞 | 地形碰撞风险 | drone=null | pos=(39.63533848077096,116.16874404139965)
2026-06-13T01:06:22.698+08:00  WARN 35828 --- [uav-alarm-engine] [ntainer#0-0-C-1] com.uav.alarm.kafka.TelemetryConsumer    : ALARM: [CRITICAL] 地形碰撞 | 地形碰撞风险 | drone=null | pos=(39.950834222518466,116.61916116631744)
2026-06-13T01:06:22.699+08:00  WARN 35828 --- [uav-alarm-engine] [ntainer#0-0-C-1] com.uav.alarm.kafka.TelemetryConsumer    : ALARM: [CRITICAL] 地形碰撞 | 地形碰撞风险 | drone=null | pos=(40.2163324049885,116.4838494357249)
2026-06-13T01:06:22.699+08:00  WARN 35828 --- [uav-alarm-engine] [ntainer#0-0-C-1] com.uav.alarm.kafka.TelemetryConsumer    : ALARM: [CRITICAL] 地形碰撞 | 地形碰撞风险 | drone=null | pos=(39.86822931551229,115.99771205543655)
2026-06-13T01:06:22.700+08:00  WARN 35828 --- [uav-alarm-engine] [ntainer#0-0-C-1] com.uav.alarm.kafka.TelemetryConsumer    : ALARM: [CRITICAL] 地形碰撞 | 地形碰撞风险 | drone=null | pos=(40.02729691888744,116.81173121746072)
2026-06-13T01:06:22.700+08:00  WARN 35828 --- [uav-alarm-engine] [ntainer#0-0-C-1] com.uav.alarm.kafka.TelemetryConsumer    : ALARM: [CRITICAL] 地形碰撞 | 地形碰撞风险 | drone=null | pos=(40.13830848685477,116.28182386000545)
2026-06-13T01:06:22.701+08:00  WARN 35828 --- [uav-alarm-engine] [ntainer#0-0-C-1] com.uav.alarm.kafka.TelemetryConsumer    : ALARM: [CRITICAL] 地形碰撞 | 地形碰撞风险 | drone=null | pos=(39.69362584167662,116.05440900358302)
2026-06-13T01:06:22.701+08:00  WARN 35828 --- [uav-alarm-engine] [ntainer#0-0-C-1] com.uav.alarm.kafka.TelemetryConsumer    : ALARM: [CRITICAL] 地形碰撞 | 地形碰撞风险 | drone=null | pos=(39.8331801280332,116.66253271366378)
2026-06-13T01:06:22.702+08:00  WARN 35828 --- [uav-alarm-engine] [ntainer#0-0-C-1] com.uav.alarm.kafka.TelemetryConsumer    : ALARM: [CRITICAL] 地形碰撞 | 地形碰撞风险 | drone=null | pos=(39.88711870152742,116.37545564325804)
2026-06-13T01:06:22.702+08:00  WARN 35828 --- [uav-alarm-engine] [ntainer#0-0-C-1] com.uav.alarm.kafka.TelemetryConsumer    : ALARM: [CRITICAL] 地形碰撞 | 地形碰撞风险 | drone=null | pos=(40.14610161909613,116.2743975600592)
2026-06-13T01:06:22.703+08:00  WARN 35828 --- [uav-alarm-engine] [ntainer#0-0-C-1] com.uav.alarm.kafka.TelemetryConsumer    : ALARM: [CRITICAL] 地形碰撞 | 地形碰撞风险 | drone=null | pos=(39.60520694541641,116.20709992182141)
2026-06-13T01:06:22.703+08:00  WARN 35828 --- [uav-alarm-engine] [ntainer#0-0-C-1] com.uav.alarm.kafka.TelemetryConsumer    : ALARM: [CRITICAL] 地形碰撞 | 地形碰撞风险 | drone=null | pos=(39.6760566843393,116.28768603041779)
2026-06-13T01:06:22.704+08:00  WARN 35828 --- [uav-alarm-engine] [ntainer#0-0-C-1] com.uav.alarm.kafka.TelemetryConsumer    : ALARM: [CRITICAL] 地形碰撞 | 地形碰撞风险 | drone=null | pos=(39.931109331633664,116.44843579019728)
2026-06-13T01:06:22.704+08:00  WARN 35828 --- [uav-alarm-engine] [ntainer#0-0-C-1] com.uav.alarm.kafka.TelemetryConsumer    : ALARM: [CRITICAL] 地形碰撞 | 地形碰撞风险 | drone=null | pos=(39.94813249267872,116.0620890365322)
2026-06-13T01:06:22.705+08:00  WARN 35828 --- [uav-alarm-engine] [ntainer#0-0-C-1] com.uav.alarm.kafka.TelemetryConsumer    : ALARM: [CRITICAL] 地形碰撞 | 地形碰撞风险 | drone=null | pos=(39.84359302171591,116.80135114966625)
2026-06-13T01:06:22.706+08:00  WARN 35828 --- [uav-alarm-engine] [ntainer#0-0-C-1] com.uav.alarm.kafka.TelemetryConsumer    : ALARM: [CRITICAL] 地形碰撞 | 地形碰撞风险 | drone=null | pos=(39.719714972364336,116.71181002255615)
2026-06-13T01:06:22.706+08:00  WARN 35828 --- [uav-alarm-engine] [ntainer#0-0-C-1] com.uav.alarm.kafka.TelemetryConsumer    : ALARM: [CRITICAL] 地形碰撞 | 地形碰撞风险 | drone=null | pos=(39.85628466412422,116.50179980659752)
2026-06-13T01:06:22.706+08:00  WARN 35828 --- [uav-alarm-engine] [ntainer#0-0-C-1] com.uav.alarm.kafka.TelemetryConsumer    : ALARM: [CRITICAL] 地形碰撞 | 地形碰撞风险 | drone=null | pos=(39.84968437799678,116.47297184808009)
2026-06-13T01:06:22.708+08:00  WARN 35828 --- [uav-alarm-engine] [ntainer#0-0-C-1] com.uav.alarm.kafka.TelemetryConsumer    : ALARM: [CRITICAL] 地形碰撞 | 地形碰撞风险 | drone=null | pos=(39.91332952202452,116.43011748600048)
2026-06-13T01:06:22.708+08:00  WARN 35828 --- [uav-alarm-engine] [ntainer#0-0-C-1] com.uav.alarm.kafka.TelemetryConsumer    : ALARM: [CRITICAL] 地形碰撞 | 地形碰撞风险 | drone=null | pos=(39.854632142328406,116.05287461205941)
2026-06-13T01:06:22.708+08:00  WARN 35828 --- [uav-alarm-engine] [ntainer#0-0-C-1] com.uav.alarm.kafka.TelemetryConsumer    : ALARM: [CRITICAL] 地形碰撞 | 地形碰撞风险 | drone=null | pos=(39.9316936899559,116.38225995009114)
2026-06-13T01:06:22.709+08:00  WARN 35828 --- [uav-alarm-engine] [ntainer#0-0-C-1] com.uav.alarm.kafka.TelemetryConsumer    : ALARM: [CRITICAL] 地形碰撞 | 地形碰撞风险 | drone=null | pos=(40.15703306996779,116.47086804064507)
2026-06-13T01:06:22.709+08:00  WARN 35828 --- [uav-alarm-engine] [ntainer#0-0-C-1] com.uav.alarm.kafka.TelemetryConsumer    : ALARM: [CRITICAL] 地形碰撞 | 地形碰撞风险 | drone=null | pos=(39.89410320384399,116.5033050035987)
2026-06-13T01:06:22.710+08:00  WARN 35828 --- [uav-alarm-engine] [ntainer#0-0-C-1] com.uav.alarm.kafka.TelemetryConsumer    : ALARM: [CRITICAL] 地形碰撞 | 地形碰撞风险 | drone=null | pos=(39.636230554136304,116.2052822038239)
2026-06-13T01:06:22.710+08:00  WARN 35828 --- [uav-alarm-engine] [ntainer#0-0-C-1] com.uav.alarm.kafka.TelemetryConsumer    : ALARM: [CRITICAL] 地形碰撞 | 地形碰撞风险 | drone=null | pos=(39.67389330336665,116.38079655919111)
2026-06-13T01:06:22.711+08:00  WARN 35828 --- [uav-alarm-engine] [ntainer#0-0-C-1] com.uav.alarm.kafka.TelemetryConsumer    : ALARM: [CRITICAL] 地形碰撞 | 地形碰撞风险 | drone=null | pos=(39.824725776846094,116.38464024371976)
2026-06-13T01:06:22.712+08:00  WARN 35828 --- [uav-alarm-engine] [ntainer#0-0-C-1] com.uav.alarm.kafka.TelemetryConsumer    : ALARM: [CRITICAL] 地形碰撞 | 地形碰撞风险 | drone=null | pos=(39.90527360560602,116.40990431755479)
2026-06-13T01:06:22.712+08:00  WARN 35828 --- [uav-alarm-engine] [ntainer#0-0-C-1] com.uav.alarm.kafka.TelemetryConsumer    : ALARM: [CRITICAL] 地形碰撞 | 地形碰撞风险 | drone=null | pos=(40.141519513773815,116.49408229186783)
2026-06-13T01:06:22.713+08:00  WARN 35828 --- [uav-alarm-engine] [ntainer#0-0-C-1] com.uav.alarm.kafka.TelemetryConsumer    : ALARM: [CRITICAL] 地形碰撞 | 地形碰撞风险 | drone=null | pos=(39.88309008337818,116.44116068679337)
2026-06-13T01:06:22.713+08:00  WARN 35828 --- [uav-alarm-engine] [ntainer#0-0-C-1] com.uav.alarm.kafka.TelemetryConsumer    : ALARM: [CRITICAL] 地形碰撞 | 地形碰撞风险 | drone=null | pos=(39.96607320480946,116.49973563381104)
2026-06-13T01:06:22.713+08:00  WARN 35828 --- [uav-alarm-engine] [ntainer#0-0-C-1] com.uav.alarm.kafka.TelemetryConsumer    : ALARM: [CRITICAL] 地形碰撞 | 地形碰撞风险 | drone=null | pos=(39.928761469860426,116.37188253719742)
2026-06-13T01:06:22.714+08:00  WARN 35828 --- [uav-alarm-engine] [ntainer#0-0-C-1] com.uav.alarm.kafka.TelemetryConsumer    : ALARM: [CRITICAL] 地形碰撞 | 地形碰撞风险 | drone=null | pos=(39.919413144529095,116.41496999372754)
2026-06-13T01:06:22.715+08:00  WARN 35828 --- [uav-alarm-engine] [ntainer#0-0-C-1] com.uav.alarm.kafka.TelemetryConsumer    : ALARM: [CRITICAL] 地形碰撞 | 地形碰撞风险 | drone=null | pos=(39.99507623129036,116.458366062331)
2026-06-13T01:06:22.715+08:00  WARN 35828 --- [uav-alarm-engine] [ntainer#0-0-C-1] com.uav.alarm.kafka.TelemetryConsumer    : ALARM: [CRITICAL] 地形碰撞 | 地形碰撞风险 | drone=null | pos=(40.0444598748589,116.57454849621251)
2026-06-13T01:06:22.716+08:00  WARN 35828 --- [uav-alarm-engine] [ntainer#0-0-C-1] com.uav.alarm.kafka.TelemetryConsumer    : ALARM: [CRITICAL] 地形碰撞 | 地形碰撞风险 | drone=null | pos=(39.818729749064325,116.6891816916553)
2026-06-13T01:06:22.716+08:00  WARN 35828 --- [uav-alarm-engine] [ntainer#0-0-C-1] com.uav.alarm.kafka.TelemetryConsumer    : ALARM: [CRITICAL] 地形碰撞 | 地形碰撞风险 | drone=null | pos=(39.93365439220783,116.07352555224638)
2026-06-13T01:06:22.717+08:00  WARN 35828 --- [uav-alarm-engine] [ntainer#0-0-C-1] com.uav.alarm.kafka.TelemetryConsumer    : ALARM: [CRITICAL] 地形碰撞 | 地形碰撞风险 | drone=null | pos=(39.87532000582476,116.11393819683686)
2026-06-13T01:06:22.717+08:00  WARN 35828 --- [uav-alarm-engine] [ntainer#0-0-C-1] com.uav.alarm.kafka.TelemetryConsumer    : ALARM: [CRITICAL] 地形碰撞 | 地形碰撞风险 | drone=null | pos=(39.96068751115108,116.30847615718858)
2026-06-13T01:06:22.718+08:00  WARN 35828 --- [uav-alarm-engine] [ntainer#0-0-C-1] com.uav.alarm.kafka.TelemetryConsumer    : ALARM: [CRITICAL] 地形碰撞 | 地形碰撞风险 | drone=null | pos=(40.082770035476656,116.3760416524922)
2026-06-13T01:06:22.718+08:00  WARN 35828 --- [uav-alarm-engine] [ntainer#0-0-C-1] com.uav.alarm.kafka.TelemetryConsumer    : ALARM: [CRITICAL] 地形碰撞 | 地形碰撞风险 | drone=null | pos=(40.00862311457755,116.39347142592482)
2026-06-13T01:06:22.719+08:00  WARN 35828 --- [uav-alarm-engine] [ntainer#0-0-C-1] com.uav.alarm.kafka.TelemetryConsumer    : ALARM: [CRITICAL] 地形碰撞 | 地形碰撞风险 | drone=null | pos=(39.945175925675954,116.37169880252118)
2026-06-13T01:06:22.719+08:00  WARN 35828 --- [uav-alarm-engine] [ntainer#0-0-C-1] com.uav.alarm.kafka.TelemetryConsumer    : ALARM: [CRITICAL] 地形碰撞 | 地形碰撞风险 | drone=null | pos=(40.21389098480487,116.56636101924538)
2026-06-13T01:06:22.720+08:00  WARN 35828 --- [uav-alarm-engine] [ntainer#0-0-C-1] com.uav.alarm.kafka.TelemetryConsumer    : ALARM: [CRITICAL] 地形碰撞 | 地形碰撞风险 | drone=null | pos=(39.93732378865345,116.4490120443549)
2026-06-13T01:06:22.720+08:00  WARN 35828 --- [uav-alarm-engine] [ntainer#0-0-C-1] com.uav.alarm.kafka.TelemetryConsumer    : ALARM: [CRITICAL] 地形碰撞 | 地形碰撞风险 | drone=null | pos=(39.91027718998724,116.54985153321054)
2026-06-13T01:06:22.720+08:00  WARN 35828 --- [uav-alarm-engine] [ntainer#0-0-C-1] com.uav.alarm.kafka.TelemetryConsumer    : ALARM: [CRITICAL] 地形碰撞 | 地形碰撞风险 | drone=null | pos=(39.65929219665005,116.22098178700459)
2026-06-13T01:06:22.721+08:00  WARN 35828 --- [uav-alarm-engine] [ntainer#0-0-C-1] com.uav.alarm.kafka.TelemetryConsumer    : ALARM: [CRITICAL] 地形碰撞 | 地形碰撞风险 | drone=null | pos=(39.9749083154651,116.79356003313407)
2026-06-13T01:06:22.722+08:00  WARN 35828 --- [uav-alarm-engine] [ntainer#0-0-C-1] com.uav.alarm.kafka.TelemetryConsumer    : ALARM: [CRITICAL] 地形碰撞 | 地形碰撞风险 | drone=null | pos=(39.69954999906863,116.10270100025512)
2026-06-13T01:06:22.723+08:00  WARN 35828 --- [uav-alarm-engine] [ntainer#0-0-C-1] com.uav.alarm.kafka.TelemetryConsumer    : ALARM: [CRITICAL] 地形碰撞 | 地形碰撞风险 | drone=null | pos=(39.65615954268292,116.21610144549354)
2026-06-13T01:06:22.723+08:00  WARN 35828 --- [uav-alarm-engine] [ntainer#0-0-C-1] com.uav.alarm.kafka.TelemetryConsumer    : ALARM: [CRITICAL] 地形碰撞 | 地形碰撞风险 | drone=null | pos=(39.99070017231103,116.8257928278266)
2026-06-13T01:06:22.724+08:00  WARN 35828 --- [uav-alarm-engine] [ntainer#0-0-C-1] com.uav.alarm.kafka.TelemetryConsumer    : ALARM: [CRITICAL] 地形碰撞 | 地形碰撞风险 | drone=null | pos=(39.876840926371344,116.3897377609904)
2026-06-13T01:06:22.724+08:00  WARN 35828 --- [uav-alarm-engine] [ntainer#0-0-C-1] com.uav.alarm.kafka.TelemetryConsumer    : ALARM: [CRITICAL] 地形碰撞 | 地形碰撞风险 | drone=null | pos=(39.89730171504541,116.51903692938211)
2026-06-13T01:06:22.724+08:00  WARN 35828 --- [uav-alarm-engine] [ntainer#0-0-C-1] com.uav.alarm.kafka.TelemetryConsumer    : ALARM: [CRITICAL] 地形碰撞 | 地形碰撞风险 | drone=null | pos=(39.90977751765,116.40128749038018)
2026-06-13T01:06:22.724+08:00  WARN 35828 --- [uav-alarm-engine] [ntainer#0-0-C-1] com.uav.alarm.kafka.TelemetryConsumer    : ALARM: [CRITICAL] 地形碰撞 | 地形碰撞风险 | drone=null | pos=(39.782514194114576,116.53557571081295)
2026-06-13T01:06:22.724+08:00  WARN 35828 --- [uav-alarm-engine] [ntainer#0-0-C-1] com.uav.alarm.kafka.TelemetryConsumer    : ALARM: [CRITICAL] 地形碰撞 | 地形碰撞风险 | drone=null | pos=(39.70090311077894,116.51045218658504)
2026-06-13T01:06:22.726+08:00  WARN 35828 --- [uav-alarm-engine] [ntainer#0-0-C-1] com.uav.alarm.kafka.TelemetryConsumer    : ALARM: [CRITICAL] 地形碰撞 | 地形碰撞风险 | drone=null | pos=(40.03485253383398,116.25303611596928)
2026-06-13T01:06:22.726+08:00  WARN 35828 --- [uav-alarm-engine] [ntainer#0-0-C-1] com.uav.alarm.kafka.TelemetryConsumer    : ALARM: [CRITICAL] 地形碰撞 | 地形碰撞风险 | drone=null | pos=(39.84511568653369,116.73845794528488)
2026-06-13T01:06:22.727+08:00  WARN 35828 --- [uav-alarm-engine] [ntainer#0-0-C-1] com.uav.alarm.kafka.TelemetryConsumer    : ALARM: [CRITICAL] 地形碰撞 | 地形碰撞风险 | drone=null | pos=(39.86036236898552,116.38642202264347)
2026-06-13T01:06:22.727+08:00  WARN 35828 --- [uav-alarm-engine] [ntainer#0-0-C-1] com.uav.alarm.kafka.TelemetryConsumer    : ALARM: [CRITICAL] 地形碰撞 | 地形碰撞风险 | drone=null | pos=(39.73323421226573,116.1623874503739)
2026-06-13T01:06:22.727+08:00  WARN 35828 --- [uav-alarm-engine] [ntainer#0-0-C-1] com.uav.alarm.kafka.TelemetryConsumer    : ALARM: [CRITICAL] 地形碰撞 | 地形碰撞风险 | drone=null | pos=(39.92448070856498,116.40105170999935)
2026-06-13T01:06:22.728+08:00  WARN 35828 --- [uav-alarm-engine] [ntainer#0-0-C-1] com.uav.alarm.kafka.TelemetryConsumer    : ALARM: [CRITICAL] 地形碰撞 | 地形碰撞风险 | drone=null | pos=(39.90501329358814,116.4526389402508)
2026-06-13T01:06:22.728+08:00  WARN 35828 --- [uav-alarm-engine] [ntainer#0-0-C-1] com.uav.alarm.kafka.TelemetryConsumer    : ALARM: [CRITICAL] 地形碰撞 | 地形碰撞风险 | drone=null | pos=(39.96102600142696,116.34847258821142)
2026-06-13T01:06:22.730+08:00  WARN 35828 --- [uav-alarm-engine] [ntainer#0-0-C-1] com.uav.alarm.kafka.TelemetryConsumer    : ALARM: [CRITICAL] 地形碰撞 | 地形碰撞风险 | drone=null | pos=(40.00975817093075,116.48724636695569)
2026-06-13T01:06:22.730+08:00  WARN 35828 --- [uav-alarm-engine] [ntainer#0-0-C-1] com.uav.alarm.kafka.TelemetryConsumer    : ALARM: [CRITICAL] 地形碰撞 | 地形碰撞风险 | drone=null | pos=(39.68749802791859,116.49771503864595)
2026-06-13T01:06:22.736+08:00  WARN 35828 --- [uav-alarm-engine] [ntainer#0-0-C-1] com.uav.alarm.kafka.TelemetryConsumer    : ALARM: [CRITICAL] 地形碰撞 | 地形碰撞风险 | drone=null | pos=(39.788109526390926,116.06585771689882)
2026-06-13T01:06:22.737+08:00  WARN 35828 --- [uav-alarm-engine] [ntainer#0-0-C-1] com.uav.alarm.kafka.TelemetryConsumer    : ALARM: [CRITICAL] 地形碰撞 | 地形碰撞风险 | drone=null | pos=(40.081806760336136,116.22403592325128)
2026-06-13T01:06:22.738+08:00  WARN 35828 --- [uav-alarm-engine] [ntainer#0-0-C-1] com.uav.alarm.kafka.TelemetryConsumer    : ALARM: [CRITICAL] 地形碰撞 | 地形碰撞风险 | drone=null | pos=(39.75691147138008,116.47363376458974)
2026-06-13T01:06:22.738+08:00  WARN 35828 --- [uav-alarm-engine] [ntainer#0-0-C-1] com.uav.alarm.kafka.TelemetryConsumer    : ALARM: [CRITICAL] 地形碰撞 | 地形碰撞风险 | drone=null | pos=(39.91692737406944,116.08511436252739)
2026-06-13T01:06:22.739+08:00  WARN 35828 --- [uav-alarm-engine] [ntainer#0-0-C-1] com.uav.alarm.kafka.TelemetryConsumer    : ALARM: [CRITICAL] 地形碰撞 | 地形碰撞风险 | drone=null | pos=(40.09444565374592,116.47026440494781)
2026-06-13T01:06:22.740+08:00  WARN 35828 --- [uav-alarm-engine] [ntainer#0-0-C-1] com.uav.alarm.kafka.TelemetryConsumer    : ALARM: [CRITICAL] 地形碰撞 | 地形碰撞风险 | drone=null | pos=(39.85473097211134,116.50744480815091)
2026-06-13T01:06:22.740+08:00  WARN 35828 --- [uav-alarm-engine] [ntainer#0-0-C-1] com.uav.alarm.kafka.TelemetryConsumer    : ALARM: [CRITICAL] 地形碰撞 | 地形碰撞风险 | drone=null | pos=(39.75683006732983,116.44472152490175)
2026-06-13T01:06:22.741+08:00  WARN 35828 --- [uav-alarm-engine] [ntainer#0-0-C-1] com.uav.alarm.kafka.TelemetryConsumer    : ALARM: [CRITICAL] 地形碰撞 | 地形碰撞风险 | drone=null | pos=(39.58542929824645,116.4083396750509)
2026-06-13T01:06:22.741+08:00  WARN 35828 --- [uav-alarm-engine] [ntainer#0-0-C-1] com.uav.alarm.kafka.TelemetryConsumer    : ALARM: [CRITICAL] 地形碰撞 | 地形碰撞风险 | drone=null | pos=(40.06417251482284,116.49994149944223)
2026-06-13T01:06:22.742+08:00  WARN 35828 --- [uav-alarm-engine] [ntainer#0-0-C-1] com.uav.alarm.kafka.TelemetryConsumer    : ALARM: [CRITICAL] 地形碰撞 | 地形碰撞风险 | drone=null | pos=(39.84049442470562,115.98965305018172)
2026-06-13T01:06:22.743+08:00  WARN 35828 --- [uav-alarm-engine] [ntainer#0-0-C-1] com.uav.alarm.kafka.TelemetryConsumer    : ALARM: [CRITICAL] 地形碰撞 | 地形碰撞风险 | drone=null | pos=(39.880719837892784,116.2515768385315)
2026-06-13T01:06:22.743+08:00  WARN 35828 --- [uav-alarm-engine] [ntainer#0-0-C-1] com.uav.alarm.kafka.TelemetryConsumer    : ALARM: [CRITICAL] 地形碰撞 | 地形碰撞风险 | drone=null | pos=(39.85812796516163,116.58435669133566)
2026-06-13T01:06:22.744+08:00  WARN 35828 --- [uav-alarm-engine] [ntainer#0-0-C-1] com.uav.alarm.kafka.TelemetryConsumer    : ALARM: [CRITICAL] 地形碰撞 | 地形碰撞风险 | drone=null | pos=(39.75823172440455,116.3789129243502)
2026-06-13T01:06:22.744+08:00  WARN 35828 --- [uav-alarm-engine] [ntainer#0-0-C-1] com.uav.alarm.kafka.TelemetryConsumer    : ALARM: [CRITICAL] 地形碰撞 | 地形碰撞风险 | drone=null | pos=(39.85940947037976,116.37976633428964)
2026-06-13T01:06:22.745+08:00  WARN 35828 --- [uav-alarm-engine] [ntainer#0-0-C-1] com.uav.alarm.kafka.TelemetryConsumer    : ALARM: [CRITICAL] 地形碰撞 | 地形碰撞风险 | drone=null | pos=(39.93664716815928,116.68486306285624)
2026-06-13T01:06:22.745+08:00  WARN 35828 --- [uav-alarm-engine] [ntainer#0-0-C-1] com.uav.alarm.kafka.TelemetryConsumer    : ALARM: [CRITICAL] 地形碰撞 | 地形碰撞风险 | drone=null | pos=(39.77233922226105,116.2193249854781)
2026-06-13T01:06:22.745+08:00  WARN 35828 --- [uav-alarm-engine] [ntainer#0-0-C-1] com.uav.alarm.kafka.TelemetryConsumer    : ALARM: [CRITICAL] 地形碰撞 | 地形碰撞风险 | drone=null | pos=(39.94039831141915,116.7575230696519)
2026-06-13T01:06:22.746+08:00  WARN 35828 --- [uav-alarm-engine] [ntainer#0-0-C-1] com.uav.alarm.kafka.TelemetryConsumer    : ALARM: [CRITICAL] 地形碰撞 | 地形碰撞风险 | drone=null | pos=(39.785170062272044,116.25684861313758)
2026-06-13T01:06:22.746+08:00  WARN 35828 --- [uav-alarm-engine] [ntainer#0-0-C-1] com.uav.alarm.kafka.TelemetryConsumer    : ALARM: [CRITICAL] 地形碰撞 | 地形碰撞风险 | drone=null | pos=(40.03559693399104,116.77066234618707)
2026-06-13T01:06:22.747+08:00  WARN 35828 --- [uav-alarm-engine] [ntainer#0-0-C-1] com.uav.alarm.kafka.TelemetryConsumer    : ALARM: [CRITICAL] 地形碰撞 | 地形碰撞风险 | drone=null | pos=(40.01079664619174,116.3871834546252)
2026-06-13T01:06:22.748+08:00  WARN 35828 --- [uav-alarm-engine] [ntainer#0-0-C-1] com.uav.alarm.kafka.TelemetryConsumer    : ALARM: [CRITICAL] 地形碰撞 | 地形碰撞风险 | drone=null | pos=(39.85272635186724,116.29877720023622)
2026-06-13T01:06:22.749+08:00  WARN 35828 --- [uav-alarm-engine] [ntainer#0-0-C-1] com.uav.alarm.kafka.TelemetryConsumer    : ALARM: [CRITICAL] 地形碰撞 | 地形碰撞风险 | drone=null | pos=(40.11433375071217,116.22816928195708)
2026-06-13T01:06:22.749+08:00  WARN 35828 --- [uav-alarm-engine] [ntainer#0-0-C-1] com.uav.alarm.kafka.TelemetryConsumer    : ALARM: [CRITICAL] 地形碰撞 | 地形碰撞风险 | drone=null | pos=(39.62627791244863,116.47795414734385)
2026-06-13T01:06:22.750+08:00  WARN 35828 --- [uav-alarm-engine] [ntainer#0-0-C-1] com.uav.alarm.kafka.TelemetryConsumer    : ALARM: [CRITICAL] 地形碰撞 | 地形碰撞风险 | drone=null | pos=(39.58459113641787,116.2086237666804)
2026-06-13T01:06:22.751+08:00  WARN 35828 --- [uav-alarm-engine] [ntainer#0-0-C-1] com.uav.alarm.kafka.TelemetryConsumer    : ALARM: [CRITICAL] 地形碰撞 | 地形碰撞风险 | drone=null | pos=(39.671793187273046,116.34967513796391)
2026-06-13T01:06:22.751+08:00  WARN 35828 --- [uav-alarm-engine] [ntainer#0-0-C-1] com.uav.alarm.kafka.TelemetryConsumer    : ALARM: [CRITICAL] 地形碰撞 | 地形碰撞风险 | drone=null | pos=(40.00005370468491,116.37861189273492)
2026-06-13T01:06:22.751+08:00  WARN 35828 --- [uav-alarm-engine] [ntainer#0-0-C-1] com.uav.alarm.kafka.TelemetryConsumer    : ALARM: [CRITICAL] 地形碰撞 | 地形碰撞风险 | drone=null | pos=(40.085543229453364,116.21998516877568)
2026-06-13T01:06:22.752+08:00  WARN 35828 --- [uav-alarm-engine] [ntainer#0-0-C-1] com.uav.alarm.kafka.TelemetryConsumer    : ALARM: [CRITICAL] 地形碰撞 | 地形碰撞风险 | drone=null | pos=(39.88135729528008,116.43645305409653)
2026-06-13T01:06:22.753+08:00  WARN 35828 --- [uav-alarm-engine] [ntainer#0-0-C-1] com.uav.alarm.kafka.TelemetryConsumer    : ALARM: [CRITICAL] 地形碰撞 | 地形碰撞风险 | drone=null | pos=(39.936406185980395,116.29029913848883)
2026-06-13T01:06:22.753+08:00  WARN 35828 --- [uav-alarm-engine] [ntainer#0-0-C-1] com.uav.alarm.kafka.TelemetryConsumer    : ALARM: [CRITICAL] 地形碰撞 | 地形碰撞风险 | drone=null | pos=(39.66972854111389,116.48255321649717)
2026-06-13T01:06:22.758+08:00  WARN 35828 --- [uav-alarm-engine] [ntainer#0-0-C-1] com.uav.alarm.kafka.TelemetryConsumer    : ALARM: [CRITICAL] 地形碰撞 | 地形碰撞风险 | drone=null | pos=(39.72434910165012,116.31729706036607)
2026-06-13T01:06:22.758+08:00  WARN 35828 --- [uav-alarm-engine] [ntainer#0-0-C-1] com.uav.alarm.kafka.TelemetryConsumer    : ALARM: [CRITICAL] 地形碰撞 | 地形碰撞风险 | drone=null | pos=(40.05783498594447,116.76924485204587)
2026-06-13T01:06:22.758+08:00  WARN 35828 --- [uav-alarm-engine] [ntainer#0-0-C-1] com.uav.alarm.kafka.TelemetryConsumer    : ALARM: [CRITICAL] 地形碰撞 | 地形碰撞风险 | drone=null | pos=(39.843913691849146,116.37412923259627)
2026-06-13T01:06:22.759+08:00  WARN 35828 --- [uav-alarm-engine] [ntainer#0-0-C-1] com.uav.alarm.kafka.TelemetryConsumer    : ALARM: [CRITICAL] 地形碰撞 | 地形碰撞风险 | drone=null | pos=(39.801012456647165,116.36381185422783)
2026-06-13T01:06:22.759+08:00  WARN 35828 --- [uav-alarm-engine] [ntainer#0-0-C-1] com.uav.alarm.kafka.TelemetryConsumer    : ALARM: [CRITICAL] 地形碰撞 | 地形碰撞风险 | drone=null | pos=(39.659173958921066,116.29415282754886)
2026-06-13T01:06:22.760+08:00  WARN 35828 --- [uav-alarm-engine] [ntainer#0-0-C-1] com.uav.alarm.kafka.TelemetryConsumer    : ALARM: [CRITICAL] 地形碰撞 | 地形碰撞风险 | drone=null | pos=(39.75376710330382,116.33846353554829)
2026-06-13T01:06:22.760+08:00  WARN 35828 --- [uav-alarm-engine] [ntainer#0-0-C-1] com.uav.alarm.kafka.TelemetryConsumer    : ALARM: [CRITICAL] 地形碰撞 | 地形碰撞风险 | drone=null | pos=(40.20997585624734,116.44727851823941)
2026-06-13T01:06:22.761+08:00  WARN 35828 --- [uav-alarm-engine] [ntainer#0-0-C-1] com.uav.alarm.kafka.TelemetryConsumer    : ALARM: [CRITICAL] 地形碰撞 | 地形碰撞风险 | drone=null | pos=(39.94037209023905,116.21831365403057)
2026-06-13T01:06:22.762+08:00  WARN 35828 --- [uav-alarm-engine] [ntainer#0-0-C-1] com.uav.alarm.kafka.TelemetryConsumer    : ALARM: [CRITICAL] 地形碰撞 | 地形碰撞风险 | drone=null | pos=(39.99735472337668,116.4702574546346)
2026-06-13T01:06:22.762+08:00  WARN 35828 --- [uav-alarm-engine] [ntainer#0-0-C-1] com.uav.alarm.kafka.TelemetryConsumer    : ALARM: [CRITICAL] 地形碰撞 | 地形碰撞风险 | drone=null | pos=(39.83945388652549,116.37801298915501)
2026-06-13T01:06:22.763+08:00  WARN 35828 --- [uav-alarm-engine] [ntainer#0-0-C-1] com.uav.alarm.kafka.TelemetryConsumer    : ALARM: [CRITICAL] 地形碰撞 | 地形碰撞风险 | drone=null | pos=(40.199610138467676,116.29635913756955)
2026-06-13T01:06:22.763+08:00  WARN 35828 --- [uav-alarm-engine] [ntainer#0-0-C-1] com.uav.alarm.kafka.TelemetryConsumer    : ALARM: [CRITICAL] 地形碰撞 | 地形碰撞风险 | drone=null | pos=(39.94221338550052,116.75686080198147)
2026-06-13T01:06:22.763+08:00  WARN 35828 --- [uav-alarm-engine] [ntainer#0-0-C-1] com.uav.alarm.kafka.TelemetryConsumer    : ALARM: [CRITICAL] 地形碰撞 | 地形碰撞风险 | drone=null | pos=(39.63301514253683,116.29661105184945)
2026-06-13T01:06:22.764+08:00  WARN 35828 --- [uav-alarm-engine] [ntainer#0-0-C-1] com.uav.alarm.kafka.TelemetryConsumer    : ALARM: [CRITICAL] 地形碰撞 | 地形碰撞风险 | drone=null | pos=(39.680031452815456,116.54532964123214)
2026-06-13T01:06:22.765+08:00  WARN 35828 --- [uav-alarm-engine] [ntainer#0-0-C-1] com.uav.alarm.kafka.TelemetryConsumer    : ALARM: [CRITICAL] 地形碰撞 | 地形碰撞风险 | drone=null | pos=(39.73763251865558,116.04584440736649)
2026-06-13T01:06:22.766+08:00  WARN 35828 --- [uav-alarm-engine] [ntainer#0-0-C-1] com.uav.alarm.kafka.TelemetryConsumer    : ALARM: [CRITICAL] 地形碰撞 | 地形碰撞风险 | drone=null | pos=(40.021125055366326,116.74811659892895)
2026-06-13T01:06:22.766+08:00  WARN 35828 --- [uav-alarm-engine] [ntainer#0-0-C-1] com.uav.alarm.kafka.TelemetryConsumer    : ALARM: [CRITICAL] 地形碰撞 | 地形碰撞风险 | drone=null | pos=(40.03927689123148,116.20429658451974)
2026-06-13T01:06:22.767+08:00  WARN 35828 --- [uav-alarm-engine] [ntainer#0-0-C-1] com.uav.alarm.kafka.TelemetryConsumer    : ALARM: [CRITICAL] 地形碰撞 | 地形碰撞风险 | drone=null | pos=(39.90540058463333,116.54699928461952)
2026-06-13T01:06:22.767+08:00  WARN 35828 --- [uav-alarm-engine] [ntainer#0-0-C-1] com.uav.alarm.kafka.TelemetryConsumer    : ALARM: [CRITICAL] 地形碰撞 | 地形碰撞风险 | drone=null | pos=(39.900375099602975,116.38176566309396)
2026-06-13T01:06:22.767+08:00  WARN 35828 --- [uav-alarm-engine] [ntainer#0-0-C-1] com.uav.alarm.kafka.TelemetryConsumer    : ALARM: [CRITICAL] 地形碰撞 | 地形碰撞风险 | drone=null | pos=(39.902135515373175,116.41257536986056)
2026-06-13T01:06:22.768+08:00  WARN 35828 --- [uav-alarm-engine] [ntainer#0-0-C-1] com.uav.alarm.kafka.TelemetryConsumer    : ALARM: [CRITICAL] 地形碰撞 | 地形碰撞风险 | drone=null | pos=(39.712812817059906,116.56165705121597)
2026-06-13T01:06:22.768+08:00  WARN 35828 --- [uav-alarm-engine] [ntainer#0-0-C-1] com.uav.alarm.kafka.TelemetryConsumer    : ALARM: [CRITICAL] 地形碰撞 | 地形碰撞风险 | drone=null | pos=(39.874031919759425,116.4941000184407)
2026-06-13T01:06:22.769+08:00  WARN 35828 --- [uav-alarm-engine] [ntainer#0-0-C-1] com.uav.alarm.kafka.TelemetryConsumer    : ALARM: [CRITICAL] 地形碰撞 | 地形碰撞风险 | drone=null | pos=(40.1138179473018,116.50278859948597)
2026-06-13T01:06:22.773+08:00  WARN 35828 --- [uav-alarm-engine] [ntainer#0-0-C-1] com.uav.alarm.kafka.TelemetryConsumer    : ALARM: [CRITICAL] 地形碰撞 | 地形碰撞风险 | drone=null | pos=(39.86012482680522,116.44364545816852)
2026-06-13T01:06:22.778+08:00  WARN 35828 --- [uav-alarm-engine] [ntainer#0-0-C-1] com.uav.alarm.kafka.TelemetryConsumer    : ALARM: [CRITICAL] 地形碰撞 | 地形碰撞风险 | drone=null | pos=(39.814317686277576,116.35714440351619)
2026-06-13T01:06:22.786+08:00  WARN 35828 --- [uav-alarm-engine] [ntainer#0-0-C-1] com.uav.alarm.kafka.TelemetryConsumer    : ALARM: [CRITICAL] 地形碰撞 | 地形碰撞风险 | drone=null | pos=(40.25188252315138,116.48282452784387)
2026-06-13T01:06:22.798+08:00  WARN 35828 --- [uav-alarm-engine] [ntainer#0-0-C-1] com.uav.alarm.kafka.TelemetryConsumer    : ALARM: [CRITICAL] 地形碰撞 | 地形碰撞风险 | drone=null | pos=(40.1695429404811,116.10213813950628)
2026-06-13T01:06:22.811+08:00  WARN 35828 --- [uav-alarm-engine] [ntainer#0-0-C-1] com.uav.alarm.kafka.TelemetryConsumer    : ALARM: [CRITICAL] 地形碰撞 | 地形碰撞风险 | drone=null | pos=(40.03950289554893,115.98490287054898)
2026-06-13T01:06:22.823+08:00  WARN 35828 --- [uav-alarm-engine] [ntainer#0-0-C-1] com.uav.alarm.kafka.TelemetryConsumer    : ALARM: [CRITICAL] 地形碰撞 | 地形碰撞风险 | drone=null | pos=(39.80539458420284,116.0796919663952)
2026-06-13T01:06:22.837+08:00  WARN 35828 --- [uav-alarm-engine] [ntainer#0-0-C-1] com.uav.alarm.kafka.TelemetryConsumer    : ALARM: [CRITICAL] 地形碰撞 | 地形碰撞风险 | drone=null | pos=(39.765696196172556,116.63965506256137)
2026-06-13T01:06:22.849+08:00  WARN 35828 --- [uav-alarm-engine] [ntainer#0-0-C-1] com.uav.alarm.kafka.TelemetryConsumer    : ALARM: [CRITICAL] 地形碰撞 | 地形碰撞风险 | drone=null | pos=(39.88893305810917,116.43236554948771)
2026-06-13T01:06:22.860+08:00  WARN 35828 --- [uav-alarm-engine] [ntainer#0-0-C-1] com.uav.alarm.kafka.TelemetryConsumer    : ALARM: [CRITICAL] 地形碰撞 | 地形碰撞风险 | drone=null | pos=(40.02479612299858,116.35783333828282)
2026-06-13T01:06:22.873+08:00  WARN 35828 --- [uav-alarm-engine] [ntainer#0-0-C-1] com.uav.alarm.kafka.TelemetryConsumer    : ALARM: [CRITICAL] 地形碰撞 | 地形碰撞风险 | drone=null | pos=(39.607162530345555,116.28578302422741)
2026-06-13T01:06:22.886+08:00  WARN 35828 --- [uav-alarm-engine] [ntainer#0-0-C-1] com.uav.alarm.kafka.TelemetryConsumer    : ALARM: [CRITICAL] 地形碰撞 | 地形碰撞风险 | drone=null | pos=(39.92761908300506,116.50357666785789)
2026-06-13T01:06:22.898+08:00  WARN 35828 --- [uav-alarm-engine] [ntainer#0-0-C-1] com.uav.alarm.kafka.TelemetryConsumer    : ALARM: [CRITICAL] 地形碰撞 | 地形碰撞风险 | drone=null | pos=(39.901680965303306,116.26230591734162)
2026-06-13T01:06:22.910+08:00  WARN 35828 --- [uav-alarm-engine] [ntainer#0-0-C-1] com.uav.alarm.kafka.TelemetryConsumer    : ALARM: [CRITICAL] 地形碰撞 | 地形碰撞风险 | drone=null | pos=(39.869918012381035,116.65030436342067)
2026-06-13T01:06:22.924+08:00  WARN 35828 --- [uav-alarm-engine] [ntainer#0-0-C-1] com.uav.alarm.kafka.TelemetryConsumer    : ALARM: [CRITICAL] 地形碰撞 | 地形碰撞风险 | drone=null | pos=(39.739466045713534,116.45974560798652)
2026-06-13T01:06:22.937+08:00  WARN 35828 --- [uav-alarm-engine] [ntainer#0-0-C-1] com.uav.alarm.kafka.TelemetryConsumer    : ALARM: [CRITICAL] 地形碰撞 | 地形碰撞风险 | drone=null | pos=(40.081724738642215,116.19186267755512)
2026-06-13T01:06:22.950+08:00  WARN 35828 --- [uav-alarm-engine] [ntainer#0-0-C-1] com.uav.alarm.kafka.TelemetryConsumer    : ALARM: [CRITICAL] 地形碰撞 | 地形碰撞风险 | drone=null | pos=(39.97667349213044,115.96489443790624)
2026-06-13T01:06:22.963+08:00  WARN 35828 --- [uav-alarm-engine] [ntainer#0-0-C-1] com.uav.alarm.kafka.TelemetryConsumer    : ALARM: [CRITICAL] 地形碰撞 | 地形碰撞风险 | drone=null | pos=(39.90493260796598,116.37636891412033)
2026-06-13T01:06:22.976+08:00  WARN 35828 --- [uav-alarm-engine] [ntainer#0-0-C-1] com.uav.alarm.kafka.TelemetryConsumer    : ALARM: [CRITICAL] 地形碰撞 | 地形碰撞风险 | drone=null | pos=(39.7134799043473,116.79200687512306)
2026-06-13T01:06:22.989+08:00  WARN 35828 --- [uav-alarm-engine] [ntainer#0-0-C-1] com.uav.alarm.kafka.TelemetryConsumer    : ALARM: [CRITICAL] 地形碰撞 | 地形碰撞风险 | drone=null | pos=(39.56810608709383,116.40711302744435)
2026-06-13T01:06:23.001+08:00  WARN 35828 --- [uav-alarm-engine] [ntainer#0-0-C-1] com.uav.alarm.kafka.TelemetryConsumer    : ALARM: [CRITICAL] 地形碰撞 | 地形碰撞风险 | drone=null | pos=(39.862135006955015,116.32276254561611)
2026-06-13T01:06:23.015+08:00  WARN 35828 --- [uav-alarm-engine] [ntainer#0-0-C-1] com.uav.alarm.kafka.TelemetryConsumer    : ALARM: [CRITICAL] 地形碰撞 | 地形碰撞风险 | drone=null | pos=(39.789290074303686,116.12283795362043)
2026-06-13T01:06:23.026+08:00  WARN 35828 --- [uav-alarm-engine] [ntainer#0-0-C-1] com.uav.alarm.kafka.TelemetryConsumer    : ALARM: [CRITICAL] 地形碰撞 | 地形碰撞风险 | drone=null | pos=(39.99038048280231,116.46017818496311)
2026-06-13T01:06:23.039+08:00  WARN 35828 --- [uav-alarm-engine] [ntainer#0-0-C-1] com.uav.alarm.kafka.TelemetryConsumer    : ALARM: [CRITICAL] 地形碰撞 | 地形碰撞风险 | drone=null | pos=(40.080543037485555,116.79001859882707)
2026-06-13T01:06:23.051+08:00  WARN 35828 --- [uav-alarm-engine] [ntainer#0-0-C-1] com.uav.alarm.kafka.TelemetryConsumer    : ALARM: [CRITICAL] 地形碰撞 | 地形碰撞风险 | drone=null | pos=(39.89027432087191,116.42509221461054)
2026-06-13T01:06:23.062+08:00  WARN 35828 --- [uav-alarm-engine] [ntainer#0-0-C-1] com.uav.alarm.kafka.TelemetryConsumer    : ALARM: [CRITICAL] 地形碰撞 | 地形碰撞风险 | drone=null | pos=(40.187128979234444,116.14533439677291)
2026-06-13T01:06:23.076+08:00  WARN 35828 --- [uav-alarm-engine] [ntainer#0-0-C-1] com.uav.alarm.kafka.TelemetryConsumer    : ALARM: [CRITICAL] 地形碰撞 | 地形碰撞风险 | drone=null | pos=(39.898893871805726,116.58604962886345)
2026-06-13T01:06:23.088+08:00  WARN 35828 --- [uav-alarm-engine] [ntainer#0-0-C-1] com.uav.alarm.kafka.TelemetryConsumer    : ALARM: [CRITICAL] 地形碰撞 | 地形碰撞风险 | drone=null | pos=(40.164713415504146,116.37874262153221)
2026-06-13T01:06:23.099+08:00  WARN 35828 --- [uav-alarm-engine] [ntainer#0-0-C-1] com.uav.alarm.kafka.TelemetryConsumer    : ALARM: [CRITICAL] 地形碰撞 | 地形碰撞风险 | drone=null | pos=(39.90637902623676,116.32469518734932)
2026-06-13T01:06:23.112+08:00  WARN 35828 --- [uav-alarm-engine] [ntainer#0-0-C-1] com.uav.alarm.kafka.TelemetryConsumer    : ALARM: [CRITICAL] 地形碰撞 | 地形碰撞风险 | drone=null | pos=(40.12187470820275,116.16191359838969)
2026-06-13T01:06:23.125+08:00  WARN 35828 --- [uav-alarm-engine] [ntainer#0-0-C-1] com.uav.alarm.kafka.TelemetryConsumer    : ALARM: [CRITICAL] 地形碰撞 | 地形碰撞风险 | drone=null | pos=(39.705467539321695,116.49523408967129)
2026-06-13T01:06:23.138+08:00  WARN 35828 --- [uav-alarm-engine] [ntainer#0-0-C-1] com.uav.alarm.kafka.TelemetryConsumer    : ALARM: [CRITICAL] 地形碰撞 | 地形碰撞风险 | drone=null | pos=(39.8812750118908,116.39723123675874)
2026-06-13T01:06:23.151+08:00  WARN 35828 --- [uav-alarm-engine] [ntainer#0-0-C-1] com.uav.alarm.kafka.TelemetryConsumer    : ALARM: [CRITICAL] 地形碰撞 | 地形碰撞风险 | drone=null | pos=(39.934369473514735,116.47131612721797)
2026-06-13T01:06:23.163+08:00  WARN 35828 --- [uav-alarm-engine] [ntainer#0-0-C-1] com.uav.alarm.kafka.TelemetryConsumer    : ALARM: [CRITICAL] 地形碰撞 | 地形碰撞风险 | drone=null | pos=(39.93450844766595,116.41643622992196)
2026-06-13T01:06:23.174+08:00  WARN 35828 --- [uav-alarm-engine] [ntainer#0-0-C-1] com.uav.alarm.kafka.TelemetryConsumer    : ALARM: [CRITICAL] 地形碰撞 | 地形碰撞风险 | drone=null | pos=(39.88365004832367,116.62133989465363)
2026-06-13T01:06:23.188+08:00  WARN 35828 --- [uav-alarm-engine] [ntainer#0-0-C-1] com.uav.alarm.kafka.TelemetryConsumer    : ALARM: [CRITICAL] 地形碰撞 | 地形碰撞风险 | drone=null | pos=(39.935817866483696,116.71870573975188)
2026-06-13T01:06:23.201+08:00  WARN 35828 --- [uav-alarm-engine] [ntainer#0-0-C-1] com.uav.alarm.kafka.TelemetryConsumer    : ALARM: [CRITICAL] 地形碰撞 | 地形碰撞风险 | drone=null | pos=(40.172801274152604,116.41790975373989)
2026-06-13T01:06:23.214+08:00  WARN 35828 --- [uav-alarm-engine] [ntainer#0-0-C-1] com.uav.alarm.kafka.TelemetryConsumer    : ALARM: [CRITICAL] 地形碰撞 | 地形碰撞风险 | drone=null | pos=(39.93770738482968,116.38250854597167)
2026-06-13T01:06:23.226+08:00  WARN 35828 --- [uav-alarm-engine] [ntainer#0-0-C-1] com.uav.alarm.kafka.TelemetryConsumer    : ALARM: [CRITICAL] 地形碰撞 | 地形碰撞风险 | drone=null | pos=(40.03394020549468,116.26671111152494)
2026-06-13T01:06:23.240+08:00  WARN 35828 --- [uav-alarm-engine] [ntainer#0-0-C-1] com.uav.alarm.kafka.TelemetryConsumer    : ALARM: [CRITICAL] 地形碰撞 | 地形碰撞风险 | drone=null | pos=(39.796023402211894,116.44006910339782)
2026-06-13T01:06:23.252+08:00  WARN 35828 --- [uav-alarm-engine] [ntainer#0-0-C-1] com.uav.alarm.kafka.TelemetryConsumer    : ALARM: [CRITICAL] 地形碰撞 | 地形碰撞风险 | drone=null | pos=(39.89360055001179,116.27448409554952)
2026-06-13T01:06:23.265+08:00  WARN 35828 --- [uav-alarm-engine] [ntainer#0-0-C-1] com.uav.alarm.kafka.TelemetryConsumer    : ALARM: [CRITICAL] 地形碰撞 | 地形碰撞风险 | drone=null | pos=(39.90641964921804,116.40602227522403)
2026-06-13T01:06:23.276+08:00  WARN 35828 --- [uav-alarm-engine] [ntainer#0-0-C-1] com.uav.alarm.kafka.TelemetryConsumer    : ALARM: [CRITICAL] 地形碰撞 | 地形碰撞风险 | drone=null | pos=(39.783230285465315,116.41351891689078)
2026-06-13T01:06:23.290+08:00  WARN 35828 --- [uav-alarm-engine] [ntainer#0-0-C-1] com.uav.alarm.kafka.TelemetryConsumer    : ALARM: [CRITICAL] 地形碰撞 | 地形碰撞风险 | drone=null | pos=(39.840031756569815,116.79967551091029)
2026-06-13T01:06:23.301+08:00  WARN 35828 --- [uav-alarm-engine] [ntainer#0-0-C-1] com.uav.alarm.kafka.TelemetryConsumer    : ALARM: [CRITICAL] 地形碰撞 | 地形碰撞风险 | drone=null | pos=(40.04110608692445,116.45408220710709)
2026-06-13T01:06:23.315+08:00  WARN 35828 --- [uav-alarm-engine] [ntainer#0-0-C-1] com.uav.alarm.kafka.TelemetryConsumer    : ALARM: [CRITICAL] 地形碰撞 | 地形碰撞风险 | drone=null | pos=(39.951565929922644,116.24419073491418)
2026-06-13T01:06:23.327+08:00  WARN 35828 --- [uav-alarm-engine] [ntainer#0-0-C-1] com.uav.alarm.kafka.TelemetryConsumer    : ALARM: [CRITICAL] 地形碰撞 | 地形碰撞风险 | drone=null | pos=(39.63285337869948,116.38426167746199)
2026-06-13T01:06:23.339+08:00  WARN 35828 --- [uav-alarm-engine] [ntainer#0-0-C-1] com.uav.alarm.kafka.TelemetryConsumer    : ALARM: [CRITICAL] 地形碰撞 | 地形碰撞风险 | drone=null | pos=(39.80457106372399,116.70521337051632)
2026-06-13T01:06:23.353+08:00  WARN 35828 --- [uav-alarm-engine] [ntainer#0-0-C-1] com.uav.alarm.kafka.TelemetryConsumer    : ALARM: [CRITICAL] 地形碰撞 | 地形碰撞风险 | drone=null | pos=(40.24858372687862,116.3112812999051)
2026-06-13T01:06:23.366+08:00  WARN 35828 --- [uav-alarm-engine] [ntainer#0-0-C-1] com.uav.alarm.kafka.TelemetryConsumer    : ALARM: [CRITICAL] 地形碰撞 | 地形碰撞风险 | drone=null | pos=(40.0263229489055,116.55461537285868)
2026-06-13T01:06:23.379+08:00  WARN 35828 --- [uav-alarm-engine] [ntainer#0-0-C-1] com.uav.alarm.kafka.TelemetryConsumer    : ALARM: [CRITICAL] 地形碰撞 | 地形碰撞风险 | drone=null | pos=(39.99554908834192,116.30822256145056)
2026-06-13T01:06:23.391+08:00  WARN 35828 --- [uav-alarm-engine] [ntainer#0-0-C-1] com.uav.alarm.kafka.TelemetryConsumer    : ALARM: [CRITICAL] 地形碰撞 | 地形碰撞风险 | drone=null | pos=(39.942420845195535,116.42997607309286)
2026-06-13T01:06:23.405+08:00  WARN 35828 --- [uav-alarm-engine] [ntainer#0-0-C-1] com.uav.alarm.kafka.TelemetryConsumer    : ALARM: [CRITICAL] 地形碰撞 | 地形碰撞风险 | drone=null | pos=(39.646580431603496,116.6325179016214)
2026-06-13T01:06:23.416+08:00  WARN 35828 --- [uav-alarm-engine] [ntainer#0-0-C-1] com.uav.alarm.kafka.TelemetryConsumer    : ALARM: [CRITICAL] 地形碰撞 | 地形碰撞风险 | drone=null | pos=(39.94927688863983,116.20114194983623)
2026-06-13T01:06:23.430+08:00  WARN 35828 --- [uav-alarm-engine] [ntainer#0-0-C-1] com.uav.alarm.kafka.TelemetryConsumer    : ALARM: [CRITICAL] 地形碰撞 | 地形碰撞风险 | drone=null | pos=(40.107598870068045,116.59769203809066)
2026-06-13T01:06:23.442+08:00  WARN 35828 --- [uav-alarm-engine] [ntainer#0-0-C-1] com.uav.alarm.kafka.TelemetryConsumer    : ALARM: [CRITICAL] 地形碰撞 | 地形碰撞风险 | drone=null | pos=(39.931549911746515,116.7629694201673)
2026-06-13T01:06:23.455+08:00  WARN 35828 --- [uav-alarm-engine] [ntainer#0-0-C-1] com.uav.alarm.kafka.TelemetryConsumer    : ALARM: [CRITICAL] 地形碰撞 | 地形碰撞风险 | drone=null | pos=(39.98455120226438,116.57518542642404)
2026-06-13T01:06:23.466+08:00  WARN 35828 --- [uav-alarm-engine] [ntainer#0-0-C-1] com.uav.alarm.kafka.TelemetryConsumer    : ALARM: [CRITICAL] 地形碰撞 | 地形碰撞风险 | drone=null | pos=(40.19957523517187,116.43204795007932)
2026-06-13T01:06:23.478+08:00  WARN 35828 --- [uav-alarm-engine] [ntainer#0-0-C-1] com.uav.alarm.kafka.TelemetryConsumer    : ALARM: [CRITICAL] 地形碰撞 | 地形碰撞风险 | drone=null | pos=(39.908854403917545,116.17795437545003)
2026-06-13T01:06:23.491+08:00  WARN 35828 --- [uav-alarm-engine] [ntainer#0-0-C-1] com.uav.alarm.kafka.TelemetryConsumer    : ALARM: [CRITICAL] 地形碰撞 | 地形碰撞风险 | drone=null | pos=(39.93902299183559,116.39264137717822)
2026-06-13T01:06:23.504+08:00  WARN 35828 --- [uav-alarm-engine] [ntainer#0-0-C-1] com.uav.alarm.kafka.TelemetryConsumer    : ALARM: [CRITICAL] 地形碰撞 | 地形碰撞风险 | drone=null | pos=(39.688658356034225,116.24250278515626)
2026-06-13T01:06:23.516+08:00  WARN 35828 --- [uav-alarm-engine] [ntainer#0-0-C-1] com.uav.alarm.kafka.TelemetryConsumer    : ALARM: [CRITICAL] 地形碰撞 | 地形碰撞风险 | drone=null | pos=(39.77042511439935,116.69699042411244)
2026-06-13T01:06:23.527+08:00  WARN 35828 --- [uav-alarm-engine] [ntainer#0-0-C-1] com.uav.alarm.kafka.TelemetryConsumer    : ALARM: [CRITICAL] 地形碰撞 | 地形碰撞风险 | drone=null | pos=(39.90163985226348,116.37180530234369)
2026-06-13T01:06:23.539+08:00  WARN 35828 --- [uav-alarm-engine] [ntainer#0-0-C-1] com.uav.alarm.kafka.TelemetryConsumer    : ALARM: [CRITICAL] 地形碰撞 | 地形碰撞风险 | drone=null | pos=(39.953801747352536,116.04325186775311)
2026-06-13T01:06:23.551+08:00  WARN 35828 --- [uav-alarm-engine] [ntainer#0-0-C-1] com.uav.alarm.kafka.TelemetryConsumer    : ALARM: [CRITICAL] 地形碰撞 | 地形碰撞风险 | drone=null | pos=(40.01644698571856,116.30561046554898)
2026-06-13T01:06:23.564+08:00  WARN 35828 --- [uav-alarm-engine] [ntainer#0-0-C-1] com.uav.alarm.kafka.TelemetryConsumer    : ALARM: [CRITICAL] 地形碰撞 | 地形碰撞风险 | drone=null | pos=(39.772165005920975,116.65151568434334)
2026-06-13T01:06:23.577+08:00  WARN 35828 --- [uav-alarm-engine] [ntainer#0-0-C-1] com.uav.alarm.kafka.TelemetryConsumer    : ALARM: [CRITICAL] 地形碰撞 | 地形碰撞风险 | drone=null | pos=(39.999613990000825,116.14489950268906)
2026-06-13T01:06:23.589+08:00  WARN 35828 --- [uav-alarm-engine] [ntainer#0-0-C-1] com.uav.alarm.kafka.TelemetryConsumer    : ALARM: [CRITICAL] 地形碰撞 | 地形碰撞风险 | drone=null | pos=(39.9693278152688,116.41244855450472)
2026-06-13T01:06:23.600+08:00  WARN 35828 --- [uav-alarm-engine] [ntainer#0-0-C-1] com.uav.alarm.kafka.TelemetryConsumer    : ALARM: [CRITICAL] 地形碰撞 | 地形碰撞风险 | drone=null | pos=(39.94403324805559,116.85394195503893)
2026-06-13T01:06:23.613+08:00  WARN 35828 --- [uav-alarm-engine] [ntainer#0-0-C-1] com.uav.alarm.kafka.TelemetryConsumer    : ALARM: [CRITICAL] 地形碰撞 | 地形碰撞风险 | drone=null | pos=(40.22024527440264,116.55701069766945)
2026-06-13T01:06:23.627+08:00  WARN 35828 --- [uav-alarm-engine] [ntainer#0-0-C-1] com.uav.alarm.kafka.TelemetryConsumer    : ALARM: [CRITICAL] 地形碰撞 | 地形碰撞风险 | drone=null | pos=(39.98807730862084,116.44890198739013)
2026-06-13T01:06:23.641+08:00  WARN 35828 --- [uav-alarm-engine] [ntainer#0-0-C-1] com.uav.alarm.kafka.TelemetryConsumer    : ALARM: [CRITICAL] 地形碰撞 | 地形碰撞风险 | drone=null | pos=(40.06458276195566,116.82718246516987)
2026-06-13T01:06:23.652+08:00  WARN 35828 --- [uav-alarm-engine] [ntainer#0-0-C-1] com.uav.alarm.kafka.TelemetryConsumer    : ALARM: [CRITICAL] 地形碰撞 | 地形碰撞风险 | drone=null | pos=(39.76507616688853,116.56120775845746)
2026-06-13T01:06:23.666+08:00  WARN 35828 --- [uav-alarm-engine] [ntainer#0-0-C-1] com.uav.alarm.kafka.TelemetryConsumer    : ALARM: [CRITICAL] 地形碰撞 | 地形碰撞风险 | drone=null | pos=(39.93025325860999,116.49660303473185)
2026-06-13T01:06:23.679+08:00  WARN 35828 --- [uav-alarm-engine] [ntainer#0-0-C-1] com.uav.alarm.kafka.TelemetryConsumer    : ALARM: [CRITICAL] 地形碰撞 | 地形碰撞风险 | drone=null | pos=(39.93257403462645,116.24403607387359)
2026-06-13T01:06:23.691+08:00  WARN 35828 --- [uav-alarm-engine] [ntainer#0-0-C-1] com.uav.alarm.kafka.TelemetryConsumer    : ALARM: [CRITICAL] 地形碰撞 | 地形碰撞风险 | drone=null | pos=(40.05045576030874,116.35402293565271)
2026-06-13T01:06:23.705+08:00  WARN 35828 --- [uav-alarm-engine] [ntainer#0-0-C-1] com.uav.alarm.kafka.TelemetryConsumer    : ALARM: [CRITICAL] 地形碰撞 | 地形碰撞风险 | drone=null | pos=(40.09500034626775,116.54461081345397)
2026-06-13T01:06:28.458+08:00  WARN 35828 --- [uav-alarm-engine] [ntainer#0-0-C-1] com.uav.alarm.kafka.TelemetryConsumer    : ALARM: [CRITICAL] 地形碰撞 | 地形碰撞风险 | drone=null | pos=(39.91568045801674,116.39943804025258)
2026-06-13T01:06:28.471+08:00  WARN 35828 --- [uav-alarm-engine] [ntainer#0-0-C-1] com.uav.alarm.kafka.TelemetryConsumer    : ALARM: [CRITICAL] 地形碰撞 | 地形碰撞风险 | drone=null | pos=(40.00271717448384,116.70264812912392)
2026-06-13T01:06:28.483+08:00  WARN 35828 --- [uav-alarm-engine] [ntainer#0-0-C-1] com.uav.alarm.kafka.TelemetryConsumer    : ALARM: [CRITICAL] 地形碰撞 | 地形碰撞风险 | drone=null | pos=(39.697596261830235,116.47113832885937)
2026-06-13T01:06:28.496+08:00  WARN 35828 --- [uav-alarm-engine] [ntainer#0-0-C-1] com.uav.alarm.kafka.TelemetryConsumer    : ALARM: [CRITICAL] 地形碰撞 | 地形碰撞风险 | drone=null | pos=(39.907449095990664,116.39379764514304)
2026-06-13T01:06:28.508+08:00  WARN 35828 --- [uav-alarm-engine] [ntainer#0-0-C-1] com.uav.alarm.kafka.TelemetryConsumer    : ALARM: [CRITICAL] 地形碰撞 | 地形碰撞风险 | drone=null | pos=(40.09107280390993,116.6214864391219)
2026-06-13T01:06:28.520+08:00  WARN 35828 --- [uav-alarm-engine] [ntainer#0-0-C-1] com.uav.alarm.kafka.TelemetryConsumer    : ALARM: [CRITICAL] 地形碰撞 | 地形碰撞风险 | drone=null | pos=(39.76055192923693,116.64320892535747)
2026-06-13T01:06:28.533+08:00  WARN 35828 --- [uav-alarm-engine] [ntainer#0-0-C-1] com.uav.alarm.kafka.TelemetryConsumer    : ALARM: [CRITICAL] 地形碰撞 | 地形碰撞风险 | drone=null | pos=(39.700236308049945,116.11297631948196)
2026-06-13T01:06:28.546+08:00  WARN 35828 --- [uav-alarm-engine] [ntainer#0-0-C-1] com.uav.alarm.kafka.TelemetryConsumer    : ALARM: [CRITICAL] 地形碰撞 | 地形碰撞风险 | drone=null | pos=(39.9214802228498,116.08805860335946)
2026-06-13T01:06:28.558+08:00  WARN 35828 --- [uav-alarm-engine] [ntainer#0-0-C-1] com.uav.alarm.kafka.TelemetryConsumer    : ALARM: [CRITICAL] 地形碰撞 | 地形碰撞风险 | drone=null | pos=(40.17494996446314,116.70264859411718)
2026-06-13T01:06:28.572+08:00  WARN 35828 --- [uav-alarm-engine] [ntainer#0-0-C-1] com.uav.alarm.kafka.TelemetryConsumer    : ALARM: [CRITICAL] 地形碰撞 | 地形碰撞风险 | drone=null | pos=(40.0248638670874,116.41149304768092)
2026-06-13T01:06:28.585+08:00  WARN 35828 --- [uav-alarm-engine] [ntainer#0-0-C-1] com.uav.alarm.kafka.TelemetryConsumer    : ALARM: [CRITICAL] 地形碰撞 | 地形碰撞风险 | drone=null | pos=(39.62839718903633,116.15563867961487)
2026-06-13T01:06:28.598+08:00  WARN 35828 --- [uav-alarm-engine] [ntainer#0-0-C-1] com.uav.alarm.kafka.TelemetryConsumer    : ALARM: [CRITICAL] 地形碰撞 | 地形碰撞风险 | drone=null | pos=(39.77341746404472,116.12839830567827)
2026-06-13T01:06:28.611+08:00  WARN 35828 --- [uav-alarm-engine] [ntainer#0-0-C-1] com.uav.alarm.kafka.TelemetryConsumer    : ALARM: [CRITICAL] 地形碰撞 | 地形碰撞风险 | drone=null | pos=(40.047175490927835,116.26157157884546)
2026-06-13T01:06:28.625+08:00  WARN 35828 --- [uav-alarm-engine] [ntainer#0-0-C-1] com.uav.alarm.kafka.TelemetryConsumer    : ALARM: [CRITICAL] 地形碰撞 | 地形碰撞风险 | drone=null | pos=(39.6844503439745,116.09942656400236)
2026-06-13T01:06:28.637+08:00  WARN 35828 --- [uav-alarm-engine] [ntainer#0-0-C-1] com.uav.alarm.kafka.TelemetryConsumer    : ALARM: [CRITICAL] 地形碰撞 | 地形碰撞风险 | drone=null | pos=(39.988992945024386,116.44356791468142)
2026-06-13T01:06:28.650+08:00  WARN 35828 --- [uav-alarm-engine] [ntainer#0-0-C-1] com.uav.alarm.kafka.TelemetryConsumer    : ALARM: [CRITICAL] 地形碰撞 | 地形碰撞风险 | drone=null | pos=(39.966736158218765,116.19927501051002)
2026-06-13T01:06:28.664+08:00  WARN 35828 --- [uav-alarm-engine] [ntainer#0-0-C-1] com.uav.alarm.kafka.TelemetryConsumer    : ALARM: [CRITICAL] 地形碰撞 | 地形碰撞风险 | drone=null | pos=(40.122806818733466,116.71169883521857)
2026-06-13T01:06:28.676+08:00  WARN 35828 --- [uav-alarm-engine] [ntainer#0-0-C-1] com.uav.alarm.kafka.TelemetryConsumer    : ALARM: [CRITICAL] 地形碰撞 | 地形碰撞风险 | drone=null | pos=(39.91704021468366,116.46363123771731)
2026-06-13T01:06:28.689+08:00  WARN 35828 --- [uav-alarm-engine] [ntainer#0-0-C-1] com.uav.alarm.kafka.TelemetryConsumer    : ALARM: [CRITICAL] 地形碰撞 | 地形碰撞风险 | drone=null | pos=(39.85474533905718,116.42309615849199)
2026-06-13T01:06:28.702+08:00  WARN 35828 --- [uav-alarm-engine] [ntainer#0-0-C-1] com.uav.alarm.kafka.TelemetryConsumer    : ALARM: [CRITICAL] 地形碰撞 | 地形碰撞风险 | drone=null | pos=(39.82753144610667,116.76459158931422)
2026-06-13T01:06:28.715+08:00  WARN 35828 --- [uav-alarm-engine] [ntainer#0-0-C-1] com.uav.alarm.kafka.TelemetryConsumer    : ALARM: [CRITICAL] 地形碰撞 | 地形碰撞风险 | drone=null | pos=(39.89490010030603,116.40578094169145)
2026-06-13T01:06:28.728+08:00  WARN 35828 --- [uav-alarm-engine] [ntainer#0-0-C-1] com.uav.alarm.kafka.TelemetryConsumer    : ALARM: [CRITICAL] 地形碰撞 | 地形碰撞风险 | drone=null | pos=(39.89013620914239,116.39049623802967)
2026-06-13T01:06:28.740+08:00  WARN 35828 --- [uav-alarm-engine] [ntainer#0-0-C-1] com.uav.alarm.kafka.TelemetryConsumer    : ALARM: [CRITICAL] 地形碰撞 | 地形碰撞风险 | drone=null | pos=(39.63611429172912,116.16850460484697)
2026-06-13T01:06:28.753+08:00  WARN 35828 --- [uav-alarm-engine] [ntainer#0-0-C-1] com.uav.alarm.kafka.TelemetryConsumer    : ALARM: [CRITICAL] 地形碰撞 | 地形碰撞风险 | drone=null | pos=(39.85209232880915,116.10870066697338)
2026-06-13T01:06:28.765+08:00  WARN 35828 --- [uav-alarm-engine] [ntainer#0-0-C-1] com.uav.alarm.kafka.TelemetryConsumer    : ALARM: [CRITICAL] 地形碰撞 | 地形碰撞风险 | drone=null | pos=(39.850794603237205,116.59476784193708)
2026-06-13T01:06:28.777+08:00  WARN 35828 --- [uav-alarm-engine] [ntainer#0-0-C-1] com.uav.alarm.kafka.TelemetryConsumer    : ALARM: [CRITICAL] 地形碰撞 | 地形碰撞风险 | drone=null | pos=(40.046736194083365,116.41018419097237)
2026-06-13T01:06:28.790+08:00  WARN 35828 --- [uav-alarm-engine] [ntainer#0-0-C-1] com.uav.alarm.kafka.TelemetryConsumer    : ALARM: [CRITICAL] 地形碰撞 | 地形碰撞风险 | drone=null | pos=(39.91418339418085,116.34172395911008)
2026-06-13T01:06:28.801+08:00  WARN 35828 --- [uav-alarm-engine] [ntainer#0-0-C-1] com.uav.alarm.kafka.TelemetryConsumer    : ALARM: [CRITICAL] 地形碰撞 | 地形碰撞风险 | drone=null | pos=(39.75113370590905,116.2542151824902)
2026-06-13T01:06:28.814+08:00  WARN 35828 --- [uav-alarm-engine] [ntainer#0-0-C-1] com.uav.alarm.kafka.TelemetryConsumer    : ALARM: [CRITICAL] 地形碰撞 | 地形碰撞风险 | drone=null | pos=(39.714486593275275,116.25496465247284)
2026-06-13T01:06:28.828+08:00  WARN 35828 --- [uav-alarm-engine] [ntainer#0-0-C-1] com.uav.alarm.kafka.TelemetryConsumer    : ALARM: [CRITICAL] 地形碰撞 | 地形碰撞风险 | drone=null | pos=(39.773701164796115,116.32599383350392)
2026-06-13T01:06:28.840+08:00  WARN 35828 --- [uav-alarm-engine] [ntainer#0-0-C-1] com.uav.alarm.kafka.TelemetryConsumer    : ALARM: [CRITICAL] 地形碰撞 | 地形碰撞风险 | drone=null | pos=(39.90480311396219,116.40743778312208)
2026-06-13T01:06:28.854+08:00  WARN 35828 --- [uav-alarm-engine] [ntainer#0-0-C-1] com.uav.alarm.kafka.TelemetryConsumer    : ALARM: [CRITICAL] 地形碰撞 | 地形碰撞风险 | drone=null | pos=(40.08872725196175,116.49752532442804)
2026-06-13T01:06:28.868+08:00  WARN 35828 --- [uav-alarm-engine] [ntainer#0-0-C-1] com.uav.alarm.kafka.TelemetryConsumer    : ALARM: [CRITICAL] 地形碰撞 | 地形碰撞风险 | drone=null | pos=(39.897032347179916,116.26988803667341)
2026-06-13T01:06:28.880+08:00  WARN 35828 --- [uav-alarm-engine] [ntainer#0-0-C-1] com.uav.alarm.kafka.TelemetryConsumer    : ALARM: [CRITICAL] 地形碰撞 | 地形碰撞风险 | drone=null | pos=(40.00216241887275,116.33376742330668)
2026-06-13T01:06:28.893+08:00  WARN 35828 --- [uav-alarm-engine] [ntainer#0-0-C-1] com.uav.alarm.kafka.TelemetryConsumer    : ALARM: [CRITICAL] 地形碰撞 | 地形碰撞风险 | drone=null | pos=(40.13810654239676,116.06009769143739)
2026-06-13T01:06:28.904+08:00  WARN 35828 --- [uav-alarm-engine] [ntainer#0-0-C-1] com.uav.alarm.kafka.TelemetryConsumer    : ALARM: [CRITICAL] 地形碰撞 | 地形碰撞风险 | drone=null | pos=(39.75812156255106,116.31379467331828)
2026-06-13T01:06:28.916+08:00  WARN 35828 --- [uav-alarm-engine] [ntainer#0-0-C-1] com.uav.alarm.kafka.TelemetryConsumer    : ALARM: [CRITICAL] 地形碰撞 | 地形碰撞风险 | drone=null | pos=(40.12285326872138,116.48467107696649)
2026-06-13T01:06:28.930+08:00  WARN 35828 --- [uav-alarm-engine] [ntainer#0-0-C-1] com.uav.alarm.kafka.TelemetryConsumer    : ALARM: [CRITICAL] 地形碰撞 | 地形碰撞风险 | drone=null | pos=(40.14614813497659,116.33693349874163)
2026-06-13T01:06:28.944+08:00  WARN 35828 --- [uav-alarm-engine] [ntainer#0-0-C-1] com.uav.alarm.kafka.TelemetryConsumer    : ALARM: [CRITICAL] 地形碰撞 | 地形碰撞风险 | drone=null | pos=(40.18451841629974,116.22546850485233)
2026-06-13T01:06:28.957+08:00  WARN 35828 --- [uav-alarm-engine] [ntainer#0-0-C-1] com.uav.alarm.kafka.TelemetryConsumer    : ALARM: [CRITICAL] 地形碰撞 | 地形碰撞风险 | drone=null | pos=(39.80243617079024,116.2813493962633)
2026-06-13T01:06:28.971+08:00  WARN 35828 --- [uav-alarm-engine] [ntainer#0-0-C-1] com.uav.alarm.kafka.TelemetryConsumer    : ALARM: [CRITICAL] 地形碰撞 | 地形碰撞风险 | drone=null | pos=(39.95246314621904,116.47995995974979)
2026-06-13T01:06:28.984+08:00  WARN 35828 --- [uav-alarm-engine] [ntainer#0-0-C-1] com.uav.alarm.kafka.TelemetryConsumer    : ALARM: [CRITICAL] 地形碰撞 | 地形碰撞风险 | drone=null | pos=(40.18226687761587,116.31511813284904)
2026-06-13T01:06:28.996+08:00  WARN 35828 --- [uav-alarm-engine] [ntainer#0-0-C-1] com.uav.alarm.kafka.TelemetryConsumer    : ALARM: [CRITICAL] 地形碰撞 | 地形碰撞风险 | drone=null | pos=(40.06905185693339,116.4153311096942)
2026-06-13T01:06:29.010+08:00  WARN 35828 --- [uav-alarm-engine] [ntainer#0-0-C-1] com.uav.alarm.kafka.TelemetryConsumer    : ALARM: [CRITICAL] 地形碰撞 | 地形碰撞风险 | drone=null | pos=(39.987154087279805,116.33024048503779)
2026-06-13T01:06:29.024+08:00  WARN 35828 --- [uav-alarm-engine] [ntainer#0-0-C-1] com.uav.alarm.kafka.TelemetryConsumer    : ALARM: [CRITICAL] 地形碰撞 | 地形碰撞风险 | drone=null | pos=(39.81074750965302,116.53172123812008)
2026-06-13T01:06:29.037+08:00  WARN 35828 --- [uav-alarm-engine] [ntainer#0-0-C-1] com.uav.alarm.kafka.TelemetryConsumer    : ALARM: [CRITICAL] 地形碰撞 | 地形碰撞风险 | drone=null | pos=(39.80820576155346,116.35431661981592)
2026-06-13T01:06:29.050+08:00  WARN 35828 --- [uav-alarm-engine] [ntainer#0-0-C-1] com.uav.alarm.kafka.TelemetryConsumer    : ALARM: [CRITICAL] 地形碰撞 | 地形碰撞风险 | drone=null | pos=(40.06683207829756,116.33913392181756)
2026-06-13T01:06:29.098+08:00  WARN 35828 --- [uav-alarm-engine] [ntainer#0-0-C-1] com.uav.alarm.kafka.TelemetryConsumer    : ALARM: [CRITICAL] 地形碰撞 | 地形碰撞风险 | drone=null | pos=(40.10513719338815,116.25699462159066)
2026-06-13T01:06:29.130+08:00  WARN 35828 --- [uav-alarm-engine] [ntainer#0-0-C-1] com.uav.alarm.kafka.TelemetryConsumer    : ALARM: [CRITICAL] 地形碰撞 | 地形碰撞风险 | drone=null | pos=(39.828498946014996,116.22170260797208)
2026-06-13T01:06:29.163+08:00  WARN 35828 --- [uav-alarm-engine] [ntainer#0-0-C-1] com.uav.alarm.kafka.TelemetryConsumer    : ALARM: [CRITICAL] 地形碰撞 | 地形碰撞风险 | drone=null | pos=(39.939443917239515,116.10317903548805)
2026-06-13T01:06:29.228+08:00  WARN 35828 --- [uav-alarm-engine] [ntainer#0-0-C-1] com.uav.alarm.kafka.TelemetryConsumer    : ALARM: [CRITICAL] 地形碰撞 | 地形碰撞风险 | drone=null | pos=(40.01874257628129,116.1617344816725)
2026-06-13T01:06:29.264+08:00  WARN 35828 --- [uav-alarm-engine] [ntainer#0-0-C-1] com.uav.alarm.kafka.TelemetryConsumer    : ALARM: [CRITICAL] 地形碰撞 | 地形碰撞风险 | drone=null | pos=(40.13348756807372,116.53444014130596)
2026-06-13T01:06:29.298+08:00  WARN 35828 --- [uav-alarm-engine] [ntainer#0-0-C-1] com.uav.alarm.kafka.TelemetryConsumer    : ALARM: [CRITICAL] 地形碰撞 | 地形碰撞风险 | drone=null | pos=(40.1765809433017,116.25933413763777)
2026-06-13T01:06:29.332+08:00  WARN 35828 --- [uav-alarm-engine] [ntainer#0-0-C-1] com.uav.alarm.kafka.TelemetryConsumer    : ALARM: [CRITICAL] 地形碰撞 | 地形碰撞风险 | drone=null | pos=(39.84031438904162,116.44617164434773)
2026-06-13T01:06:29.405+08:00  WARN 35828 --- [uav-alarm-engine] [ntainer#0-0-C-1] com.uav.alarm.kafka.TelemetryConsumer    : ALARM: [CRITICAL] 地形碰撞 | 地形碰撞风险 | drone=null | pos=(39.78128973627325,116.46284423927004)
2026-06-13T01:06:29.445+08:00  WARN 35828 --- [uav-alarm-engine] [ntainer#0-0-C-1] com.uav.alarm.kafka.TelemetryConsumer    : ALARM: [CRITICAL] 地形碰撞 | 地形碰撞风险 | drone=null | pos=(39.881733594727066,116.45372106073387)
2026-06-13T01:06:29.482+08:00  WARN 35828 --- [uav-alarm-engine] [ntainer#0-0-C-1] com.uav.alarm.kafka.TelemetryConsumer    : ALARM: [CRITICAL] 地形碰撞 | 地形碰撞风险 | drone=null | pos=(40.02268265644623,116.56223160467349)
2026-06-13T01:06:29.520+08:00  WARN 35828 --- [uav-alarm-engine] [ntainer#0-0-C-1] com.uav.alarm.kafka.TelemetryConsumer    : ALARM: [CRITICAL] 地形碰撞 | 地形碰撞风险 | drone=null | pos=(40.180849975915606,116.41780629410404)
2026-06-13T01:06:29.591+08:00  WARN 35828 --- [uav-alarm-engine] [ntainer#0-0-C-1] com.uav.alarm.kafka.TelemetryConsumer    : ALARM: [CRITICAL] 地形碰撞 | 地形碰撞风险 | drone=null | pos=(40.017910712274244,116.08959304198113)
2026-06-13T01:06:29.665+08:00  WARN 35828 --- [uav-alarm-engine] [ntainer#0-0-C-1] com.uav.alarm.kafka.TelemetryConsumer    : ALARM: [CRITICAL] 地形碰撞 | 地形碰撞风险 | drone=null | pos=(39.99236566532863,116.48297269454865)
2026-06-13T01:06:29.704+08:00  WARN 35828 --- [uav-alarm-engine] [ntainer#0-0-C-1] com.uav.alarm.kafka.TelemetryConsumer    : ALARM: [CRITICAL] 地形碰撞 | 地形碰撞风险 | drone=null | pos=(39.95823360781619,116.30673972514532)
2026-06-13T01:06:29.779+08:00  WARN 35828 --- [uav-alarm-engine] [ntainer#0-0-C-1] com.uav.alarm.kafka.TelemetryConsumer    : ALARM: [CRITICAL] 地形碰撞 | 地形碰撞风险 | drone=null | pos=(39.875146268472584,115.9603996936983)
2026-06-13T01:06:29.813+08:00  WARN 35828 --- [uav-alarm-engine] [ntainer#0-0-C-1] com.uav.alarm.kafka.TelemetryConsumer    : ALARM: [CRITICAL] 地形碰撞 | 地形碰撞风险 | drone=null | pos=(40.100397219264956,116.62210173737263)
2026-06-13T01:06:29.875+08:00  WARN 35828 --- [uav-alarm-engine] [ntainer#0-0-C-1] com.uav.alarm.kafka.TelemetryConsumer    : ALARM: [CRITICAL] 地形碰撞 | 地形碰撞风险 | drone=null | pos=(39.74338955049035,116.3970792936978)
2026-06-13T01:06:29.913+08:00  WARN 35828 --- [uav-alarm-engine] [ntainer#0-0-C-1] com.uav.alarm.kafka.TelemetryConsumer    : ALARM: [CRITICAL] 地形碰撞 | 地形碰撞风险 | drone=null | pos=(39.80006502858913,116.38657434864602)
2026-06-13T01:06:29.980+08:00  WARN 35828 --- [uav-alarm-engine] [ntainer#0-0-C-1] com.uav.alarm.kafka.TelemetryConsumer    : ALARM: [CRITICAL] 地形碰撞 | 地形碰撞风险 | drone=null | pos=(39.7412924437413,116.53132670280571)
2026-06-13T01:06:30.044+08:00  WARN 35828 --- [uav-alarm-engine] [ntainer#0-0-C-1] com.uav.alarm.kafka.TelemetryConsumer    : ALARM: [CRITICAL] 地形碰撞 | 地形碰撞风险 | drone=null | pos=(39.92711114738866,116.38678883413921)
2026-06-13T01:06:30.081+08:00  WARN 35828 --- [uav-alarm-engine] [ntainer#0-0-C-1] com.uav.alarm.kafka.TelemetryConsumer    : ALARM: [CRITICAL] 地形碰撞 | 地形碰撞风险 | drone=null | pos=(40.066506677827256,116.5461539396014)
2026-06-13T01:06:30.114+08:00  WARN 35828 --- [uav-alarm-engine] [ntainer#0-0-C-1] com.uav.alarm.kafka.TelemetryConsumer    : ALARM: [CRITICAL] 地形碰撞 | 地形碰撞风险 | drone=null | pos=(39.85612078279801,116.35120938974302)
2026-06-13T01:06:30.174+08:00  WARN 35828 --- [uav-alarm-engine] [ntainer#0-0-C-1] com.uav.alarm.kafka.TelemetryConsumer    : ALARM: [CRITICAL] 地形碰撞 | 地形碰撞风险 | drone=null | pos=(39.8546249140844,116.69704323677578)
2026-06-13T01:06:30.208+08:00  WARN 35828 --- [uav-alarm-engine] [ntainer#0-0-C-1] com.uav.alarm.kafka.TelemetryConsumer    : ALARM: [CRITICAL] 地形碰撞 | 地形碰撞风险 | drone=null | pos=(39.889748494326305,116.708825221278)
2026-06-13T01:06:30.246+08:00  WARN 35828 --- [uav-alarm-engine] [ntainer#0-0-C-1] com.uav.alarm.kafka.TelemetryConsumer    : ALARM: [CRITICAL] 地形碰撞 | 地形碰撞风险 | drone=null | pos=(39.90642318881983,116.44230915681337)
2026-06-13T01:06:30.309+08:00  WARN 35828 --- [uav-alarm-engine] [ntainer#0-0-C-1] com.uav.alarm.kafka.TelemetryConsumer    : ALARM: [CRITICAL] 地形碰撞 | 地形碰撞风险 | drone=null | pos=(39.852961618570255,116.44477324288783)
2026-06-13T01:06:30.336+08:00  WARN 35828 --- [uav-alarm-engine] [ntainer#0-0-C-1] com.uav.alarm.kafka.TelemetryConsumer    : ALARM: [CRITICAL] 地形碰撞 | 地形碰撞风险 | drone=null | pos=(39.69268350463715,116.68643749428432)
2026-06-13T01:06:30.405+08:00  WARN 35828 --- [uav-alarm-engine] [ntainer#0-0-C-1] com.uav.alarm.kafka.TelemetryConsumer    : ALARM: [CRITICAL] 地形碰撞 | 地形碰撞风险 | drone=null | pos=(40.03763338546095,116.4015173944393)
2026-06-13T01:06:30.444+08:00  WARN 35828 --- [uav-alarm-engine] [ntainer#0-0-C-1] com.uav.alarm.kafka.TelemetryConsumer    : ALARM: [CRITICAL] 地形碰撞 | 地形碰撞风险 | drone=null | pos=(40.00750702121704,116.16378308304809)
2026-06-13T01:06:30.482+08:00  WARN 35828 --- [uav-alarm-engine] [ntainer#0-0-C-1] com.uav.alarm.kafka.TelemetryConsumer    : ALARM: [CRITICAL] 地形碰撞 | 地形碰撞风险 | drone=null | pos=(40.019505468436634,116.18335786152281)
2026-06-13T01:06:30.557+08:00  WARN 35828 --- [uav-alarm-engine] [ntainer#0-0-C-1] com.uav.alarm.kafka.TelemetryConsumer    : ALARM: [CRITICAL] 地形碰撞 | 地形碰撞风险 | drone=null | pos=(39.772165005920975,116.65151568434334)
2026-06-13T01:06:30.594+08:00  WARN 35828 --- [uav-alarm-engine] [ntainer#0-0-C-1] com.uav.alarm.kafka.TelemetryConsumer    : ALARM: [CRITICAL] 地形碰撞 | 地形碰撞风险 | drone=null | pos=(39.60804617786668,116.42711173689194)
2026-06-13T01:06:30.746+08:00  WARN 35828 --- [uav-alarm-engine] [ntainer#0-0-C-1] com.uav.alarm.kafka.TelemetryConsumer    : ALARM: [CRITICAL] 地形碰撞 | 地形碰撞风险 | drone=null | pos=(39.79173193548593,116.60513178862945)
2026-06-13T01:06:30.864+08:00  WARN 35828 --- [uav-alarm-engine] [ntainer#0-0-C-1] com.uav.alarm.kafka.TelemetryConsumer    : ALARM: [CRITICAL] 地形碰撞 | 地形碰撞风险 | drone=null | pos=(39.79054511899062,116.3982866172319)
2026-06-13T01:06:30.986+08:00  WARN 35828 --- [uav-alarm-engine] [ntainer#0-0-C-1] com.uav.alarm.kafka.TelemetryConsumer    : ALARM: [CRITICAL] 地形碰撞 | 地形碰撞风险 | drone=null | pos=(39.87055771099064,116.37350234883948)
2026-06-13T01:06:31.191+08:00  WARN 35828 --- [uav-alarm-engine] [ntainer#0-0-C-1] com.uav.alarm.kafka.TelemetryConsumer    : ALARM: [CRITICAL] 地形碰撞 | 地形碰撞风险 | drone=null | pos=(40.058523037884896,116.53809763048913)
2026-06-13T01:06:31.318+08:00  WARN 35828 --- [uav-alarm-engine] [ntainer#0-0-C-1] com.uav.alarm.kafka.TelemetryConsumer    : ALARM: [CRITICAL] 地形碰撞 | 地形碰撞风险 | drone=null | pos=(39.96334878834617,116.76184768574304)
2026-06-13T01:06:31.468+08:00  WARN 35828 --- [uav-alarm-engine] [ntainer#0-0-C-1] com.uav.alarm.kafka.TelemetryConsumer    : ALARM: [CRITICAL] 地形碰撞 | 地形碰撞风险 | drone=null | pos=(39.701878899242594,116.06208881824352)
2026-06-13T01:06:31.646+08:00  WARN 35828 --- [uav-alarm-engine] [ntainer#0-0-C-1] com.uav.alarm.kafka.TelemetryConsumer    : ALARM: [CRITICAL] 地形碰撞 | 地形碰撞风险 | drone=null | pos=(39.83646586994423,116.51068910133633)
2026-06-13T01:06:31.677+08:00  WARN 35828 --- [uav-alarm-engine] [ntainer#0-0-C-1] com.uav.alarm.kafka.TelemetryConsumer    : ALARM: [CRITICAL] 地形碰撞 | 地形碰撞风险 | drone=null | pos=(39.902562696138425,116.6178561032213)
2026-06-13T01:06:31.690+08:00  WARN 35828 --- [uav-alarm-engine] [ntainer#0-0-C-1] com.uav.alarm.kafka.TelemetryConsumer    : ALARM: [CRITICAL] 地形碰撞 | 地形碰撞风险 | drone=null | pos=(39.767092021552344,115.98436714439062)
2026-06-13T01:06:31.702+08:00  WARN 35828 --- [uav-alarm-engine] [ntainer#0-0-C-1] com.uav.alarm.kafka.TelemetryConsumer    : ALARM: [CRITICAL] 地形碰撞 | 地形碰撞风险 | drone=null | pos=(39.94005416287504,116.46029574106726)
2026-06-13T01:06:31.715+08:00  WARN 35828 --- [uav-alarm-engine] [ntainer#0-0-C-1] com.uav.alarm.kafka.TelemetryConsumer    : ALARM: [CRITICAL] 地形碰撞 | 地形碰撞风险 | drone=null | pos=(39.912990726437506,116.37303289952496)
2026-06-13T01:06:31.727+08:00  WARN 35828 --- [uav-alarm-engine] [ntainer#0-0-C-1] com.uav.alarm.kafka.TelemetryConsumer    : ALARM: [CRITICAL] 地形碰撞 | 地形碰撞风险 | drone=null | pos=(39.99022956628658,116.76515799807024)
2026-06-13T01:06:31.740+08:00  WARN 35828 --- [uav-alarm-engine] [ntainer#0-0-C-1] com.uav.alarm.kafka.TelemetryConsumer    : ALARM: [CRITICAL] 地形碰撞 | 地形碰撞风险 | drone=null | pos=(40.128289295568536,116.58125184533917)
2026-06-13T01:06:31.754+08:00  WARN 35828 --- [uav-alarm-engine] [ntainer#0-0-C-1] com.uav.alarm.kafka.TelemetryConsumer    : ALARM: [CRITICAL] 地形碰撞 | 地形碰撞风险 | drone=null | pos=(39.79046418289973,116.62401497465311)
2026-06-13T01:06:31.766+08:00  WARN 35828 --- [uav-alarm-engine] [ntainer#0-0-C-1] com.uav.alarm.kafka.TelemetryConsumer    : ALARM: [CRITICAL] 地形碰撞 | 地形碰撞风险 | drone=null | pos=(39.87675699361952,116.38650071823452)
2026-06-13T01:06:31.778+08:00  WARN 35828 --- [uav-alarm-engine] [ntainer#0-0-C-1] com.uav.alarm.kafka.TelemetryConsumer    : ALARM: [CRITICAL] 地形碰撞 | 地形碰撞风险 | drone=null | pos=(40.12068852969961,116.19659089745312)
2026-06-13T01:06:31.791+08:00  WARN 35828 --- [uav-alarm-engine] [ntainer#0-0-C-1] com.uav.alarm.kafka.TelemetryConsumer    : ALARM: [CRITICAL] 地形碰撞 | 地形碰撞风险 | drone=null | pos=(39.88717745065976,116.46661287313779)
2026-06-13T01:06:31.803+08:00  WARN 35828 --- [uav-alarm-engine] [ntainer#0-0-C-1] com.uav.alarm.kafka.TelemetryConsumer    : ALARM: [CRITICAL] 地形碰撞 | 地形碰撞风险 | drone=null | pos=(39.914151589915186,116.41183012521587)
2026-06-13T01:06:31.816+08:00  WARN 35828 --- [uav-alarm-engine] [ntainer#0-0-C-1] com.uav.alarm.kafka.TelemetryConsumer    : ALARM: [CRITICAL] 地形碰撞 | 地形碰撞风险 | drone=null | pos=(39.715555170104814,116.60516534613659)
2026-06-13T01:06:31.827+08:00  WARN 35828 --- [uav-alarm-engine] [ntainer#0-0-C-1] com.uav.alarm.kafka.TelemetryConsumer    : ALARM: [CRITICAL] 地形碰撞 | 地形碰撞风险 | drone=null | pos=(39.81358635180756,116.19109060048373)
2026-06-13T01:06:31.839+08:00  WARN 35828 --- [uav-alarm-engine] [ntainer#0-0-C-1] com.uav.alarm.kafka.TelemetryConsumer    : ALARM: [CRITICAL] 地形碰撞 | 地形碰撞风险 | drone=null | pos=(39.87987107926071,116.51571238994833)
2026-06-13T01:06:31.853+08:00  WARN 35828 --- [uav-alarm-engine] [ntainer#0-0-C-1] com.uav.alarm.kafka.TelemetryConsumer    : ALARM: [CRITICAL] 地形碰撞 | 地形碰撞风险 | drone=null | pos=(40.00613920072896,116.49788351390586)
2026-06-13T01:06:31.865+08:00  WARN 35828 --- [uav-alarm-engine] [ntainer#0-0-C-1] com.uav.alarm.kafka.TelemetryConsumer    : ALARM: [CRITICAL] 地形碰撞 | 地形碰撞风险 | drone=null | pos=(39.90854131569154,116.3854124214406)
2026-06-13T01:06:31.878+08:00  WARN 35828 --- [uav-alarm-engine] [ntainer#0-0-C-1] com.uav.alarm.kafka.TelemetryConsumer    : ALARM: [CRITICAL] 地形碰撞 | 地形碰撞风险 | drone=null | pos=(39.91901042583867,116.15590426060034)
2026-06-13T01:06:31.888+08:00  WARN 35828 --- [uav-alarm-engine] [ntainer#0-0-C-1] com.uav.alarm.kafka.TelemetryConsumer    : ALARM: [CRITICAL] 地形碰撞 | 地形碰撞风险 | drone=null | pos=(39.67909817108876,116.29888826210633)
2026-06-13T01:06:31.900+08:00  WARN 35828 --- [uav-alarm-engine] [ntainer#0-0-C-1] com.uav.alarm.kafka.TelemetryConsumer    : ALARM: [CRITICAL] 地形碰撞 | 地形碰撞风险 | drone=null | pos=(39.93310119873332,116.41818867712476)
2026-06-13T01:06:31.912+08:00  WARN 35828 --- [uav-alarm-engine] [ntainer#0-0-C-1] com.uav.alarm.kafka.TelemetryConsumer    : ALARM: [CRITICAL] 地形碰撞 | 地形碰撞风险 | drone=null | pos=(39.647719262917704,116.31077414644179)
2026-06-13T01:06:31.924+08:00  WARN 35828 --- [uav-alarm-engine] [ntainer#0-0-C-1] com.uav.alarm.kafka.TelemetryConsumer    : ALARM: [CRITICAL] 地形碰撞 | 地形碰撞风险 | drone=null | pos=(39.96487159848084,116.76114348824217)
2026-06-13T01:06:31.936+08:00  WARN 35828 --- [uav-alarm-engine] [ntainer#0-0-C-1] com.uav.alarm.kafka.TelemetryConsumer    : ALARM: [CRITICAL] 地形碰撞 | 地形碰撞风险 | drone=null | pos=(39.84510804470857,116.46265297443529)
2026-06-13T01:06:31.948+08:00  WARN 35828 --- [uav-alarm-engine] [ntainer#0-0-C-1] com.uav.alarm.kafka.TelemetryConsumer    : ALARM: [CRITICAL] 地形碰撞 | 地形碰撞风险 | drone=null | pos=(39.71558701226536,116.03245322626759)
2026-06-13T01:06:31.961+08:00  WARN 35828 --- [uav-alarm-engine] [ntainer#0-0-C-1] com.uav.alarm.kafka.TelemetryConsumer    : ALARM: [CRITICAL] 地形碰撞 | 地形碰撞风险 | drone=null | pos=(39.90348594612192,116.42044934153897)
2026-06-13T01:06:31.973+08:00  WARN 35828 --- [uav-alarm-engine] [ntainer#0-0-C-1] com.uav.alarm.kafka.TelemetryConsumer    : ALARM: [CRITICAL] 地形碰撞 | 地形碰撞风险 | drone=null | pos=(40.06272276476238,116.61310164993118)
2026-06-13T01:06:31.984+08:00  WARN 35828 --- [uav-alarm-engine] [ntainer#0-0-C-1] com.uav.alarm.kafka.TelemetryConsumer    : ALARM: [CRITICAL] 地形碰撞 | 地形碰撞风险 | drone=null | pos=(39.8540150347024,116.52269798160592)
2026-06-13T01:06:31.996+08:00  WARN 35828 --- [uav-alarm-engine] [ntainer#0-0-C-1] com.uav.alarm.kafka.TelemetryConsumer    : ALARM: [CRITICAL] 地形碰撞 | 地形碰撞风险 | drone=null | pos=(40.104338007117434,116.47201981653059)
2026-06-13T01:06:32.009+08:00  WARN 35828 --- [uav-alarm-engine] [ntainer#0-0-C-1] com.uav.alarm.kafka.TelemetryConsumer    : ALARM: [CRITICAL] 地形碰撞 | 地形碰撞风险 | drone=null | pos=(39.65207322290657,116.67589220837496)
2026-06-13T01:06:32.020+08:00  WARN 35828 --- [uav-alarm-engine] [ntainer#0-0-C-1] com.uav.alarm.kafka.TelemetryConsumer    : ALARM: [CRITICAL] 地形碰撞 | 地形碰撞风险 | drone=null | pos=(39.78248719157016,116.37502318724354)
2026-06-13T01:06:32.033+08:00  WARN 35828 --- [uav-alarm-engine] [ntainer#0-0-C-1] com.uav.alarm.kafka.TelemetryConsumer    : ALARM: [CRITICAL] 地形碰撞 | 地形碰撞风险 | drone=null | pos=(40.099987402359716,116.63157065738908)
2026-06-13T01:06:32.045+08:00  WARN 35828 --- [uav-alarm-engine] [ntainer#0-0-C-1] com.uav.alarm.kafka.TelemetryConsumer    : ALARM: [CRITICAL] 地形碰撞 | 地形碰撞风险 | drone=null | pos=(39.66102594756726,116.28684023841768)
2026-06-13T01:06:32.056+08:00  WARN 35828 --- [uav-alarm-engine] [ntainer#0-0-C-1] com.uav.alarm.kafka.TelemetryConsumer    : ALARM: [CRITICAL] 地形碰撞 | 地形碰撞风险 | drone=null | pos=(39.94676562987007,116.5267351289798)
2026-06-13T01:06:32.069+08:00  WARN 35828 --- [uav-alarm-engine] [ntainer#0-0-C-1] com.uav.alarm.kafka.TelemetryConsumer    : ALARM: [CRITICAL] 地形碰撞 | 地形碰撞风险 | drone=null | pos=(39.99763659311277,116.11054678936395)
2026-06-13T01:06:32.082+08:00  WARN 35828 --- [uav-alarm-engine] [ntainer#0-0-C-1] com.uav.alarm.kafka.TelemetryConsumer    : ALARM: [CRITICAL] 地形碰撞 | 地形碰撞风险 | drone=null | pos=(39.89841531459074,116.43227987744635)
2026-06-13T01:06:32.095+08:00  WARN 35828 --- [uav-alarm-engine] [ntainer#0-0-C-1] com.uav.alarm.kafka.TelemetryConsumer    : ALARM: [CRITICAL] 地形碰撞 | 地形碰撞风险 | drone=null | pos=(39.96433575102953,116.47636333654681)
2026-06-13T01:06:32.107+08:00  WARN 35828 --- [uav-alarm-engine] [ntainer#0-0-C-1] com.uav.alarm.kafka.TelemetryConsumer    : ALARM: [CRITICAL] 地形碰撞 | 地形碰撞风险 | drone=null | pos=(39.96431120997755,116.78840615859133)
2026-06-13T01:06:32.118+08:00  WARN 35828 --- [uav-alarm-engine] [ntainer#0-0-C-1] com.uav.alarm.kafka.TelemetryConsumer    : ALARM: [CRITICAL] 地形碰撞 | 地形碰撞风险 | drone=null | pos=(39.94138605798766,116.57131117992888)
2026-06-13T01:06:32.130+08:00  WARN 35828 --- [uav-alarm-engine] [ntainer#0-0-C-1] com.uav.alarm.kafka.TelemetryConsumer    : ALARM: [CRITICAL] 地形碰撞 | 地形碰撞风险 | drone=null | pos=(40.15861420157154,116.38016157986645)
2026-06-13T01:06:32.142+08:00  WARN 35828 --- [uav-alarm-engine] [ntainer#0-0-C-1] com.uav.alarm.kafka.TelemetryConsumer    : ALARM: [CRITICAL] 地形碰撞 | 地形碰撞风险 | drone=null | pos=(39.94646512756386,116.28639580764329)
2026-06-13T01:06:32.155+08:00  WARN 35828 --- [uav-alarm-engine] [ntainer#0-0-C-1] com.uav.alarm.kafka.TelemetryConsumer    : ALARM: [CRITICAL] 地形碰撞 | 地形碰撞风险 | drone=null | pos=(39.789572743773185,116.56970284470837)
2026-06-13T01:06:32.167+08:00  WARN 35828 --- [uav-alarm-engine] [ntainer#0-0-C-1] com.uav.alarm.kafka.TelemetryConsumer    : ALARM: [CRITICAL] 地形碰撞 | 地形碰撞风险 | drone=null | pos=(40.057846137782484,116.25716251088635)
2026-06-13T01:06:32.179+08:00  WARN 35828 --- [uav-alarm-engine] [ntainer#0-0-C-1] com.uav.alarm.kafka.TelemetryConsumer    : ALARM: [CRITICAL] 地形碰撞 | 地形碰撞风险 | drone=null | pos=(39.673085859118146,116.68860136351822)
2026-06-13T01:06:32.192+08:00  WARN 35828 --- [uav-alarm-engine] [ntainer#0-0-C-1] com.uav.alarm.kafka.TelemetryConsumer    : ALARM: [CRITICAL] 地形碰撞 | 地形碰撞风险 | drone=null | pos=(40.12314964100095,116.30555718002987)
2026-06-13T01:06:32.203+08:00  WARN 35828 --- [uav-alarm-engine] [ntainer#0-0-C-1] com.uav.alarm.kafka.TelemetryConsumer    : ALARM: [CRITICAL] 地形碰撞 | 地形碰撞风险 | drone=null | pos=(40.23083926724342,116.41722089260685)
2026-06-13T01:06:32.216+08:00  WARN 35828 --- [uav-alarm-engine] [ntainer#0-0-C-1] com.uav.alarm.kafka.TelemetryConsumer    : ALARM: [CRITICAL] 地形碰撞 | 地形碰撞风险 | drone=null | pos=(39.87505252384622,116.45929024181721)
2026-06-13T01:06:32.230+08:00  WARN 35828 --- [uav-alarm-engine] [ntainer#0-0-C-1] com.uav.alarm.kafka.TelemetryConsumer    : ALARM: [CRITICAL] 地形碰撞 | 地形碰撞风险 | drone=null | pos=(40.067091460687394,116.77972290862037)
2026-06-13T01:06:32.242+08:00  WARN 35828 --- [uav-alarm-engine] [ntainer#0-0-C-1] com.uav.alarm.kafka.TelemetryConsumer    : ALARM: [CRITICAL] 地形碰撞 | 地形碰撞风险 | drone=null | pos=(39.78334818477195,116.13255343029354)
2026-06-13T01:06:32.255+08:00  WARN 35828 --- [uav-alarm-engine] [ntainer#0-0-C-1] com.uav.alarm.kafka.TelemetryConsumer    : ALARM: [CRITICAL] 地形碰撞 | 地形碰撞风险 | drone=null | pos=(39.75399944528383,116.46970114199821)
2026-06-13T01:06:32.269+08:00  WARN 35828 --- [uav-alarm-engine] [ntainer#0-0-C-1] com.uav.alarm.kafka.TelemetryConsumer    : ALARM: [CRITICAL] 地形碰撞 | 地形碰撞风险 | drone=null | pos=(39.93098853498232,116.39558045108244)
2026-06-13T01:06:32.282+08:00  WARN 35828 --- [uav-alarm-engine] [ntainer#0-0-C-1] com.uav.alarm.kafka.TelemetryConsumer    : ALARM: [CRITICAL] 地形碰撞 | 地形碰撞风险 | drone=null | pos=(39.977200937640035,116.17609122272621)
2026-06-13T01:06:32.293+08:00  WARN 35828 --- [uav-alarm-engine] [ntainer#0-0-C-1] com.uav.alarm.kafka.TelemetryConsumer    : ALARM: [CRITICAL] 地形碰撞 | 地形碰撞风险 | drone=null | pos=(39.818585016858535,116.24189987625562)
2026-06-13T01:06:32.307+08:00  WARN 35828 --- [uav-alarm-engine] [ntainer#0-0-C-1] com.uav.alarm.kafka.TelemetryConsumer    : ALARM: [CRITICAL] 地形碰撞 | 地形碰撞风险 | drone=null | pos=(39.86017008454286,116.55381903605776)
2026-06-13T01:06:32.318+08:00  WARN 35828 --- [uav-alarm-engine] [ntainer#0-0-C-1] com.uav.alarm.kafka.TelemetryConsumer    : ALARM: [CRITICAL] 地形碰撞 | 地形碰撞风险 | drone=null | pos=(39.89620036639176,116.31463532204256)
2026-06-13T01:06:32.331+08:00  WARN 35828 --- [uav-alarm-engine] [ntainer#0-0-C-1] com.uav.alarm.kafka.TelemetryConsumer    : ALARM: [CRITICAL] 地形碰撞 | 地形碰撞风险 | drone=null | pos=(39.96017942148764,116.37274468660205)
2026-06-13T01:06:32.343+08:00  WARN 35828 --- [uav-alarm-engine] [ntainer#0-0-C-1] com.uav.alarm.kafka.TelemetryConsumer    : ALARM: [CRITICAL] 地形碰撞 | 地形碰撞风险 | drone=null | pos=(39.999613990000825,116.14489950268906)
2026-06-13T01:06:32.355+08:00  WARN 35828 --- [uav-alarm-engine] [ntainer#0-0-C-1] com.uav.alarm.kafka.TelemetryConsumer    : ALARM: [CRITICAL] 地形碰撞 | 地形碰撞风险 | drone=null | pos=(39.906588566952145,116.35800741191639)
2026-06-13T01:06:32.367+08:00  WARN 35828 --- [uav-alarm-engine] [ntainer#0-0-C-1] com.uav.alarm.kafka.TelemetryConsumer    : ALARM: [CRITICAL] 地形碰撞 | 地形碰撞风险 | drone=null | pos=(39.7409843615829,116.38181319773116)
2026-06-13T01:06:32.380+08:00  WARN 35828 --- [uav-alarm-engine] [ntainer#0-0-C-1] com.uav.alarm.kafka.TelemetryConsumer    : ALARM: [CRITICAL] 地形碰撞 | 地形碰撞风险 | drone=null | pos=(39.90284167761128,116.38825855968001)
2026-06-13T01:06:32.393+08:00  WARN 35828 --- [uav-alarm-engine] [ntainer#0-0-C-1] com.uav.alarm.kafka.TelemetryConsumer    : ALARM: [CRITICAL] 地形碰撞 | 地形碰撞风险 | drone=null | pos=(39.91270023317416,116.43072102389732)
2026-06-13T01:06:32.405+08:00  WARN 35828 --- [uav-alarm-engine] [ntainer#0-0-C-1] com.uav.alarm.kafka.TelemetryConsumer    : ALARM: [CRITICAL] 地形碰撞 | 地形碰撞风险 | drone=null | pos=(39.90567212303377,116.00483333938402)
2026-06-13T01:06:32.418+08:00  WARN 35828 --- [uav-alarm-engine] [ntainer#0-0-C-1] com.uav.alarm.kafka.TelemetryConsumer    : ALARM: [CRITICAL] 地形碰撞 | 地形碰撞风险 | drone=null | pos=(39.942809700752306,116.39668959039103)
2026-06-13T01:06:32.430+08:00  WARN 35828 --- [uav-alarm-engine] [ntainer#0-0-C-1] com.uav.alarm.kafka.TelemetryConsumer    : ALARM: [CRITICAL] 地形碰撞 | 地形碰撞风险 | drone=null | pos=(39.58205955683567,116.59889454420914)
2026-06-13T01:06:32.442+08:00  WARN 35828 --- [uav-alarm-engine] [ntainer#0-0-C-1] com.uav.alarm.kafka.TelemetryConsumer    : ALARM: [CRITICAL] 地形碰撞 | 地形碰撞风险 | drone=null | pos=(40.1763429374964,116.36342373579588)
2026-06-13T01:06:32.455+08:00  WARN 35828 --- [uav-alarm-engine] [ntainer#0-0-C-1] com.uav.alarm.kafka.TelemetryConsumer    : ALARM: [CRITICAL] 地形碰撞 | 地形碰撞风险 | drone=null | pos=(39.850517007192245,116.36978112625526)
2026-06-13T01:06:32.468+08:00  WARN 35828 --- [uav-alarm-engine] [ntainer#0-0-C-1] com.uav.alarm.kafka.TelemetryConsumer    : ALARM: [CRITICAL] 地形碰撞 | 地形碰撞风险 | drone=null | pos=(39.818476592133514,116.38217939642888)
2026-06-13T01:06:32.481+08:00  WARN 35828 --- [uav-alarm-engine] [ntainer#0-0-C-1] com.uav.alarm.kafka.TelemetryConsumer    : ALARM: [CRITICAL] 地形碰撞 | 地形碰撞风险 | drone=null | pos=(39.912720583964145,116.38507614825912)
2026-06-13T01:06:32.493+08:00  WARN 35828 --- [uav-alarm-engine] [ntainer#0-0-C-1] com.uav.alarm.kafka.TelemetryConsumer    : ALARM: [CRITICAL] 地形碰撞 | 地形碰撞风险 | drone=null | pos=(39.760958648266566,116.40777050057606)
2026-06-13T01:06:32.505+08:00  WARN 35828 --- [uav-alarm-engine] [ntainer#0-0-C-1] com.uav.alarm.kafka.TelemetryConsumer    : ALARM: [CRITICAL] 地形碰撞 | 地形碰撞风险 | drone=null | pos=(40.10424956414339,116.65852026997018)
2026-06-13T01:06:32.517+08:00  WARN 35828 --- [uav-alarm-engine] [ntainer#0-0-C-1] com.uav.alarm.kafka.TelemetryConsumer    : ALARM: [CRITICAL] 地形碰撞 | 地形碰撞风险 | drone=null | pos=(39.695223948821095,116.19554363930247)
2026-06-13T01:06:32.529+08:00  WARN 35828 --- [uav-alarm-engine] [ntainer#0-0-C-1] com.uav.alarm.kafka.TelemetryConsumer    : ALARM: [CRITICAL] 地形碰撞 | 地形碰撞风险 | drone=null | pos=(39.80095815386984,116.78475023318015)
2026-06-13T01:06:32.542+08:00  WARN 35828 --- [uav-alarm-engine] [ntainer#0-0-C-1] com.uav.alarm.kafka.TelemetryConsumer    : ALARM: [CRITICAL] 地形碰撞 | 地形碰撞风险 | drone=null | pos=(39.88976860125556,115.96291533150614)
2026-06-13T01:06:32.555+08:00  WARN 35828 --- [uav-alarm-engine] [ntainer#0-0-C-1] com.uav.alarm.kafka.TelemetryConsumer    : ALARM: [CRITICAL] 地形碰撞 | 地形碰撞风险 | drone=null | pos=(39.79924017581689,116.29806386966592)
2026-06-13T01:06:32.568+08:00  WARN 35828 --- [uav-alarm-engine] [ntainer#0-0-C-1] com.uav.alarm.kafka.TelemetryConsumer    : ALARM: [CRITICAL] 地形碰撞 | 地形碰撞风险 | drone=null | pos=(39.983333824258125,116.22652629927272)
2026-06-13T01:06:32.580+08:00  WARN 35828 --- [uav-alarm-engine] [ntainer#0-0-C-1] com.uav.alarm.kafka.TelemetryConsumer    : ALARM: [CRITICAL] 地形碰撞 | 地形碰撞风险 | drone=null | pos=(39.755226450698146,116.76658488369318)
2026-06-13T01:06:32.592+08:00  WARN 35828 --- [uav-alarm-engine] [ntainer#0-0-C-1] com.uav.alarm.kafka.TelemetryConsumer    : ALARM: [CRITICAL] 地形碰撞 | 地形碰撞风险 | drone=null | pos=(40.066795336783436,116.32393687988822)
2026-06-13T01:06:32.604+08:00  WARN 35828 --- [uav-alarm-engine] [ntainer#0-0-C-1] com.uav.alarm.kafka.TelemetryConsumer    : ALARM: [CRITICAL] 地形碰撞 | 地形碰撞风险 | drone=null | pos=(39.61642470408339,116.60971540634748)
2026-06-13T01:06:32.617+08:00  WARN 35828 --- [uav-alarm-engine] [ntainer#0-0-C-1] com.uav.alarm.kafka.TelemetryConsumer    : ALARM: [CRITICAL] 地形碰撞 | 地形碰撞风险 | drone=null | pos=(39.75157977410997,116.50852526024246)
2026-06-13T01:06:32.629+08:00  WARN 35828 --- [uav-alarm-engine] [ntainer#0-0-C-1] com.uav.alarm.kafka.TelemetryConsumer    : ALARM: [CRITICAL] 地形碰撞 | 地形碰撞风险 | drone=null | pos=(39.9968672225311,116.57878634604877)
2026-06-13T01:06:32.643+08:00  WARN 35828 --- [uav-alarm-engine] [ntainer#0-0-C-1] com.uav.alarm.kafka.TelemetryConsumer    : ALARM: [CRITICAL] 地形碰撞 | 地形碰撞风险 | drone=null | pos=(39.92298057804058,116.54289320278413)
2026-06-13T01:06:32.656+08:00  WARN 35828 --- [uav-alarm-engine] [ntainer#0-0-C-1] com.uav.alarm.kafka.TelemetryConsumer    : ALARM: [CRITICAL] 地形碰撞 | 地形碰撞风险 | drone=null | pos=(39.978502953540875,116.6345236881878)
2026-06-13T01:06:32.669+08:00  WARN 35828 --- [uav-alarm-engine] [ntainer#0-0-C-1] com.uav.alarm.kafka.TelemetryConsumer    : ALARM: [CRITICAL] 地形碰撞 | 地形碰撞风险 | drone=null | pos=(39.87474221209479,116.42660846949893)
2026-06-13T01:06:32.681+08:00  WARN 35828 --- [uav-alarm-engine] [ntainer#0-0-C-1] com.uav.alarm.kafka.TelemetryConsumer    : ALARM: [CRITICAL] 地形碰撞 | 地形碰撞风险 | drone=null | pos=(39.9925663733956,116.77288737683256)
2026-06-13T01:06:32.695+08:00  WARN 35828 --- [uav-alarm-engine] [ntainer#0-0-C-1] com.uav.alarm.kafka.TelemetryConsumer    : ALARM: [CRITICAL] 地形碰撞 | 地形碰撞风险 | drone=null | pos=(39.850318185396816,116.57524045469094)
2026-06-13T01:06:32.706+08:00  WARN 35828 --- [uav-alarm-engine] [ntainer#0-0-C-1] com.uav.alarm.kafka.TelemetryConsumer    : ALARM: [CRITICAL] 地形碰撞 | 地形碰撞风险 | drone=null | pos=(39.764497530692076,116.15916713851148)
2026-06-13T01:06:32.719+08:00  WARN 35828 --- [uav-alarm-engine] [ntainer#0-0-C-1] com.uav.alarm.kafka.TelemetryConsumer    : ALARM: [CRITICAL] 地形碰撞 | 地形碰撞风险 | drone=null | pos=(39.99545746158543,116.63966106002775)
2026-06-13T01:06:32.731+08:00  WARN 35828 --- [uav-alarm-engine] [ntainer#0-0-C-1] com.uav.alarm.kafka.TelemetryConsumer    : ALARM: [CRITICAL] 地形碰撞 | 地形碰撞风险 | drone=null | pos=(39.98887361470375,116.04753347368107)
2026-06-13T01:06:32.745+08:00  WARN 35828 --- [uav-alarm-engine] [ntainer#0-0-C-1] com.uav.alarm.kafka.TelemetryConsumer    : ALARM: [CRITICAL] 地形碰撞 | 地形碰撞风险 | drone=null | pos=(39.91693900820499,116.78380424159529)
2026-06-13T01:06:32.757+08:00  WARN 35828 --- [uav-alarm-engine] [ntainer#0-0-C-1] com.uav.alarm.kafka.TelemetryConsumer    : ALARM: [CRITICAL] 地形碰撞 | 地形碰撞风险 | drone=null | pos=(39.702175711807705,116.58084255641195)
2026-06-13T01:06:32.770+08:00  WARN 35828 --- [uav-alarm-engine] [ntainer#0-0-C-1] com.uav.alarm.kafka.TelemetryConsumer    : ALARM: [CRITICAL] 地形碰撞 | 地形碰撞风险 | drone=null | pos=(39.87476616982185,116.71454952834313)
2026-06-13T01:06:32.782+08:00  WARN 35828 --- [uav-alarm-engine] [ntainer#0-0-C-1] com.uav.alarm.kafka.TelemetryConsumer    : ALARM: [CRITICAL] 地形碰撞 | 地形碰撞风险 | drone=null | pos=(39.686302481056536,116.38402350893088)
2026-06-13T01:06:32.794+08:00  WARN 35828 --- [uav-alarm-engine] [ntainer#0-0-C-1] com.uav.alarm.kafka.TelemetryConsumer    : ALARM: [CRITICAL] 地形碰撞 | 地形碰撞风险 | drone=null | pos=(40.09686867550054,116.25228881532091)
2026-06-13T01:06:32.806+08:00  WARN 35828 --- [uav-alarm-engine] [ntainer#0-0-C-1] com.uav.alarm.kafka.TelemetryConsumer    : ALARM: [CRITICAL] 地形碰撞 | 地形碰撞风险 | drone=null | pos=(39.88510211979706,116.46466753364807)
2026-06-13T01:06:32.819+08:00  WARN 35828 --- [uav-alarm-engine] [ntainer#0-0-C-1] com.uav.alarm.kafka.TelemetryConsumer    : ALARM: [CRITICAL] 地形碰撞 | 地形碰撞风险 | drone=null | pos=(39.761199291800445,116.41646162025921)
2026-06-13T01:06:32.831+08:00  WARN 35828 --- [uav-alarm-engine] [ntainer#0-0-C-1] com.uav.alarm.kafka.TelemetryConsumer    : ALARM: [CRITICAL] 地形碰撞 | 地形碰撞风险 | drone=null | pos=(39.6792715021103,116.50943255474675)
2026-06-13T01:06:32.843+08:00  WARN 35828 --- [uav-alarm-engine] [ntainer#0-0-C-1] com.uav.alarm.kafka.TelemetryConsumer    : ALARM: [CRITICAL] 地形碰撞 | 地形碰撞风险 | drone=null | pos=(39.97729480230927,116.10589231191597)
2026-06-13T01:06:32.857+08:00  WARN 35828 --- [uav-alarm-engine] [ntainer#0-0-C-1] com.uav.alarm.kafka.TelemetryConsumer    : ALARM: [CRITICAL] 地形碰撞 | 地形碰撞风险 | drone=null | pos=(39.95572356097101,116.76322422796596)
2026-06-13T01:06:32.869+08:00  WARN 35828 --- [uav-alarm-engine] [ntainer#0-0-C-1] com.uav.alarm.kafka.TelemetryConsumer    : ALARM: [CRITICAL] 地形碰撞 | 地形碰撞风险 | drone=null | pos=(39.914849731970605,116.39881715519881)
2026-06-13T01:06:32.880+08:00  WARN 35828 --- [uav-alarm-engine] [ntainer#0-0-C-1] com.uav.alarm.kafka.TelemetryConsumer    : ALARM: [CRITICAL] 地形碰撞 | 地形碰撞风险 | drone=null | pos=(40.044095249245466,116.58771548811295)
2026-06-13T01:06:32.893+08:00  WARN 35828 --- [uav-alarm-engine] [ntainer#0-0-C-1] com.uav.alarm.kafka.TelemetryConsumer    : ALARM: [CRITICAL] 地形碰撞 | 地形碰撞风险 | drone=null | pos=(39.806696493194714,116.70381207991076)
2026-06-13T01:06:32.905+08:00  WARN 35828 --- [uav-alarm-engine] [ntainer#0-0-C-1] com.uav.alarm.kafka.TelemetryConsumer    : ALARM: [CRITICAL] 地形碰撞 | 地形碰撞风险 | drone=null | pos=(40.052244349572526,116.1278208792705)
2026-06-13T01:06:32.919+08:00  WARN 35828 --- [uav-alarm-engine] [ntainer#0-0-C-1] com.uav.alarm.kafka.TelemetryConsumer    : ALARM: [CRITICAL] 地形碰撞 | 地形碰撞风险 | drone=null | pos=(39.969776467705856,116.2673307869994)
2026-06-13T01:06:32.930+08:00  WARN 35828 --- [uav-alarm-engine] [ntainer#0-0-C-1] com.uav.alarm.kafka.TelemetryConsumer    : ALARM: [CRITICAL] 地形碰撞 | 地形碰撞风险 | drone=null | pos=(39.90032567841308,116.39535091834362)
2026-06-13T01:06:32.942+08:00  WARN 35828 --- [uav-alarm-engine] [ntainer#0-0-C-1] com.uav.alarm.kafka.TelemetryConsumer    : ALARM: [CRITICAL] 地形碰撞 | 地形碰撞风险 | drone=null | pos=(39.88186245602915,116.22397062149784)
2026-06-13T01:06:32.956+08:00  WARN 35828 --- [uav-alarm-engine] [ntainer#0-0-C-1] com.uav.alarm.kafka.TelemetryConsumer    : ALARM: [CRITICAL] 地形碰撞 | 地形碰撞风险 | drone=null | pos=(39.65677734620856,116.3572020072061)
2026-06-13T01:06:32.967+08:00  WARN 35828 --- [uav-alarm-engine] [ntainer#0-0-C-1] com.uav.alarm.kafka.TelemetryConsumer    : ALARM: [CRITICAL] 地形碰撞 | 地形碰撞风险 | drone=null | pos=(39.78597786187388,116.56923366596594)
2026-06-13T01:06:32.981+08:00  WARN 35828 --- [uav-alarm-engine] [ntainer#0-0-C-1] com.uav.alarm.kafka.TelemetryConsumer    : ALARM: [CRITICAL] 地形碰撞 | 地形碰撞风险 | drone=null | pos=(39.958237789254994,116.79167553740412)
2026-06-13T01:06:32.993+08:00  WARN 35828 --- [uav-alarm-engine] [ntainer#0-0-C-1] com.uav.alarm.kafka.TelemetryConsumer    : ALARM: [CRITICAL] 地形碰撞 | 地形碰撞风险 | drone=null | pos=(40.13436519818016,116.42527197520128)
2026-06-13T01:06:33.006+08:00  WARN 35828 --- [uav-alarm-engine] [ntainer#0-0-C-1] com.uav.alarm.kafka.TelemetryConsumer    : ALARM: [CRITICAL] 地形碰撞 | 地形碰撞风险 | drone=null | pos=(39.816166932225684,116.42254931573858)
2026-06-13T01:06:33.018+08:00  WARN 35828 --- [uav-alarm-engine] [ntainer#0-0-C-1] com.uav.alarm.kafka.TelemetryConsumer    : ALARM: [CRITICAL] 地形碰撞 | 地形碰撞风险 | drone=null | pos=(39.9043467315234,116.39160573971296)
2026-06-13T01:06:33.031+08:00  WARN 35828 --- [uav-alarm-engine] [ntainer#0-0-C-1] com.uav.alarm.kafka.TelemetryConsumer    : ALARM: [CRITICAL] 地形碰撞 | 地形碰撞风险 | drone=null | pos=(39.93015615514742,116.27474915088155)
2026-06-13T01:06:33.044+08:00  WARN 35828 --- [uav-alarm-engine] [ntainer#0-0-C-1] com.uav.alarm.kafka.TelemetryConsumer    : ALARM: [CRITICAL] 地形碰撞 | 地形碰撞风险 | drone=null | pos=(39.795924311793506,116.36948547605975)
2026-06-13T01:06:33.056+08:00  WARN 35828 --- [uav-alarm-engine] [ntainer#0-0-C-1] com.uav.alarm.kafka.TelemetryConsumer    : ALARM: [CRITICAL] 地形碰撞 | 地形碰撞风险 | drone=null | pos=(39.70635812782149,116.47863031083773)
2026-06-13T01:06:33.069+08:00  WARN 35828 --- [uav-alarm-engine] [ntainer#0-0-C-1] com.uav.alarm.kafka.TelemetryConsumer    : ALARM: [CRITICAL] 地形碰撞 | 地形碰撞风险 | drone=null | pos=(39.963965568959104,116.30392243232141)
2026-06-13T01:06:33.081+08:00  WARN 35828 --- [uav-alarm-engine] [ntainer#0-0-C-1] com.uav.alarm.kafka.TelemetryConsumer    : ALARM: [CRITICAL] 地形碰撞 | 地形碰撞风险 | drone=null | pos=(40.12615136918501,116.34157858616274)
2026-06-13T01:06:33.094+08:00  WARN 35828 --- [uav-alarm-engine] [ntainer#0-0-C-1] com.uav.alarm.kafka.TelemetryConsumer    : ALARM: [CRITICAL] 地形碰撞 | 地形碰撞风险 | drone=null | pos=(39.948414611650385,116.38657653377568)
2026-06-13T01:06:33.105+08:00  WARN 35828 --- [uav-alarm-engine] [ntainer#0-0-C-1] com.uav.alarm.kafka.TelemetryConsumer    : ALARM: [CRITICAL] 地形碰撞 | 地形碰撞风险 | drone=null | pos=(40.094775514083224,116.17848867921712)
2026-06-13T01:06:33.119+08:00  WARN 35828 --- [uav-alarm-engine] [ntainer#0-0-C-1] com.uav.alarm.kafka.TelemetryConsumer    : ALARM: [CRITICAL] 地形碰撞 | 地形碰撞风险 | drone=null | pos=(40.01177028481564,116.3915943897286)
2026-06-13T01:06:33.132+08:00  WARN 35828 --- [uav-alarm-engine] [ntainer#0-0-C-1] com.uav.alarm.kafka.TelemetryConsumer    : ALARM: [CRITICAL] 地形碰撞 | 地形碰撞风险 | drone=null | pos=(39.788035035502865,116.26937003984145)
2026-06-13T01:06:33.143+08:00  WARN 35828 --- [uav-alarm-engine] [ntainer#0-0-C-1] com.uav.alarm.kafka.TelemetryConsumer    : ALARM: [CRITICAL] 地形碰撞 | 地形碰撞风险 | drone=null | pos=(40.017282047667834,116.41867879045849)
2026-06-13T01:06:33.154+08:00  WARN 35828 --- [uav-alarm-engine] [ntainer#0-0-C-1] com.uav.alarm.kafka.TelemetryConsumer    : ALARM: [CRITICAL] 地形碰撞 | 地形碰撞风险 | drone=null | pos=(39.66816981714375,116.11942335550651)
2026-06-13T01:06:33.167+08:00  WARN 35828 --- [uav-alarm-engine] [ntainer#0-0-C-1] com.uav.alarm.kafka.TelemetryConsumer    : ALARM: [CRITICAL] 地形碰撞 | 地形碰撞风险 | drone=null | pos=(40.077898683371636,116.11307308111408)
2026-06-13T01:06:33.180+08:00  WARN 35828 --- [uav-alarm-engine] [ntainer#0-0-C-1] com.uav.alarm.kafka.TelemetryConsumer    : ALARM: [CRITICAL] 地形碰撞 | 地形碰撞风险 | drone=null | pos=(39.83143000877754,116.59624094393955)
2026-06-13T01:06:33.192+08:00  WARN 35828 --- [uav-alarm-engine] [ntainer#0-0-C-1] com.uav.alarm.kafka.TelemetryConsumer    : ALARM: [CRITICAL] 地形碰撞 | 地形碰撞风险 | drone=null | pos=(39.89397545221641,116.18817235068111)
2026-06-13T01:06:33.205+08:00  WARN 35828 --- [uav-alarm-engine] [ntainer#0-0-C-1] com.uav.alarm.kafka.TelemetryConsumer    : ALARM: [CRITICAL] 地形碰撞 | 地形碰撞风险 | drone=null | pos=(39.9825682116256,116.6507529898886)
2026-06-13T01:06:33.216+08:00  WARN 35828 --- [uav-alarm-engine] [ntainer#0-0-C-1] com.uav.alarm.kafka.TelemetryConsumer    : ALARM: [CRITICAL] 地形碰撞 | 地形碰撞风险 | drone=null | pos=(40.13992626560046,116.70122885556616)
2026-06-13T01:06:33.229+08:00  WARN 35828 --- [uav-alarm-engine] [ntainer#0-0-C-1] com.uav.alarm.kafka.TelemetryConsumer    : ALARM: [CRITICAL] 地形碰撞 | 地形碰撞风险 | drone=null | pos=(39.788452533479095,116.44202597774168)
2026-06-13T01:06:33.242+08:00  WARN 35828 --- [uav-alarm-engine] [ntainer#0-0-C-1] com.uav.alarm.kafka.TelemetryConsumer    : ALARM: [CRITICAL] 地形碰撞 | 地形碰撞风险 | drone=null | pos=(39.80106658849096,116.05071815547596)
2026-06-13T01:06:33.255+08:00  WARN 35828 --- [uav-alarm-engine] [ntainer#0-0-C-1] com.uav.alarm.kafka.TelemetryConsumer    : ALARM: [CRITICAL] 地形碰撞 | 地形碰撞风险 | drone=null | pos=(39.80597394844926,116.60376117066981)
2026-06-13T01:06:33.267+08:00  WARN 35828 --- [uav-alarm-engine] [ntainer#0-0-C-1] com.uav.alarm.kafka.TelemetryConsumer    : ALARM: [CRITICAL] 地形碰撞 | 地形碰撞风险 | drone=null | pos=(39.90790213995399,116.30369843048337)
2026-06-13T01:06:33.280+08:00  WARN 35828 --- [uav-alarm-engine] [ntainer#0-0-C-1] com.uav.alarm.kafka.TelemetryConsumer    : ALARM: [CRITICAL] 地形碰撞 | 地形碰撞风险 | drone=null | pos=(39.88534114342041,116.69330471173062)
2026-06-13T01:06:33.292+08:00  WARN 35828 --- [uav-alarm-engine] [ntainer#0-0-C-1] com.uav.alarm.kafka.TelemetryConsumer    : ALARM: [CRITICAL] 地形碰撞 | 地形碰撞风险 | drone=null | pos=(39.68037650001917,116.5186786055864)
2026-06-13T01:06:33.306+08:00  WARN 35828 --- [uav-alarm-engine] [ntainer#0-0-C-1] com.uav.alarm.kafka.TelemetryConsumer    : ALARM: [CRITICAL] 地形碰撞 | 地形碰撞风险 | drone=null | pos=(39.955549404654654,116.36916285273942)
2026-06-13T01:06:33.317+08:00  WARN 35828 --- [uav-alarm-engine] [ntainer#0-0-C-1] com.uav.alarm.kafka.TelemetryConsumer    : ALARM: [CRITICAL] 地形碰撞 | 地形碰撞风险 | drone=null | pos=(40.00186675112079,116.21520478130576)
2026-06-13T01:06:33.331+08:00  WARN 35828 --- [uav-alarm-engine] [ntainer#0-0-C-1] com.uav.alarm.kafka.TelemetryConsumer    : ALARM: [CRITICAL] 地形碰撞 | 地形碰撞风险 | drone=null | pos=(39.57364373159749,116.4545507924679)
2026-06-13T01:06:33.344+08:00  WARN 35828 --- [uav-alarm-engine] [ntainer#0-0-C-1] com.uav.alarm.kafka.TelemetryConsumer    : ALARM: [CRITICAL] 地形碰撞 | 地形碰撞风险 | drone=null | pos=(39.784270412439156,116.2258792345166)
2026-06-13T01:06:33.355+08:00  WARN 35828 --- [uav-alarm-engine] [ntainer#0-0-C-1] com.uav.alarm.kafka.TelemetryConsumer    : ALARM: [CRITICAL] 地形碰撞 | 地形碰撞风险 | drone=null | pos=(39.81299452465008,116.25261820049862)
2026-06-13T01:06:33.368+08:00  WARN 35828 --- [uav-alarm-engine] [ntainer#0-0-C-1] com.uav.alarm.kafka.TelemetryConsumer    : ALARM: [CRITICAL] 地形碰撞 | 地形碰撞风险 | drone=null | pos=(40.09932220445087,116.41631706049776)
2026-06-13T01:06:33.382+08:00  WARN 35828 --- [uav-alarm-engine] [ntainer#0-0-C-1] com.uav.alarm.kafka.TelemetryConsumer    : ALARM: [CRITICAL] 地形碰撞 | 地形碰撞风险 | drone=null | pos=(40.14926323242337,116.56087868062008)
2026-06-13T01:06:33.394+08:00  WARN 35828 --- [uav-alarm-engine] [ntainer#0-0-C-1] com.uav.alarm.kafka.TelemetryConsumer    : ALARM: [CRITICAL] 地形碰撞 | 地形碰撞风险 | drone=null | pos=(40.113148036002556,116.08617200135811)
2026-06-13T01:06:33.406+08:00  WARN 35828 --- [uav-alarm-engine] [ntainer#0-0-C-1] com.uav.alarm.kafka.TelemetryConsumer    : ALARM: [CRITICAL] 地形碰撞 | 地形碰撞风险 | drone=null | pos=(39.756776390257116,116.53686709335086)
2026-06-13T01:06:33.418+08:00  WARN 35828 --- [uav-alarm-engine] [ntainer#0-0-C-1] com.uav.alarm.kafka.TelemetryConsumer    : ALARM: [CRITICAL] 地形碰撞 | 地形碰撞风险 | drone=null | pos=(39.89588605067098,116.08392218602512)
2026-06-13T01:06:33.431+08:00  WARN 35828 --- [uav-alarm-engine] [ntainer#0-0-C-1] com.uav.alarm.kafka.TelemetryConsumer    : ALARM: [CRITICAL] 地形碰撞 | 地形碰撞风险 | drone=null | pos=(40.173803691498,116.58792422856706)
2026-06-13T01:06:33.443+08:00  WARN 35828 --- [uav-alarm-engine] [ntainer#0-0-C-1] com.uav.alarm.kafka.TelemetryConsumer    : ALARM: [CRITICAL] 地形碰撞 | 地形碰撞风险 | drone=null | pos=(39.73858693937391,116.07747579444484)
2026-06-13T01:06:33.456+08:00  WARN 35828 --- [uav-alarm-engine] [ntainer#0-0-C-1] com.uav.alarm.kafka.TelemetryConsumer    : ALARM: [CRITICAL] 地形碰撞 | 地形碰撞风险 | drone=null | pos=(39.6486538582156,116.68496925298419)
2026-06-13T01:06:33.468+08:00  WARN 35828 --- [uav-alarm-engine] [ntainer#0-0-C-1] com.uav.alarm.kafka.TelemetryConsumer    : ALARM: [CRITICAL] 地形碰撞 | 地形碰撞风险 | drone=null | pos=(40.02528055496333,116.51432166827307)
2026-06-13T01:06:33.481+08:00  WARN 35828 --- [uav-alarm-engine] [ntainer#0-0-C-1] com.uav.alarm.kafka.TelemetryConsumer    : ALARM: [CRITICAL] 地形碰撞 | 地形碰撞风险 | drone=null | pos=(39.72174705877619,116.26772551005368)
2026-06-13T01:06:33.492+08:00  WARN 35828 --- [uav-alarm-engine] [ntainer#0-0-C-1] com.uav.alarm.kafka.TelemetryConsumer    : ALARM: [CRITICAL] 地形碰撞 | 地形碰撞风险 | drone=null | pos=(40.034434662367865,116.31914710512383)
2026-06-13T01:06:33.505+08:00  WARN 35828 --- [uav-alarm-engine] [ntainer#0-0-C-1] com.uav.alarm.kafka.TelemetryConsumer    : ALARM: [CRITICAL] 地形碰撞 | 地形碰撞风险 | drone=null | pos=(40.09446787964359,116.1068252877272)
2026-06-13T01:06:33.518+08:00  WARN 35828 --- [uav-alarm-engine] [ntainer#0-0-C-1] com.uav.alarm.kafka.TelemetryConsumer    : ALARM: [CRITICAL] 地形碰撞 | 地形碰撞风险 | drone=null | pos=(39.60633439025418,116.30922208427967)
2026-06-13T01:06:33.531+08:00  WARN 35828 --- [uav-alarm-engine] [ntainer#0-0-C-1] com.uav.alarm.kafka.TelemetryConsumer    : ALARM: [CRITICAL] 地形碰撞 | 地形碰撞风险 | drone=null | pos=(39.902998420695276,116.39534197136543)
2026-06-13T01:06:33.543+08:00  WARN 35828 --- [uav-alarm-engine] [ntainer#0-0-C-1] com.uav.alarm.kafka.TelemetryConsumer    : ALARM: [CRITICAL] 地形碰撞 | 地形碰撞风险 | drone=null | pos=(39.87242614715562,116.43888919944733)
2026-06-13T01:06:33.557+08:00  WARN 35828 --- [uav-alarm-engine] [ntainer#0-0-C-1] com.uav.alarm.kafka.TelemetryConsumer    : ALARM: [CRITICAL] 地形碰撞 | 地形碰撞风险 | drone=null | pos=(39.73126928726159,116.64299051545623)
2026-06-13T01:06:33.572+08:00  WARN 35828 --- [uav-alarm-engine] [ntainer#0-0-C-1] com.uav.alarm.kafka.TelemetryConsumer    : ALARM: [CRITICAL] 地形碰撞 | 地形碰撞风险 | drone=null | pos=(39.62720543524179,116.3136646003598)
2026-06-13T01:06:33.586+08:00  WARN 35828 --- [uav-alarm-engine] [ntainer#0-0-C-1] com.uav.alarm.kafka.TelemetryConsumer    : ALARM: [CRITICAL] 地形碰撞 | 地形碰撞风险 | drone=null | pos=(39.89966544008638,116.26173000219381)
2026-06-13T01:06:33.597+08:00  WARN 35828 --- [uav-alarm-engine] [ntainer#0-0-C-1] com.uav.alarm.kafka.TelemetryConsumer    : ALARM: [CRITICAL] 地形碰撞 | 地形碰撞风险 | drone=null | pos=(39.93753996005863,116.68056248840894)
2026-06-13T01:06:33.611+08:00  WARN 35828 --- [uav-alarm-engine] [ntainer#0-0-C-1] com.uav.alarm.kafka.TelemetryConsumer    : ALARM: [CRITICAL] 地形碰撞 | 地形碰撞风险 | drone=null | pos=(39.81715552654604,116.62565967985458)
2026-06-13T01:06:33.623+08:00  WARN 35828 --- [uav-alarm-engine] [ntainer#0-0-C-1] com.uav.alarm.kafka.TelemetryConsumer    : ALARM: [CRITICAL] 地形碰撞 | 地形碰撞风险 | drone=null | pos=(39.93066326209948,116.43927728457892)
2026-06-13T01:06:33.635+08:00  WARN 35828 --- [uav-alarm-engine] [ntainer#0-0-C-1] com.uav.alarm.kafka.TelemetryConsumer    : ALARM: [CRITICAL] 地形碰撞 | 地形碰撞风险 | drone=null | pos=(39.83925587441451,116.23557373655338)
2026-06-13T01:06:33.648+08:00  WARN 35828 --- [uav-alarm-engine] [ntainer#0-0-C-1] com.uav.alarm.kafka.TelemetryConsumer    : ALARM: [CRITICAL] 地形碰撞 | 地形碰撞风险 | drone=null | pos=(39.76481464842593,116.26202140151176)
2026-06-13T01:06:33.660+08:00  WARN 35828 --- [uav-alarm-engine] [ntainer#0-0-C-1] com.uav.alarm.kafka.TelemetryConsumer    : ALARM: [CRITICAL] 地形碰撞 | 地形碰撞风险 | drone=null | pos=(39.86543539825555,116.43911453521946)
2026-06-13T01:06:33.672+08:00  WARN 35828 --- [uav-alarm-engine] [ntainer#0-0-C-1] com.uav.alarm.kafka.TelemetryConsumer    : ALARM: [CRITICAL] 地形碰撞 | 地形碰撞风险 | drone=null | pos=(39.6353705069246,116.46210021675718)
2026-06-13T01:06:33.686+08:00  WARN 35828 --- [uav-alarm-engine] [ntainer#0-0-C-1] com.uav.alarm.kafka.TelemetryConsumer    : ALARM: [CRITICAL] 地形碰撞 | 地形碰撞风险 | drone=null | pos=(39.81464571965954,116.34422152340518)
2026-06-13T01:06:33.697+08:00  WARN 35828 --- [uav-alarm-engine] [ntainer#0-0-C-1] com.uav.alarm.kafka.TelemetryConsumer    : ALARM: [CRITICAL] 地形碰撞 | 地形碰撞风险 | drone=null | pos=(39.66873206603444,116.43688712431405)
2026-06-13T01:06:33.709+08:00  WARN 35828 --- [uav-alarm-engine] [ntainer#0-0-C-1] com.uav.alarm.kafka.TelemetryConsumer    : ALARM: [CRITICAL] 地形碰撞 | 地形碰撞风险 | drone=null | pos=(39.901590569260726,116.40537490365747)
2026-06-13T01:06:33.722+08:00  WARN 35828 --- [uav-alarm-engine] [ntainer#0-0-C-1] com.uav.alarm.kafka.TelemetryConsumer    : ALARM: [CRITICAL] 地形碰撞 | 地形碰撞风险 | drone=null | pos=(40.0691583183327,116.29827297347745)
2026-06-13T01:06:33.735+08:00  WARN 35828 --- [uav-alarm-engine] [ntainer#0-0-C-1] com.uav.alarm.kafka.TelemetryConsumer    : ALARM: [CRITICAL] 地形碰撞 | 地形碰撞风险 | drone=null | pos=(39.77541250003599,116.2786415612126)
2026-06-13T01:06:33.748+08:00  WARN 35828 --- [uav-alarm-engine] [ntainer#0-0-C-1] com.uav.alarm.kafka.TelemetryConsumer    : ALARM: [CRITICAL] 地形碰撞 | 地形碰撞风险 | drone=null | pos=(39.97288044260188,116.36910736032355)
2026-06-13T01:06:33.760+08:00  WARN 35828 --- [uav-alarm-engine] [ntainer#0-0-C-1] com.uav.alarm.kafka.TelemetryConsumer    : ALARM: [CRITICAL] 地形碰撞 | 地形碰撞风险 | drone=null | pos=(40.06200842059718,116.10444185095903)
2026-06-13T01:06:33.772+08:00  WARN 35828 --- [uav-alarm-engine] [ntainer#0-0-C-1] com.uav.alarm.kafka.TelemetryConsumer    : ALARM: [CRITICAL] 地形碰撞 | 地形碰撞风险 | drone=null | pos=(40.071595946647065,116.166908752339)
2026-06-13T01:06:33.784+08:00  WARN 35828 --- [uav-alarm-engine] [ntainer#0-0-C-1] com.uav.alarm.kafka.TelemetryConsumer    : ALARM: [CRITICAL] 地形碰撞 | 地形碰撞风险 | drone=null | pos=(40.015580972926756,116.18579947516658)
2026-06-13T01:06:33.797+08:00  WARN 35828 --- [uav-alarm-engine] [ntainer#0-0-C-1] com.uav.alarm.kafka.TelemetryConsumer    : ALARM: [CRITICAL] 地形碰撞 | 地形碰撞风险 | drone=null | pos=(39.95446933454106,116.35400337824453)
2026-06-13T01:06:33.810+08:00  WARN 35828 --- [uav-alarm-engine] [ntainer#0-0-C-1] com.uav.alarm.kafka.TelemetryConsumer    : ALARM: [CRITICAL] 地形碰撞 | 地形碰撞风险 | drone=null | pos=(39.74515908188491,116.61164716423167)
2026-06-13T01:06:33.821+08:00  WARN 35828 --- [uav-alarm-engine] [ntainer#0-0-C-1] com.uav.alarm.kafka.TelemetryConsumer    : ALARM: [CRITICAL] 地形碰撞 | 地形碰撞风险 | drone=null | pos=(40.218768742286414,116.47398022456147)
2026-06-13T01:06:33.834+08:00  WARN 35828 --- [uav-alarm-engine] [ntainer#0-0-C-1] com.uav.alarm.kafka.TelemetryConsumer    : ALARM: [CRITICAL] 地形碰撞 | 地形碰撞风险 | drone=null | pos=(39.789403143437575,116.25898790229066)
2026-06-13T01:06:33.846+08:00  WARN 35828 --- [uav-alarm-engine] [ntainer#0-0-C-1] com.uav.alarm.kafka.TelemetryConsumer    : ALARM: [CRITICAL] 地形碰撞 | 地形碰撞风险 | drone=null | pos=(39.78155676950125,116.45308201725972)
2026-06-13T01:06:33.860+08:00  WARN 35828 --- [uav-alarm-engine] [ntainer#0-0-C-1] com.uav.alarm.kafka.TelemetryConsumer    : ALARM: [CRITICAL] 地形碰撞 | 地形碰撞风险 | drone=null | pos=(40.238169976370884,116.34542999233308)
2026-06-13T01:06:33.872+08:00  WARN 35828 --- [uav-alarm-engine] [ntainer#0-0-C-1] com.uav.alarm.kafka.TelemetryConsumer    : ALARM: [CRITICAL] 地形碰撞 | 地形碰撞风险 | drone=null | pos=(39.58323433627123,116.43870635277956)
2026-06-13T01:06:33.885+08:00  WARN 35828 --- [uav-alarm-engine] [ntainer#0-0-C-1] com.uav.alarm.kafka.TelemetryConsumer    : ALARM: [CRITICAL] 地形碰撞 | 地形碰撞风险 | drone=null | pos=(39.893004187161175,116.48554800989197)
2026-06-13T01:06:33.897+08:00  WARN 35828 --- [uav-alarm-engine] [ntainer#0-0-C-1] com.uav.alarm.kafka.TelemetryConsumer    : ALARM: [CRITICAL] 地形碰撞 | 地形碰撞风险 | drone=null | pos=(39.923583299604985,116.39317637902343)
2026-06-13T01:06:33.911+08:00  WARN 35828 --- [uav-alarm-engine] [ntainer#0-0-C-1] com.uav.alarm.kafka.TelemetryConsumer    : ALARM: [CRITICAL] 地形碰撞 | 地形碰撞风险 | drone=null | pos=(39.88364645540074,116.34062932653998)
2026-06-13T01:06:33.922+08:00  WARN 35828 --- [uav-alarm-engine] [ntainer#0-0-C-1] com.uav.alarm.kafka.TelemetryConsumer    : ALARM: [CRITICAL] 地形碰撞 | 地形碰撞风险 | drone=null | pos=(39.79577277488923,116.84230322276757)
2026-06-13T01:06:33.934+08:00  WARN 35828 --- [uav-alarm-engine] [ntainer#0-0-C-1] com.uav.alarm.kafka.TelemetryConsumer    : ALARM: [CRITICAL] 地形碰撞 | 地形碰撞风险 | drone=null | pos=(40.03147737113865,116.49668801671551)
2026-06-13T01:06:33.946+08:00  WARN 35828 --- [uav-alarm-engine] [ntainer#0-0-C-1] com.uav.alarm.kafka.TelemetryConsumer    : ALARM: [CRITICAL] 地形碰撞 | 地形碰撞风险 | drone=null | pos=(40.04255938790295,116.61303947415826)
2026-06-13T01:06:33.959+08:00  WARN 35828 --- [uav-alarm-engine] [ntainer#0-0-C-1] com.uav.alarm.kafka.TelemetryConsumer    : ALARM: [CRITICAL] 地形碰撞 | 地形碰撞风险 | drone=null | pos=(39.6201949627107,116.5058447449133)
2026-06-13T01:06:33.972+08:00  WARN 35828 --- [uav-alarm-engine] [ntainer#0-0-C-1] com.uav.alarm.kafka.TelemetryConsumer    : ALARM: [CRITICAL] 地形碰撞 | 地形碰撞风险 | drone=null | pos=(40.05255416086903,116.7094739186655)
2026-06-13T01:06:33.984+08:00  WARN 35828 --- [uav-alarm-engine] [ntainer#0-0-C-1] com.uav.alarm.kafka.TelemetryConsumer    : ALARM: [CRITICAL] 地形碰撞 | 地形碰撞风险 | drone=null | pos=(39.76434812998084,116.71419240379869)
2026-06-13T01:06:33.996+08:00  WARN 35828 --- [uav-alarm-engine] [ntainer#0-0-C-1] com.uav.alarm.kafka.TelemetryConsumer    : ALARM: [CRITICAL] 地形碰撞 | 地形碰撞风险 | drone=null | pos=(40.05466777327008,116.8021077202973)
2026-06-13T01:06:34.010+08:00  WARN 35828 --- [uav-alarm-engine] [ntainer#0-0-C-1] com.uav.alarm.kafka.TelemetryConsumer    : ALARM: [CRITICAL] 地形碰撞 | 地形碰撞风险 | drone=null | pos=(39.88309542680675,116.53467510035654)
2026-06-13T01:06:34.023+08:00  WARN 35828 --- [uav-alarm-engine] [ntainer#0-0-C-1] com.uav.alarm.kafka.TelemetryConsumer    : ALARM: [CRITICAL] 地形碰撞 | 地形碰撞风险 | drone=null | pos=(40.16888385872982,116.7086471095708)
2026-06-13T01:06:34.035+08:00  WARN 35828 --- [uav-alarm-engine] [ntainer#0-0-C-1] com.uav.alarm.kafka.TelemetryConsumer    : ALARM: [CRITICAL] 地形碰撞 | 地形碰撞风险 | drone=null | pos=(39.58198834234377,116.44450298459797)
2026-06-13T01:06:34.047+08:00  WARN 35828 --- [uav-alarm-engine] [ntainer#0-0-C-1] com.uav.alarm.kafka.TelemetryConsumer    : ALARM: [CRITICAL] 地形碰撞 | 地形碰撞风险 | drone=null | pos=(40.19922289117963,116.62442738615553)
2026-06-13T01:06:34.059+08:00  WARN 35828 --- [uav-alarm-engine] [ntainer#0-0-C-1] com.uav.alarm.kafka.TelemetryConsumer    : ALARM: [CRITICAL] 地形碰撞 | 地形碰撞风险 | drone=null | pos=(40.082178628068,116.65856722174527)
2026-06-13T01:06:34.071+08:00  WARN 35828 --- [uav-alarm-engine] [ntainer#0-0-C-1] com.uav.alarm.kafka.TelemetryConsumer    : ALARM: [CRITICAL] 地形碰撞 | 地形碰撞风险 | drone=null | pos=(39.66078380489785,116.23016315071357)
2026-06-13T01:06:34.083+08:00  WARN 35828 --- [uav-alarm-engine] [ntainer#0-0-C-1] com.uav.alarm.kafka.TelemetryConsumer    : ALARM: [CRITICAL] 地形碰撞 | 地形碰撞风险 | drone=null | pos=(40.18449688687862,116.23125267421352)
2026-06-13T01:06:34.097+08:00  WARN 35828 --- [uav-alarm-engine] [ntainer#0-0-C-1] com.uav.alarm.kafka.TelemetryConsumer    : ALARM: [CRITICAL] 地形碰撞 | 地形碰撞风险 | drone=null | pos=(39.90155820022524,116.40832148155275)
2026-06-13T01:06:34.108+08:00  WARN 35828 --- [uav-alarm-engine] [ntainer#0-0-C-1] com.uav.alarm.kafka.TelemetryConsumer    : ALARM: [CRITICAL] 地形碰撞 | 地形碰撞风险 | drone=null | pos=(39.88569096538427,116.4386450465246)
2026-06-13T01:06:34.122+08:00  WARN 35828 --- [uav-alarm-engine] [ntainer#0-0-C-1] com.uav.alarm.kafka.TelemetryConsumer    : ALARM: [CRITICAL] 地形碰撞 | 地形碰撞风险 | drone=null | pos=(39.85775211031477,116.5825425609377)
2026-06-13T01:06:34.135+08:00  WARN 35828 --- [uav-alarm-engine] [ntainer#0-0-C-1] com.uav.alarm.kafka.TelemetryConsumer    : ALARM: [CRITICAL] 地形碰撞 | 地形碰撞风险 | drone=null | pos=(39.90981719538895,116.4407447548882)
2026-06-13T01:06:34.147+08:00  WARN 35828 --- [uav-alarm-engine] [ntainer#0-0-C-1] com.uav.alarm.kafka.TelemetryConsumer    : ALARM: [CRITICAL] 地形碰撞 | 地形碰撞风险 | drone=null | pos=(40.22895483103052,116.58911119982804)
2026-06-13T01:06:34.159+08:00  WARN 35828 --- [uav-alarm-engine] [ntainer#0-0-C-1] com.uav.alarm.kafka.TelemetryConsumer    : ALARM: [CRITICAL] 地形碰撞 | 地形碰撞风险 | drone=null | pos=(39.89394863761187,116.39312560437274)
2026-06-13T01:06:34.172+08:00  WARN 35828 --- [uav-alarm-engine] [ntainer#0-0-C-1] com.uav.alarm.kafka.TelemetryConsumer    : ALARM: [CRITICAL] 地形碰撞 | 地形碰撞风险 | drone=null | pos=(39.95100655728005,116.1769610371958)
2026-06-13T01:06:34.185+08:00  WARN 35828 --- [uav-alarm-engine] [ntainer#0-0-C-1] com.uav.alarm.kafka.TelemetryConsumer    : ALARM: [CRITICAL] 地形碰撞 | 地形碰撞风险 | drone=null | pos=(40.069112952652084,116.33762948118047)
2026-06-13T01:06:34.197+08:00  WARN 35828 --- [uav-alarm-engine] [ntainer#0-0-C-1] com.uav.alarm.kafka.TelemetryConsumer    : ALARM: [CRITICAL] 地形碰撞 | 地形碰撞风险 | drone=null | pos=(39.94010551304114,116.228746837464)
2026-06-13T01:06:34.209+08:00  WARN 35828 --- [uav-alarm-engine] [ntainer#0-0-C-1] com.uav.alarm.kafka.TelemetryConsumer    : ALARM: [CRITICAL] 地形碰撞 | 地形碰撞风险 | drone=null | pos=(39.90647664746478,116.4866806931671)
2026-06-13T01:06:34.222+08:00  WARN 35828 --- [uav-alarm-engine] [ntainer#0-0-C-1] com.uav.alarm.kafka.TelemetryConsumer    : ALARM: [CRITICAL] 地形碰撞 | 地形碰撞风险 | drone=null | pos=(39.9022820711353,116.4261539200821)
2026-06-13T01:06:34.234+08:00  WARN 35828 --- [uav-alarm-engine] [ntainer#0-0-C-1] com.uav.alarm.kafka.TelemetryConsumer    : ALARM: [CRITICAL] 地形碰撞 | 地形碰撞风险 | drone=null | pos=(39.943166452317946,116.4334679429331)
2026-06-13T01:06:34.246+08:00  WARN 35828 --- [uav-alarm-engine] [ntainer#0-0-C-1] com.uav.alarm.kafka.TelemetryConsumer    : ALARM: [CRITICAL] 地形碰撞 | 地形碰撞风险 | drone=null | pos=(39.90438234292114,116.41520276106158)
2026-06-13T01:06:34.259+08:00  WARN 35828 --- [uav-alarm-engine] [ntainer#0-0-C-1] com.uav.alarm.kafka.TelemetryConsumer    : ALARM: [CRITICAL] 地形碰撞 | 地形碰撞风险 | drone=null | pos=(40.0136332834116,116.3587590614063)
2026-06-13T01:06:34.271+08:00  WARN 35828 --- [uav-alarm-engine] [ntainer#0-0-C-1] com.uav.alarm.kafka.TelemetryConsumer    : ALARM: [CRITICAL] 地形碰撞 | 地形碰撞风险 | drone=null | pos=(39.76847478691636,116.72002509248875)
2026-06-13T01:06:34.283+08:00  WARN 35828 --- [uav-alarm-engine] [ntainer#0-0-C-1] com.uav.alarm.kafka.TelemetryConsumer    : ALARM: [CRITICAL] 地形碰撞 | 地形碰撞风险 | drone=null | pos=(40.02871351135131,116.61487517867617)
2026-06-13T01:06:34.296+08:00  WARN 35828 --- [uav-alarm-engine] [ntainer#0-0-C-1] com.uav.alarm.kafka.TelemetryConsumer    : ALARM: [CRITICAL] 地形碰撞 | 地形碰撞风险 | drone=null | pos=(39.8874637808479,116.43864639021936)
2026-06-13T01:06:34.307+08:00  WARN 35828 --- [uav-alarm-engine] [ntainer#0-0-C-1] com.uav.alarm.kafka.TelemetryConsumer    : ALARM: [CRITICAL] 地形碰撞 | 地形碰撞风险 | drone=null | pos=(40.0550961624858,116.13441345634216)
2026-06-13T01:06:34.319+08:00  WARN 35828 --- [uav-alarm-engine] [ntainer#0-0-C-1] com.uav.alarm.kafka.TelemetryConsumer    : ALARM: [CRITICAL] 地形碰撞 | 地形碰撞风险 | drone=null | pos=(40.0919891824432,116.3983837032235)
2026-06-13T01:06:34.332+08:00  WARN 35828 --- [uav-alarm-engine] [ntainer#0-0-C-1] com.uav.alarm.kafka.TelemetryConsumer    : ALARM: [CRITICAL] 地形碰撞 | 地形碰撞风险 | drone=null | pos=(40.01051394834307,116.42675620583853)
2026-06-13T01:06:34.344+08:00  WARN 35828 --- [uav-alarm-engine] [ntainer#0-0-C-1] com.uav.alarm.kafka.TelemetryConsumer    : ALARM: [CRITICAL] 地形碰撞 | 地形碰撞风险 | drone=null | pos=(39.841208016489354,116.70917820355272)
2026-06-13T01:06:34.356+08:00  WARN 35828 --- [uav-alarm-engine] [ntainer#0-0-C-1] com.uav.alarm.kafka.TelemetryConsumer    : ALARM: [CRITICAL] 地形碰撞 | 地形碰撞风险 | drone=null | pos=(40.01441720140153,116.66025579499944)
2026-06-13T01:06:34.368+08:00  WARN 35828 --- [uav-alarm-engine] [ntainer#0-0-C-1] com.uav.alarm.kafka.TelemetryConsumer    : ALARM: [CRITICAL] 地形碰撞 | 地形碰撞风险 | drone=null | pos=(39.905350428260164,116.40739739041008)
2026-06-13T01:06:34.381+08:00  WARN 35828 --- [uav-alarm-engine] [ntainer#0-0-C-1] com.uav.alarm.kafka.TelemetryConsumer    : ALARM: [CRITICAL] 地形碰撞 | 地形碰撞风险 | drone=null | pos=(39.77059843851835,116.22657935151749)
2026-06-13T01:06:34.394+08:00  WARN 35828 --- [uav-alarm-engine] [ntainer#0-0-C-1] com.uav.alarm.kafka.TelemetryConsumer    : ALARM: [CRITICAL] 地形碰撞 | 地形碰撞风险 | drone=null | pos=(39.74024390504517,116.28976842179294)
2026-06-13T01:06:34.406+08:00  WARN 35828 --- [uav-alarm-engine] [ntainer#0-0-C-1] com.uav.alarm.kafka.TelemetryConsumer    : ALARM: [CRITICAL] 地形碰撞 | 地形碰撞风险 | drone=null | pos=(39.84800663458494,116.42304310178228)
2026-06-13T01:06:34.417+08:00  WARN 35828 --- [uav-alarm-engine] [ntainer#0-0-C-1] com.uav.alarm.kafka.TelemetryConsumer    : ALARM: [CRITICAL] 地形碰撞 | 地形碰撞风险 | drone=null | pos=(39.90245505022209,116.40728245466666)
2026-06-13T01:06:34.429+08:00  WARN 35828 --- [uav-alarm-engine] [ntainer#0-0-C-1] com.uav.alarm.kafka.TelemetryConsumer    : ALARM: [CRITICAL] 地形碰撞 | 地形碰撞风险 | drone=null | pos=(39.6451282679507,116.41868157151535)
2026-06-13T01:06:34.441+08:00  WARN 35828 --- [uav-alarm-engine] [ntainer#0-0-C-1] com.uav.alarm.kafka.TelemetryConsumer    : ALARM: [CRITICAL] 地形碰撞 | 地形碰撞风险 | drone=null | pos=(39.94103615772707,116.55785773064869)
2026-06-13T01:06:34.453+08:00  WARN 35828 --- [uav-alarm-engine] [ntainer#0-0-C-1] com.uav.alarm.kafka.TelemetryConsumer    : ALARM: [CRITICAL] 地形碰撞 | 地形碰撞风险 | drone=null | pos=(39.739323532182425,116.72112894695357)
2026-06-13T01:06:34.465+08:00  WARN 35828 --- [uav-alarm-engine] [ntainer#0-0-C-1] com.uav.alarm.kafka.TelemetryConsumer    : ALARM: [CRITICAL] 地形碰撞 | 地形碰撞风险 | drone=null | pos=(39.90022306985984,116.42453736191834)
2026-06-13T01:06:34.477+08:00  WARN 35828 --- [uav-alarm-engine] [ntainer#0-0-C-1] com.uav.alarm.kafka.TelemetryConsumer    : ALARM: [CRITICAL] 地形碰撞 | 地形碰撞风险 | drone=null | pos=(39.938154316476954,116.41583084340476)
2026-06-13T01:06:34.490+08:00  WARN 35828 --- [uav-alarm-engine] [ntainer#0-0-C-1] com.uav.alarm.kafka.TelemetryConsumer    : ALARM: [CRITICAL] 地形碰撞 | 地形碰撞风险 | drone=null | pos=(39.56992248099035,116.24084569489122)
2026-06-13T01:06:34.503+08:00  WARN 35828 --- [uav-alarm-engine] [ntainer#0-0-C-1] com.uav.alarm.kafka.TelemetryConsumer    : ALARM: [CRITICAL] 地形碰撞 | 地形碰撞风险 | drone=null | pos=(39.864541152308085,116.3557974508221)
2026-06-13T01:06:34.516+08:00  WARN 35828 --- [uav-alarm-engine] [ntainer#0-0-C-1] com.uav.alarm.kafka.TelemetryConsumer    : ALARM: [CRITICAL] 地形碰撞 | 地形碰撞风险 | drone=null | pos=(39.91657240704166,116.45040149199008)
2026-06-13T01:06:34.528+08:00  WARN 35828 --- [uav-alarm-engine] [ntainer#0-0-C-1] com.uav.alarm.kafka.TelemetryConsumer    : ALARM: [CRITICAL] 地形碰撞 | 地形碰撞风险 | drone=null | pos=(39.84549993757908,116.4711913097676)
2026-06-13T01:06:34.540+08:00  WARN 35828 --- [uav-alarm-engine] [ntainer#0-0-C-1] com.uav.alarm.kafka.TelemetryConsumer    : ALARM: [CRITICAL] 地形碰撞 | 地形碰撞风险 | drone=null | pos=(39.91539141708029,116.44255786521836)
2026-06-13T01:06:34.552+08:00  WARN 35828 --- [uav-alarm-engine] [ntainer#0-0-C-1] com.uav.alarm.kafka.TelemetryConsumer    : ALARM: [CRITICAL] 地形碰撞 | 地形碰撞风险 | drone=null | pos=(39.68509415088648,116.6352410678927)
2026-06-13T01:06:34.565+08:00  WARN 35828 --- [uav-alarm-engine] [ntainer#0-0-C-1] com.uav.alarm.kafka.TelemetryConsumer    : ALARM: [CRITICAL] 地形碰撞 | 地形碰撞风险 | drone=null | pos=(40.2349153409864,116.22459206622433)
2026-06-13T01:06:34.578+08:00  WARN 35828 --- [uav-alarm-engine] [ntainer#0-0-C-1] com.uav.alarm.kafka.TelemetryConsumer    : ALARM: [CRITICAL] 地形碰撞 | 地形碰撞风险 | drone=null | pos=(39.880114382365825,116.38315714432245)
2026-06-13T01:06:34.590+08:00  WARN 35828 --- [uav-alarm-engine] [ntainer#0-0-C-1] com.uav.alarm.kafka.TelemetryConsumer    : ALARM: [CRITICAL] 地形碰撞 | 地形碰撞风险 | drone=null | pos=(39.972252436359895,116.38278478010322)
2026-06-13T01:06:34.604+08:00  WARN 35828 --- [uav-alarm-engine] [ntainer#0-0-C-1] com.uav.alarm.kafka.TelemetryConsumer    : ALARM: [CRITICAL] 地形碰撞 | 地形碰撞风险 | drone=null | pos=(39.84934515341729,116.421337154484)
2026-06-13T01:06:34.618+08:00  WARN 35828 --- [uav-alarm-engine] [ntainer#0-0-C-1] com.uav.alarm.kafka.TelemetryConsumer    : ALARM: [CRITICAL] 地形碰撞 | 地形碰撞风险 | drone=null | pos=(39.857305570745936,116.52744387914723)
2026-06-13T01:06:34.630+08:00  WARN 35828 --- [uav-alarm-engine] [ntainer#0-0-C-1] com.uav.alarm.kafka.TelemetryConsumer    : ALARM: [CRITICAL] 地形碰撞 | 地形碰撞风险 | drone=null | pos=(39.77940468206595,116.34646041169242)
2026-06-13T01:06:34.642+08:00  WARN 35828 --- [uav-alarm-engine] [ntainer#0-0-C-1] com.uav.alarm.kafka.TelemetryConsumer    : ALARM: [CRITICAL] 地形碰撞 | 地形碰撞风险 | drone=null | pos=(39.839388911380105,116.17058535674134)
2026-06-13T01:06:34.657+08:00  WARN 35828 --- [uav-alarm-engine] [ntainer#0-0-C-1] com.uav.alarm.kafka.TelemetryConsumer    : ALARM: [CRITICAL] 地形碰撞 | 地形碰撞风险 | drone=null | pos=(40.118411688853875,116.55776198372335)
2026-06-13T01:06:34.669+08:00  WARN 35828 --- [uav-alarm-engine] [ntainer#0-0-C-1] com.uav.alarm.kafka.TelemetryConsumer    : ALARM: [CRITICAL] 地形碰撞 | 地形碰撞风险 | drone=null | pos=(39.924384102382675,116.58894481078431)
2026-06-13T01:06:34.682+08:00  WARN 35828 --- [uav-alarm-engine] [ntainer#0-0-C-1] com.uav.alarm.kafka.TelemetryConsumer    : ALARM: [CRITICAL] 地形碰撞 | 地形碰撞风险 | drone=null | pos=(39.91994250660623,116.62419582210151)
2026-06-13T01:06:34.696+08:00  WARN 35828 --- [uav-alarm-engine] [ntainer#0-0-C-1] com.uav.alarm.kafka.TelemetryConsumer    : ALARM: [CRITICAL] 地形碰撞 | 地形碰撞风险 | drone=null | pos=(39.72796335366232,116.10981709079654)
2026-06-13T01:06:34.708+08:00  WARN 35828 --- [uav-alarm-engine] [ntainer#0-0-C-1] com.uav.alarm.kafka.TelemetryConsumer    : ALARM: [CRITICAL] 地形碰撞 | 地形碰撞风险 | drone=null | pos=(39.929241818745865,116.6196229687565)
2026-06-13T01:06:34.720+08:00  WARN 35828 --- [uav-alarm-engine] [ntainer#0-0-C-1] com.uav.alarm.kafka.TelemetryConsumer    : ALARM: [CRITICAL] 地形碰撞 | 地形碰撞风险 | drone=null | pos=(39.88495426227908,116.71885999534375)
2026-06-13T01:06:34.733+08:00  WARN 35828 --- [uav-alarm-engine] [ntainer#0-0-C-1] com.uav.alarm.kafka.TelemetryConsumer    : ALARM: [CRITICAL] 地形碰撞 | 地形碰撞风险 | drone=null | pos=(40.176306142317976,116.41012829824567)
2026-06-13T01:06:34.746+08:00  WARN 35828 --- [uav-alarm-engine] [ntainer#0-0-C-1] com.uav.alarm.kafka.TelemetryConsumer    : ALARM: [CRITICAL] 地形碰撞 | 地形碰撞风险 | drone=null | pos=(39.84428834046453,116.00070190535983)
2026-06-13T01:06:34.759+08:00  WARN 35828 --- [uav-alarm-engine] [ntainer#0-0-C-1] com.uav.alarm.kafka.TelemetryConsumer    : ALARM: [CRITICAL] 地形碰撞 | 地形碰撞风险 | drone=null | pos=(39.886904750500136,116.56294308611828)
2026-06-13T01:06:34.772+08:00  WARN 35828 --- [uav-alarm-engine] [ntainer#0-0-C-1] com.uav.alarm.kafka.TelemetryConsumer    : ALARM: [CRITICAL] 地形碰撞 | 地形碰撞风险 | drone=null | pos=(39.76218345850244,116.16179754214201)
2026-06-13T01:06:34.786+08:00  WARN 35828 --- [uav-alarm-engine] [ntainer#0-0-C-1] com.uav.alarm.kafka.TelemetryConsumer    : ALARM: [CRITICAL] 地形碰撞 | 地形碰撞风险 | drone=null | pos=(39.957623645324595,116.35624728094068)
2026-06-13T01:06:34.799+08:00  WARN 35828 --- [uav-alarm-engine] [ntainer#0-0-C-1] com.uav.alarm.kafka.TelemetryConsumer    : ALARM: [CRITICAL] 地形碰撞 | 地形碰撞风险 | drone=null | pos=(39.7512126630843,116.31474282082435)
2026-06-13T01:06:34.811+08:00  WARN 35828 --- [uav-alarm-engine] [ntainer#0-0-C-1] com.uav.alarm.kafka.TelemetryConsumer    : ALARM: [CRITICAL] 地形碰撞 | 地形碰撞风险 | drone=null | pos=(39.90541356821,116.41041825091884)
2026-06-13T01:06:34.824+08:00  WARN 35828 --- [uav-alarm-engine] [ntainer#0-0-C-1] com.uav.alarm.kafka.TelemetryConsumer    : ALARM: [CRITICAL] 地形碰撞 | 地形碰撞风险 | drone=null | pos=(39.94974803709683,116.62069972231559)
2026-06-13T01:06:34.837+08:00  WARN 35828 --- [uav-alarm-engine] [ntainer#0-0-C-1] com.uav.alarm.kafka.TelemetryConsumer    : ALARM: [CRITICAL] 地形碰撞 | 地形碰撞风险 | drone=null | pos=(40.122102651940295,116.30407348676593)
2026-06-13T01:06:34.854+08:00  WARN 35828 --- [uav-alarm-engine] [ntainer#0-0-C-1] com.uav.alarm.kafka.TelemetryConsumer    : ALARM: [CRITICAL] 地形碰撞 | 地形碰撞风险 | drone=null | pos=(40.211198798899844,116.39130598142077)
2026-06-13T01:06:34.865+08:00  WARN 35828 --- [uav-alarm-engine] [ntainer#0-0-C-1] com.uav.alarm.kafka.TelemetryConsumer    : ALARM: [CRITICAL] 地形碰撞 | 地形碰撞风险 | drone=null | pos=(40.042262967272606,116.26336349602963)
2026-06-13T01:06:34.878+08:00  WARN 35828 --- [uav-alarm-engine] [ntainer#0-0-C-1] com.uav.alarm.kafka.TelemetryConsumer    : ALARM: [CRITICAL] 地形碰撞 | 地形碰撞风险 | drone=null | pos=(39.632686684486394,116.3251706920667)
2026-06-13T01:06:34.892+08:00  WARN 35828 --- [uav-alarm-engine] [ntainer#0-0-C-1] com.uav.alarm.kafka.TelemetryConsumer    : ALARM: [CRITICAL] 地形碰撞 | 地形碰撞风险 | drone=null | pos=(39.689951796480344,116.5916755722945)
2026-06-13T01:06:34.906+08:00  WARN 35828 --- [uav-alarm-engine] [ntainer#0-0-C-1] com.uav.alarm.kafka.TelemetryConsumer    : ALARM: [CRITICAL] 地形碰撞 | 地形碰撞风险 | drone=null | pos=(39.9024557954467,116.58711505468816)
2026-06-13T01:06:34.918+08:00  WARN 35828 --- [uav-alarm-engine] [ntainer#0-0-C-1] com.uav.alarm.kafka.TelemetryConsumer    : ALARM: [CRITICAL] 地形碰撞 | 地形碰撞风险 | drone=null | pos=(39.75894385776317,116.33873726797263)
2026-06-13T01:06:34.929+08:00  WARN 35828 --- [uav-alarm-engine] [ntainer#0-0-C-1] com.uav.alarm.kafka.TelemetryConsumer    : ALARM: [CRITICAL] 地形碰撞 | 地形碰撞风险 | drone=null | pos=(40.16081285017905,116.43036467796829)
2026-06-13T01:06:34.942+08:00  WARN 35828 --- [uav-alarm-engine] [ntainer#0-0-C-1] com.uav.alarm.kafka.TelemetryConsumer    : ALARM: [CRITICAL] 地形碰撞 | 地形碰撞风险 | drone=null | pos=(39.91602322369495,116.42745823459865)
2026-06-13T01:06:34.956+08:00  WARN 35828 --- [uav-alarm-engine] [ntainer#0-0-C-1] com.uav.alarm.kafka.TelemetryConsumer    : ALARM: [CRITICAL] 地形碰撞 | 地形碰撞风险 | drone=null | pos=(39.71473847555081,116.23722747880855)
2026-06-13T01:06:34.970+08:00  WARN 35828 --- [uav-alarm-engine] [ntainer#0-0-C-1] com.uav.alarm.kafka.TelemetryConsumer    : ALARM: [CRITICAL] 地形碰撞 | 地形碰撞风险 | drone=null | pos=(39.92365081419141,116.35757077176655)
2026-06-13T01:06:34.981+08:00  WARN 35828 --- [uav-alarm-engine] [ntainer#0-0-C-1] com.uav.alarm.kafka.TelemetryConsumer    : ALARM: [CRITICAL] 地形碰撞 | 地形碰撞风险 | drone=null | pos=(39.89851809743294,116.42939147518435)
2026-06-13T01:06:34.995+08:00  WARN 35828 --- [uav-alarm-engine] [ntainer#0-0-C-1] com.uav.alarm.kafka.TelemetryConsumer    : ALARM: [CRITICAL] 地形碰撞 | 地形碰撞风险 | drone=null | pos=(40.0925895401045,116.1851266638147)
2026-06-13T01:06:35.007+08:00  WARN 35828 --- [uav-alarm-engine] [ntainer#0-0-C-1] com.uav.alarm.kafka.TelemetryConsumer    : ALARM: [CRITICAL] 地形碰撞 | 地形碰撞风险 | drone=null | pos=(39.82239057569471,116.52804730605907)
2026-06-13T01:06:35.019+08:00  WARN 35828 --- [uav-alarm-engine] [ntainer#0-0-C-1] com.uav.alarm.kafka.TelemetryConsumer    : ALARM: [CRITICAL] 地形碰撞 | 地形碰撞风险 | drone=null | pos=(39.89845811256495,116.42571969121518)
2026-06-13T01:06:35.031+08:00  WARN 35828 --- [uav-alarm-engine] [ntainer#0-0-C-1] com.uav.alarm.kafka.TelemetryConsumer    : ALARM: [CRITICAL] 地形碰撞 | 地形碰撞风险 | drone=null | pos=(39.91912491721484,116.42186817990465)
2026-06-13T01:06:35.043+08:00  WARN 35828 --- [uav-alarm-engine] [ntainer#0-0-C-1] com.uav.alarm.kafka.TelemetryConsumer    : ALARM: [CRITICAL] 地形碰撞 | 地形碰撞风险 | drone=null | pos=(39.6134514531322,116.46722438941597)
2026-06-13T01:06:35.055+08:00  WARN 35828 --- [uav-alarm-engine] [ntainer#0-0-C-1] com.uav.alarm.kafka.TelemetryConsumer    : ALARM: [CRITICAL] 地形碰撞 | 地形碰撞风险 | drone=null | pos=(39.898472342881476,116.42758125377091)
2026-06-13T01:06:35.067+08:00  WARN 35828 --- [uav-alarm-engine] [ntainer#0-0-C-1] com.uav.alarm.kafka.TelemetryConsumer    : ALARM: [CRITICAL] 地形碰撞 | 地形碰撞风险 | drone=null | pos=(39.908256788237054,116.54213416434969)
2026-06-13T01:06:35.079+08:00  WARN 35828 --- [uav-alarm-engine] [ntainer#0-0-C-1] com.uav.alarm.kafka.TelemetryConsumer    : ALARM: [CRITICAL] 地形碰撞 | 地形碰撞风险 | drone=null | pos=(39.894192191110086,116.33456049304712)
2026-06-13T01:06:35.091+08:00  WARN 35828 --- [uav-alarm-engine] [ntainer#0-0-C-1] com.uav.alarm.kafka.TelemetryConsumer    : ALARM: [CRITICAL] 地形碰撞 | 地形碰撞风险 | drone=null | pos=(40.144365707036975,116.50541973084059)
2026-06-13T01:06:35.103+08:00  WARN 35828 --- [uav-alarm-engine] [ntainer#0-0-C-1] com.uav.alarm.kafka.TelemetryConsumer    : ALARM: [CRITICAL] 地形碰撞 | 地形碰撞风险 | drone=null | pos=(39.712185023598664,116.35613726069542)
2026-06-13T01:06:35.116+08:00  WARN 35828 --- [uav-alarm-engine] [ntainer#0-0-C-1] com.uav.alarm.kafka.TelemetryConsumer    : ALARM: [CRITICAL] 地形碰撞 | 地形碰撞风险 | drone=null | pos=(40.16704703133067,116.45895520532866)
2026-06-13T01:06:35.129+08:00  WARN 35828 --- [uav-alarm-engine] [ntainer#0-0-C-1] com.uav.alarm.kafka.TelemetryConsumer    : ALARM: [CRITICAL] 地形碰撞 | 地形碰撞风险 | drone=null | pos=(39.68896975085479,116.72812785137089)
2026-06-13T01:06:35.142+08:00  WARN 35828 --- [uav-alarm-engine] [ntainer#0-0-C-1] com.uav.alarm.kafka.TelemetryConsumer    : ALARM: [CRITICAL] 地形碰撞 | 地形碰撞风险 | drone=null | pos=(39.90702972008773,116.8043409464809)
2026-06-13T01:06:35.155+08:00  WARN 35828 --- [uav-alarm-engine] [ntainer#0-0-C-1] com.uav.alarm.kafka.TelemetryConsumer    : ALARM: [CRITICAL] 地形碰撞 | 地形碰撞风险 | drone=null | pos=(40.019787974129144,116.41496711913453)
2026-06-13T01:06:35.167+08:00  WARN 35828 --- [uav-alarm-engine] [ntainer#0-0-C-1] com.uav.alarm.kafka.TelemetryConsumer    : ALARM: [CRITICAL] 地形碰撞 | 地形碰撞风险 | drone=null | pos=(39.76560929690898,115.98510550132595)
2026-06-13T01:06:35.180+08:00  WARN 35828 --- [uav-alarm-engine] [ntainer#0-0-C-1] com.uav.alarm.kafka.TelemetryConsumer    : ALARM: [CRITICAL] 地形碰撞 | 地形碰撞风险 | drone=null | pos=(40.04104712035762,116.44976559320313)
2026-06-13T01:06:35.192+08:00  WARN 35828 --- [uav-alarm-engine] [ntainer#0-0-C-1] com.uav.alarm.kafka.TelemetryConsumer    : ALARM: [CRITICAL] 地形碰撞 | 地形碰撞风险 | drone=null | pos=(39.90574125083019,116.37271593176608)
2026-06-13T01:06:35.205+08:00  WARN 35828 --- [uav-alarm-engine] [ntainer#0-0-C-1] com.uav.alarm.kafka.TelemetryConsumer    : ALARM: [CRITICAL] 地形碰撞 | 地形碰撞风险 | drone=null | pos=(39.652186626176764,116.37704660768014)
2026-06-13T01:06:35.216+08:00  WARN 35828 --- [uav-alarm-engine] [ntainer#0-0-C-1] com.uav.alarm.kafka.TelemetryConsumer    : ALARM: [CRITICAL] 地形碰撞 | 地形碰撞风险 | drone=null | pos=(39.84231839096375,116.17625230021817)
2026-06-13T01:06:35.229+08:00  WARN 35828 --- [uav-alarm-engine] [ntainer#0-0-C-1] com.uav.alarm.kafka.TelemetryConsumer    : ALARM: [CRITICAL] 地形碰撞 | 地形碰撞风险 | drone=null | pos=(39.72992412211783,116.70946237466228)
2026-06-13T01:06:35.242+08:00  WARN 35828 --- [uav-alarm-engine] [ntainer#0-0-C-1] com.uav.alarm.kafka.TelemetryConsumer    : ALARM: [CRITICAL] 地形碰撞 | 地形碰撞风险 | drone=null | pos=(40.08201435518653,116.43470024788411)
2026-06-13T01:06:35.255+08:00  WARN 35828 --- [uav-alarm-engine] [ntainer#0-0-C-1] com.uav.alarm.kafka.TelemetryConsumer    : ALARM: [CRITICAL] 地形碰撞 | 地形碰撞风险 | drone=null | pos=(39.635323905925674,116.51665531577449)
2026-06-13T01:06:35.267+08:00  WARN 35828 --- [uav-alarm-engine] [ntainer#0-0-C-1] com.uav.alarm.kafka.TelemetryConsumer    : ALARM: [CRITICAL] 地形碰撞 | 地形碰撞风险 | drone=null | pos=(39.9567031828182,116.34733342421275)
2026-06-13T01:06:35.279+08:00  WARN 35828 --- [uav-alarm-engine] [ntainer#0-0-C-1] com.uav.alarm.kafka.TelemetryConsumer    : ALARM: [CRITICAL] 地形碰撞 | 地形碰撞风险 | drone=null | pos=(40.112090267805385,116.3849103749726)
2026-06-13T01:06:35.290+08:00  WARN 35828 --- [uav-alarm-engine] [ntainer#0-0-C-1] com.uav.alarm.kafka.TelemetryConsumer    : ALARM: [CRITICAL] 地形碰撞 | 地形碰撞风险 | drone=null | pos=(40.025740606288615,116.52860172421232)
2026-06-13T01:06:35.302+08:00  WARN 35828 --- [uav-alarm-engine] [ntainer#0-0-C-1] com.uav.alarm.kafka.TelemetryConsumer    : ALARM: [CRITICAL] 地形碰撞 | 地形碰撞风险 | drone=null | pos=(40.13093987438996,116.596164977524)
2026-06-13T01:06:35.315+08:00  WARN 35828 --- [uav-alarm-engine] [ntainer#0-0-C-1] com.uav.alarm.kafka.TelemetryConsumer    : ALARM: [CRITICAL] 地形碰撞 | 地形碰撞风险 | drone=null | pos=(40.21389853175956,116.21126700703738)
2026-06-13T01:06:35.327+08:00  WARN 35828 --- [uav-alarm-engine] [ntainer#0-0-C-1] com.uav.alarm.kafka.TelemetryConsumer    : ALARM: [CRITICAL] 地形碰撞 | 地形碰撞风险 | drone=null | pos=(39.937450054977454,116.3765955158595)
2026-06-13T01:06:35.340+08:00  WARN 35828 --- [uav-alarm-engine] [ntainer#0-0-C-1] com.uav.alarm.kafka.TelemetryConsumer    : ALARM: [CRITICAL] 地形碰撞 | 地形碰撞风险 | drone=null | pos=(39.721473422494654,116.19792598285743)
2026-06-13T01:06:35.352+08:00  WARN 35828 --- [uav-alarm-engine] [ntainer#0-0-C-1] com.uav.alarm.kafka.TelemetryConsumer    : ALARM: [CRITICAL] 地形碰撞 | 地形碰撞风险 | drone=null | pos=(40.03810034468325,116.33316273044959)
2026-06-13T01:06:35.364+08:00  WARN 35828 --- [uav-alarm-engine] [ntainer#0-0-C-1] com.uav.alarm.kafka.TelemetryConsumer    : ALARM: [CRITICAL] 地形碰撞 | 地形碰撞风险 | drone=null | pos=(39.678953531622405,116.33180661688135)
2026-06-13T01:06:35.376+08:00  WARN 35828 --- [uav-alarm-engine] [ntainer#0-0-C-1] com.uav.alarm.kafka.TelemetryConsumer    : ALARM: [CRITICAL] 地形碰撞 | 地形碰撞风险 | drone=null | pos=(40.001873610398455,116.23053316244122)
2026-06-13T01:06:35.389+08:00  WARN 35828 --- [uav-alarm-engine] [ntainer#0-0-C-1] com.uav.alarm.kafka.TelemetryConsumer    : ALARM: [CRITICAL] 地形碰撞 | 地形碰撞风险 | drone=null | pos=(39.814802416274944,116.764557895022)
2026-06-13T01:06:35.402+08:00  WARN 35828 --- [uav-alarm-engine] [ntainer#0-0-C-1] com.uav.alarm.kafka.TelemetryConsumer    : ALARM: [CRITICAL] 地形碰撞 | 地形碰撞风险 | drone=null | pos=(39.90651929369531,116.2977568782606)
2026-06-13T01:06:35.414+08:00  WARN 35828 --- [uav-alarm-engine] [ntainer#0-0-C-1] com.uav.alarm.kafka.TelemetryConsumer    : ALARM: [CRITICAL] 地形碰撞 | 地形碰撞风险 | drone=null | pos=(39.86140523481541,116.4263461760545)
2026-06-13T01:06:35.425+08:00  WARN 35828 --- [uav-alarm-engine] [ntainer#0-0-C-1] com.uav.alarm.kafka.TelemetryConsumer    : ALARM: [CRITICAL] 地形碰撞 | 地形碰撞风险 | drone=null | pos=(39.902798359447,116.36429254265279)
2026-06-13T01:06:35.437+08:00  WARN 35828 --- [uav-alarm-engine] [ntainer#0-0-C-1] com.uav.alarm.kafka.TelemetryConsumer    : ALARM: [CRITICAL] 地形碰撞 | 地形碰撞风险 | drone=null | pos=(39.905804625868555,116.43336089561308)
2026-06-13T01:06:35.454+08:00  WARN 35828 --- [uav-alarm-engine] [ntainer#0-0-C-1] com.uav.alarm.kafka.TelemetryConsumer    : ALARM: [CRITICAL] 地形碰撞 | 地形碰撞风险 | drone=null | pos=(39.73147512653101,116.22400793503006)
2026-06-13T01:06:35.462+08:00  WARN 35828 --- [uav-alarm-engine] [ntainer#0-0-C-1] com.uav.alarm.kafka.TelemetryConsumer    : ALARM: [CRITICAL] 地形碰撞 | 地形碰撞风险 | drone=null | pos=(39.899832576171924,116.33033851588591)
2026-06-13T01:06:35.474+08:00  WARN 35828 --- [uav-alarm-engine] [ntainer#0-0-C-1] com.uav.alarm.kafka.TelemetryConsumer    : ALARM: [CRITICAL] 地形碰撞 | 地形碰撞风险 | drone=null | pos=(39.803967258018105,116.46495754604913)
2026-06-13T01:06:35.486+08:00  WARN 35828 --- [uav-alarm-engine] [ntainer#0-0-C-1] com.uav.alarm.kafka.TelemetryConsumer    : ALARM: [CRITICAL] 地形碰撞 | 地形碰撞风险 | drone=null | pos=(39.683882618147535,116.2357474189348)
2026-06-13T01:06:35.497+08:00  WARN 35828 --- [uav-alarm-engine] [ntainer#0-0-C-1] com.uav.alarm.kafka.TelemetryConsumer    : ALARM: [CRITICAL] 地形碰撞 | 地形碰撞风险 | drone=null | pos=(40.02258617086391,116.55214628973289)
2026-06-13T01:06:35.510+08:00  WARN 35828 --- [uav-alarm-engine] [ntainer#0-0-C-1] com.uav.alarm.kafka.TelemetryConsumer    : ALARM: [CRITICAL] 地形碰撞 | 地形碰撞风险 | drone=null | pos=(39.843804561845516,116.50032541775637)
2026-06-13T01:06:35.522+08:00  WARN 35828 --- [uav-alarm-engine] [ntainer#0-0-C-1] com.uav.alarm.kafka.TelemetryConsumer    : ALARM: [CRITICAL] 地形碰撞 | 地形碰撞风险 | drone=null | pos=(39.84577456521717,116.29323084265083)
2026-06-13T01:06:35.534+08:00  WARN 35828 --- [uav-alarm-engine] [ntainer#0-0-C-1] com.uav.alarm.kafka.TelemetryConsumer    : ALARM: [CRITICAL] 地形碰撞 | 地形碰撞风险 | drone=null | pos=(39.66210649697621,116.45470373153432)
2026-06-13T01:06:35.547+08:00  WARN 35828 --- [uav-alarm-engine] [ntainer#0-0-C-1] com.uav.alarm.kafka.TelemetryConsumer    : ALARM: [CRITICAL] 地形碰撞 | 地形碰撞风险 | drone=null | pos=(39.83507036867767,116.66726319147413)
2026-06-13T01:06:35.558+08:00  WARN 35828 --- [uav-alarm-engine] [ntainer#0-0-C-1] com.uav.alarm.kafka.TelemetryConsumer    : ALARM: [CRITICAL] 地形碰撞 | 地形碰撞风险 | drone=null | pos=(39.844985929906166,116.86929743027906)
2026-06-13T01:06:35.570+08:00  WARN 35828 --- [uav-alarm-engine] [ntainer#0-0-C-1] com.uav.alarm.kafka.TelemetryConsumer    : ALARM: [CRITICAL] 地形碰撞 | 地形碰撞风险 | drone=null | pos=(39.82735360796987,116.08133284154522)
2026-06-13T01:06:35.582+08:00  WARN 35828 --- [uav-alarm-engine] [ntainer#0-0-C-1] com.uav.alarm.kafka.TelemetryConsumer    : ALARM: [CRITICAL] 地形碰撞 | 地形碰撞风险 | drone=null | pos=(39.81997078416518,116.32816057372015)
2026-06-13T01:06:35.594+08:00  WARN 35828 --- [uav-alarm-engine] [ntainer#0-0-C-1] com.uav.alarm.kafka.TelemetryConsumer    : ALARM: [CRITICAL] 地形碰撞 | 地形碰撞风险 | drone=null | pos=(39.88795316731452,116.12545337075052)
2026-06-13T01:06:35.607+08:00  WARN 35828 --- [uav-alarm-engine] [ntainer#0-0-C-1] com.uav.alarm.kafka.TelemetryConsumer    : ALARM: [CRITICAL] 地形碰撞 | 地形碰撞风险 | drone=null | pos=(39.975359955773754,116.23906583325196)
2026-06-13T01:06:35.619+08:00  WARN 35828 --- [uav-alarm-engine] [ntainer#0-0-C-1] com.uav.alarm.kafka.TelemetryConsumer    : ALARM: [CRITICAL] 地形碰撞 | 地形碰撞风险 | drone=null | pos=(39.98918289765839,116.0169404554897)
2026-06-13T01:06:35.631+08:00  WARN 35828 --- [uav-alarm-engine] [ntainer#0-0-C-1] com.uav.alarm.kafka.TelemetryConsumer    : ALARM: [CRITICAL] 地形碰撞 | 地形碰撞风险 | drone=null | pos=(40.03211492358088,116.5657473635208)
2026-06-13T01:06:35.643+08:00  WARN 35828 --- [uav-alarm-engine] [ntainer#0-0-C-1] com.uav.alarm.kafka.TelemetryConsumer    : ALARM: [CRITICAL] 地形碰撞 | 地形碰撞风险 | drone=null | pos=(39.90429735986206,116.4161024654886)
2026-06-13T01:06:35.655+08:00  WARN 35828 --- [uav-alarm-engine] [ntainer#0-0-C-1] com.uav.alarm.kafka.TelemetryConsumer    : ALARM: [CRITICAL] 地形碰撞 | 地形碰撞风险 | drone=null | pos=(39.9504476624843,116.43012048651057)
2026-06-13T01:06:35.667+08:00  WARN 35828 --- [uav-alarm-engine] [ntainer#0-0-C-1] com.uav.alarm.kafka.TelemetryConsumer    : ALARM: [CRITICAL] 地形碰撞 | 地形碰撞风险 | drone=null | pos=(40.18052113002529,116.38747159942108)
2026-06-13T01:06:35.679+08:00  WARN 35828 --- [uav-alarm-engine] [ntainer#0-0-C-1] com.uav.alarm.kafka.TelemetryConsumer    : ALARM: [CRITICAL] 地形碰撞 | 地形碰撞风险 | drone=null | pos=(40.20542422737698,116.4334539350678)
2026-06-13T01:06:35.693+08:00  WARN 35828 --- [uav-alarm-engine] [ntainer#0-0-C-1] com.uav.alarm.kafka.TelemetryConsumer    : ALARM: [CRITICAL] 地形碰撞 | 地形碰撞风险 | drone=null | pos=(39.93099360986886,116.42702000926342)
2026-06-13T01:06:35.705+08:00  WARN 35828 --- [uav-alarm-engine] [ntainer#0-0-C-1] com.uav.alarm.kafka.TelemetryConsumer    : ALARM: [CRITICAL] 地形碰撞 | 地形碰撞风险 | drone=null | pos=(40.000934677954724,116.74193031395536)
2026-06-13T01:06:35.716+08:00  WARN 35828 --- [uav-alarm-engine] [ntainer#0-0-C-1] com.uav.alarm.kafka.TelemetryConsumer    : ALARM: [CRITICAL] 地形碰撞 | 地形碰撞风险 | drone=null | pos=(39.97249012777424,116.58604072027858)
2026-06-13T01:06:35.729+08:00  WARN 35828 --- [uav-alarm-engine] [ntainer#0-0-C-1] com.uav.alarm.kafka.TelemetryConsumer    : ALARM: [CRITICAL] 地形碰撞 | 地形碰撞风险 | drone=null | pos=(39.61219084078275,116.40295947911696)
2026-06-13T01:06:35.741+08:00  WARN 35828 --- [uav-alarm-engine] [ntainer#0-0-C-1] com.uav.alarm.kafka.TelemetryConsumer    : ALARM: [CRITICAL] 地形碰撞 | 地形碰撞风险 | drone=null | pos=(39.85267762163432,116.25203784978167)
2026-06-13T01:06:35.752+08:00  WARN 35828 --- [uav-alarm-engine] [ntainer#0-0-C-1] com.uav.alarm.kafka.TelemetryConsumer    : ALARM: [CRITICAL] 地形碰撞 | 地形碰撞风险 | drone=null | pos=(39.96844324907707,116.5056026554485)
2026-06-13T01:06:35.764+08:00  WARN 35828 --- [uav-alarm-engine] [ntainer#0-0-C-1] com.uav.alarm.kafka.TelemetryConsumer    : ALARM: [CRITICAL] 地形碰撞 | 地形碰撞风险 | drone=null | pos=(40.19009403486578,116.58700274281733)
2026-06-13T01:06:35.777+08:00  WARN 35828 --- [uav-alarm-engine] [ntainer#0-0-C-1] com.uav.alarm.kafka.TelemetryConsumer    : ALARM: [CRITICAL] 地形碰撞 | 地形碰撞风险 | drone=null | pos=(39.91175788021564,116.17505100953622)
2026-06-13T01:06:35.790+08:00  WARN 35828 --- [uav-alarm-engine] [ntainer#0-0-C-1] com.uav.alarm.kafka.TelemetryConsumer    : ALARM: [CRITICAL] 地形碰撞 | 地形碰撞风险 | drone=null | pos=(40.17719901773666,116.65141313064758)
2026-06-13T01:06:35.802+08:00  WARN 35828 --- [uav-alarm-engine] [ntainer#0-0-C-1] com.uav.alarm.kafka.TelemetryConsumer    : ALARM: [CRITICAL] 地形碰撞 | 地形碰撞风险 | drone=null | pos=(39.92192303956306,116.42361678202263)
2026-06-13T01:06:35.814+08:00  WARN 35828 --- [uav-alarm-engine] [ntainer#0-0-C-1] com.uav.alarm.kafka.TelemetryConsumer    : ALARM: [CRITICAL] 地形碰撞 | 地形碰撞风险 | drone=null | pos=(40.001021973990284,116.24885996594445)
2026-06-13T01:06:35.826+08:00  WARN 35828 --- [uav-alarm-engine] [ntainer#0-0-C-1] com.uav.alarm.kafka.TelemetryConsumer    : ALARM: [CRITICAL] 地形碰撞 | 地形碰撞风险 | drone=null | pos=(40.10383580391225,116.62977238627039)
2026-06-13T01:06:35.839+08:00  WARN 35828 --- [uav-alarm-engine] [ntainer#0-0-C-1] com.uav.alarm.kafka.TelemetryConsumer    : ALARM: [CRITICAL] 地形碰撞 | 地形碰撞风险 | drone=null | pos=(39.904256734078466,116.40144441857704)
2026-06-13T01:06:35.850+08:00  WARN 35828 --- [uav-alarm-engine] [ntainer#0-0-C-1] com.uav.alarm.kafka.TelemetryConsumer    : ALARM: [CRITICAL] 地形碰撞 | 地形碰撞风险 | drone=null | pos=(39.95362035558306,116.3528783717835)
2026-06-13T01:06:35.864+08:00  WARN 35828 --- [uav-alarm-engine] [ntainer#0-0-C-1] com.uav.alarm.kafka.TelemetryConsumer    : ALARM: [CRITICAL] 地形碰撞 | 地形碰撞风险 | drone=null | pos=(39.81303226310672,116.5086661721729)
2026-06-13T01:06:35.876+08:00  WARN 35828 --- [uav-alarm-engine] [ntainer#0-0-C-1] com.uav.alarm.kafka.TelemetryConsumer    : ALARM: [CRITICAL] 地形碰撞 | 地形碰撞风险 | drone=null | pos=(39.89952064479649,116.2646757014512)
2026-06-13T01:06:35.888+08:00  WARN 35828 --- [uav-alarm-engine] [ntainer#0-0-C-1] com.uav.alarm.kafka.TelemetryConsumer    : ALARM: [CRITICAL] 地形碰撞 | 地形碰撞风险 | drone=null | pos=(39.77900873386861,116.50666220662602)
2026-06-13T01:06:35.901+08:00  WARN 35828 --- [uav-alarm-engine] [ntainer#0-0-C-1] com.uav.alarm.kafka.TelemetryConsumer    : ALARM: [CRITICAL] 地形碰撞 | 地形碰撞风险 | drone=null | pos=(39.82936850151904,116.8059287853888)
2026-06-13T01:06:35.913+08:00  WARN 35828 --- [uav-alarm-engine] [ntainer#0-0-C-1] com.uav.alarm.kafka.TelemetryConsumer    : ALARM: [CRITICAL] 地形碰撞 | 地形碰撞风险 | drone=null | pos=(39.834558032560615,116.77487368638342)
2026-06-13T01:06:35.924+08:00  WARN 35828 --- [uav-alarm-engine] [ntainer#0-0-C-1] com.uav.alarm.kafka.TelemetryConsumer    : ALARM: [CRITICAL] 地形碰撞 | 地形碰撞风险 | drone=null | pos=(39.89411882071939,116.39803446966495)
2026-06-13T01:06:35.937+08:00  WARN 35828 --- [uav-alarm-engine] [ntainer#0-0-C-1] com.uav.alarm.kafka.TelemetryConsumer    : ALARM: [CRITICAL] 地形碰撞 | 地形碰撞风险 | drone=null | pos=(40.1818481841565,116.3006869950019)
2026-06-13T01:06:35.949+08:00  WARN 35828 --- [uav-alarm-engine] [ntainer#0-0-C-1] com.uav.alarm.kafka.TelemetryConsumer    : ALARM: [CRITICAL] 地形碰撞 | 地形碰撞风险 | drone=null | pos=(39.64049252114531,116.08794696780429)
2026-06-13T01:06:35.961+08:00  WARN 35828 --- [uav-alarm-engine] [ntainer#0-0-C-1] com.uav.alarm.kafka.TelemetryConsumer    : ALARM: [CRITICAL] 地形碰撞 | 地形碰撞风险 | drone=null | pos=(39.93176824337075,116.39336486222554)
2026-06-13T01:06:35.974+08:00  WARN 35828 --- [uav-alarm-engine] [ntainer#0-0-C-1] com.uav.alarm.kafka.TelemetryConsumer    : ALARM: [CRITICAL] 地形碰撞 | 地形碰撞风险 | drone=null | pos=(40.09821597414142,116.58198546421583)
2026-06-13T01:06:35.987+08:00  WARN 35828 --- [uav-alarm-engine] [ntainer#0-0-C-1] com.uav.alarm.kafka.TelemetryConsumer    : ALARM: [CRITICAL] 地形碰撞 | 地形碰撞风险 | drone=null | pos=(40.14764939570967,116.12046988095102)
2026-06-13T01:06:35.999+08:00  WARN 35828 --- [uav-alarm-engine] [ntainer#0-0-C-1] com.uav.alarm.kafka.TelemetryConsumer    : ALARM: [CRITICAL] 地形碰撞 | 地形碰撞风险 | drone=null | pos=(39.632320950809024,116.4202115286872)
2026-06-13T01:06:36.011+08:00  WARN 35828 --- [uav-alarm-engine] [ntainer#0-0-C-1] com.uav.alarm.kafka.TelemetryConsumer    : ALARM: [CRITICAL] 地形碰撞 | 地形碰撞风险 | drone=null | pos=(39.91878104660493,116.55483223010913)
2026-06-13T01:06:36.024+08:00  WARN 35828 --- [uav-alarm-engine] [ntainer#0-0-C-1] com.uav.alarm.kafka.TelemetryConsumer    : ALARM: [CRITICAL] 地形碰撞 | 地形碰撞风险 | drone=null | pos=(39.91101120768374,116.44601231267224)
2026-06-13T01:06:36.036+08:00  WARN 35828 --- [uav-alarm-engine] [ntainer#0-0-C-1] com.uav.alarm.kafka.TelemetryConsumer    : ALARM: [CRITICAL] 地形碰撞 | 地形碰撞风险 | drone=null | pos=(39.875969370502304,116.31039672210376)
2026-06-13T01:06:36.048+08:00  WARN 35828 --- [uav-alarm-engine] [ntainer#0-0-C-1] com.uav.alarm.kafka.TelemetryConsumer    : ALARM: [CRITICAL] 地形碰撞 | 地形碰撞风险 | drone=null | pos=(40.03877897960998,116.19008019156738)
2026-06-13T01:06:36.060+08:00  WARN 35828 --- [uav-alarm-engine] [ntainer#0-0-C-1] com.uav.alarm.kafka.TelemetryConsumer    : ALARM: [CRITICAL] 地形碰撞 | 地形碰撞风险 | drone=null | pos=(39.67525705571367,116.60565619031124)
2026-06-13T01:06:36.072+08:00  WARN 35828 --- [uav-alarm-engine] [ntainer#0-0-C-1] com.uav.alarm.kafka.TelemetryConsumer    : ALARM: [CRITICAL] 地形碰撞 | 地形碰撞风险 | drone=null | pos=(39.85877144214448,116.59532346279131)
2026-06-13T01:06:36.084+08:00  WARN 35828 --- [uav-alarm-engine] [ntainer#0-0-C-1] com.uav.alarm.kafka.TelemetryConsumer    : ALARM: [CRITICAL] 地形碰撞 | 地形碰撞风险 | drone=null | pos=(39.973249364381786,116.36042484391703)
2026-06-13T01:06:36.097+08:00  WARN 35828 --- [uav-alarm-engine] [ntainer#0-0-C-1] com.uav.alarm.kafka.TelemetryConsumer    : ALARM: [CRITICAL] 地形碰撞 | 地形碰撞风险 | drone=null | pos=(39.958127586103664,116.32497593396327)
2026-06-13T01:06:36.110+08:00  WARN 35828 --- [uav-alarm-engine] [ntainer#0-0-C-1] com.uav.alarm.kafka.TelemetryConsumer    : ALARM: [CRITICAL] 地形碰撞 | 地形碰撞风险 | drone=null | pos=(39.890841261008454,116.32416741754459)
2026-06-13T01:06:36.122+08:00  WARN 35828 --- [uav-alarm-engine] [ntainer#0-0-C-1] com.uav.alarm.kafka.TelemetryConsumer    : ALARM: [CRITICAL] 地形碰撞 | 地形碰撞风险 | drone=null | pos=(39.79443259426847,116.53420714092013)
2026-06-13T01:06:36.134+08:00  WARN 35828 --- [uav-alarm-engine] [ntainer#0-0-C-1] com.uav.alarm.kafka.TelemetryConsumer    : ALARM: [CRITICAL] 地形碰撞 | 地形碰撞风险 | drone=null | pos=(40.01904970174965,116.04169035730352)
2026-06-13T01:06:36.146+08:00  WARN 35828 --- [uav-alarm-engine] [ntainer#0-0-C-1] com.uav.alarm.kafka.TelemetryConsumer    : ALARM: [CRITICAL] 地形碰撞 | 地形碰撞风险 | drone=null | pos=(39.60102743164731,116.43036076596428)
2026-06-13T01:06:36.159+08:00  WARN 35828 --- [uav-alarm-engine] [ntainer#0-0-C-1] com.uav.alarm.kafka.TelemetryConsumer    : ALARM: [CRITICAL] 地形碰撞 | 地形碰撞风险 | drone=null | pos=(40.08305165657378,116.23417703817422)
2026-06-13T01:06:36.170+08:00  WARN 35828 --- [uav-alarm-engine] [ntainer#0-0-C-1] com.uav.alarm.kafka.TelemetryConsumer    : ALARM: [CRITICAL] 地形碰撞 | 地形碰撞风险 | drone=null | pos=(39.824772201885544,116.25801288397665)
2026-06-13T01:06:36.183+08:00  WARN 35828 --- [uav-alarm-engine] [ntainer#0-0-C-1] com.uav.alarm.kafka.TelemetryConsumer    : ALARM: [CRITICAL] 地形碰撞 | 地形碰撞风险 | drone=null | pos=(40.017645690746285,116.70629304449167)
2026-06-13T01:06:36.195+08:00  WARN 35828 --- [uav-alarm-engine] [ntainer#0-0-C-1] com.uav.alarm.kafka.TelemetryConsumer    : ALARM: [CRITICAL] 地形碰撞 | 地形碰撞风险 | drone=null | pos=(39.94841828868625,116.30746398330264)
2026-06-13T01:06:36.207+08:00  WARN 35828 --- [uav-alarm-engine] [ntainer#0-0-C-1] com.uav.alarm.kafka.TelemetryConsumer    : ALARM: [CRITICAL] 地形碰撞 | 地形碰撞风险 | drone=null | pos=(39.99070353039432,116.7221882732171)
2026-06-13T01:06:36.220+08:00  WARN 35828 --- [uav-alarm-engine] [ntainer#0-0-C-1] com.uav.alarm.kafka.TelemetryConsumer    : ALARM: [CRITICAL] 地形碰撞 | 地形碰撞风险 | drone=null | pos=(39.74928156015849,116.40839036914765)
2026-06-13T01:06:36.231+08:00  WARN 35828 --- [uav-alarm-engine] [ntainer#0-0-C-1] com.uav.alarm.kafka.TelemetryConsumer    : ALARM: [CRITICAL] 地形碰撞 | 地形碰撞风险 | drone=null | pos=(39.687096556381725,116.72804850647289)
2026-06-13T01:06:36.244+08:00  WARN 35828 --- [uav-alarm-engine] [ntainer#0-0-C-1] com.uav.alarm.kafka.TelemetryConsumer    : ALARM: [CRITICAL] 地形碰撞 | 地形碰撞风险 | drone=null | pos=(39.82645294754329,116.76928160581994)
2026-06-13T01:06:36.256+08:00  WARN 35828 --- [uav-alarm-engine] [ntainer#0-0-C-1] com.uav.alarm.kafka.TelemetryConsumer    : ALARM: [CRITICAL] 地形碰撞 | 地形碰撞风险 | drone=null | pos=(40.05183688417674,116.16129407743223)
2026-06-13T01:06:36.268+08:00  WARN 35828 --- [uav-alarm-engine] [ntainer#0-0-C-1] com.uav.alarm.kafka.TelemetryConsumer    : ALARM: [CRITICAL] 地形碰撞 | 地形碰撞风险 | drone=null | pos=(39.682939212506554,116.49209357689263)
2026-06-13T01:06:36.281+08:00  WARN 35828 --- [uav-alarm-engine] [ntainer#0-0-C-1] com.uav.alarm.kafka.TelemetryConsumer    : ALARM: [CRITICAL] 地形碰撞 | 地形碰撞风险 | drone=null | pos=(39.87039639624593,116.36139030396437)
2026-06-13T01:06:36.293+08:00  WARN 35828 --- [uav-alarm-engine] [ntainer#0-0-C-1] com.uav.alarm.kafka.TelemetryConsumer    : ALARM: [CRITICAL] 地形碰撞 | 地形碰撞风险 | drone=null | pos=(40.090471162077584,116.11230750478096)
2026-06-13T01:06:36.305+08:00  WARN 35828 --- [uav-alarm-engine] [ntainer#0-0-C-1] com.uav.alarm.kafka.TelemetryConsumer    : ALARM: [CRITICAL] 地形碰撞 | 地形碰撞风险 | drone=null | pos=(39.9566400628704,116.14385662102083)
2026-06-13T01:06:36.318+08:00  WARN 35828 --- [uav-alarm-engine] [ntainer#0-0-C-1] com.uav.alarm.kafka.TelemetryConsumer    : ALARM: [CRITICAL] 地形碰撞 | 地形碰撞风险 | drone=null | pos=(39.73843054849249,116.33265909513871)
2026-06-13T01:06:36.332+08:00  WARN 35828 --- [uav-alarm-engine] [ntainer#0-0-C-1] com.uav.alarm.kafka.TelemetryConsumer    : ALARM: [CRITICAL] 地形碰撞 | 地形碰撞风险 | drone=null | pos=(39.75549993228456,116.61708505073427)
2026-06-13T01:06:36.343+08:00  WARN 35828 --- [uav-alarm-engine] [ntainer#0-0-C-1] com.uav.alarm.kafka.TelemetryConsumer    : ALARM: [CRITICAL] 地形碰撞 | 地形碰撞风险 | drone=null | pos=(39.90732932935839,116.7417373807412)
2026-06-13T01:06:36.355+08:00  WARN 35828 --- [uav-alarm-engine] [ntainer#0-0-C-1] com.uav.alarm.kafka.TelemetryConsumer    : ALARM: [CRITICAL] 地形碰撞 | 地形碰撞风险 | drone=null | pos=(40.076880370330706,116.02780981831836)
2026-06-13T01:06:36.368+08:00  WARN 35828 --- [uav-alarm-engine] [ntainer#0-0-C-1] com.uav.alarm.kafka.TelemetryConsumer    : ALARM: [CRITICAL] 地形碰撞 | 地形碰撞风险 | drone=null | pos=(40.11433269452351,116.54349334303383)
2026-06-13T01:06:36.379+08:00  WARN 35828 --- [uav-alarm-engine] [ntainer#0-0-C-1] com.uav.alarm.kafka.TelemetryConsumer    : ALARM: [CRITICAL] 地形碰撞 | 地形碰撞风险 | drone=null | pos=(39.64060983021632,116.48551148320077)
2026-06-13T01:06:36.392+08:00  WARN 35828 --- [uav-alarm-engine] [ntainer#0-0-C-1] com.uav.alarm.kafka.TelemetryConsumer    : ALARM: [CRITICAL] 地形碰撞 | 地形碰撞风险 | drone=null | pos=(39.6704957646492,116.06664752843436)
2026-06-13T01:06:36.404+08:00  WARN 35828 --- [uav-alarm-engine] [ntainer#0-0-C-1] com.uav.alarm.kafka.TelemetryConsumer    : ALARM: [CRITICAL] 地形碰撞 | 地形碰撞风险 | drone=null | pos=(39.7015116891674,116.23117334021414)
2026-06-13T01:06:36.416+08:00  WARN 35828 --- [uav-alarm-engine] [ntainer#0-0-C-1] com.uav.alarm.kafka.TelemetryConsumer    : ALARM: [CRITICAL] 地形碰撞 | 地形碰撞风险 | drone=null | pos=(39.947284640589274,116.42248534341317)
2026-06-13T01:06:36.429+08:00  WARN 35828 --- [uav-alarm-engine] [ntainer#0-0-C-1] com.uav.alarm.kafka.TelemetryConsumer    : ALARM: [CRITICAL] 地形碰撞 | 地形碰撞风险 | drone=null | pos=(39.83326021159958,116.44212975669844)
2026-06-13T01:06:36.441+08:00  WARN 35828 --- [uav-alarm-engine] [ntainer#0-0-C-1] com.uav.alarm.kafka.TelemetryConsumer    : ALARM: [CRITICAL] 地形碰撞 | 地形碰撞风险 | drone=null | pos=(39.88106119114634,116.66570412212475)
2026-06-13T01:06:36.453+08:00  WARN 35828 --- [uav-alarm-engine] [ntainer#0-0-C-1] com.uav.alarm.kafka.TelemetryConsumer    : ALARM: [CRITICAL] 地形碰撞 | 地形碰撞风险 | drone=null | pos=(40.130558194651464,116.41279045933773)
2026-06-13T01:06:36.465+08:00  WARN 35828 --- [uav-alarm-engine] [ntainer#0-0-C-1] com.uav.alarm.kafka.TelemetryConsumer    : ALARM: [CRITICAL] 地形碰撞 | 地形碰撞风险 | drone=null | pos=(39.86254831762683,116.44830709857636)
2026-06-13T01:06:36.478+08:00  WARN 35828 --- [uav-alarm-engine] [ntainer#0-0-C-1] com.uav.alarm.kafka.TelemetryConsumer    : ALARM: [CRITICAL] 地形碰撞 | 地形碰撞风险 | drone=null | pos=(39.7940758590621,116.32602025530288)
2026-06-13T01:06:36.490+08:00  WARN 35828 --- [uav-alarm-engine] [ntainer#0-0-C-1] com.uav.alarm.kafka.TelemetryConsumer    : ALARM: [CRITICAL] 地形碰撞 | 地形碰撞风险 | drone=null | pos=(39.99876346645491,116.62057458106747)
2026-06-13T01:06:36.502+08:00  WARN 35828 --- [uav-alarm-engine] [ntainer#0-0-C-1] com.uav.alarm.kafka.TelemetryConsumer    : ALARM: [CRITICAL] 地形碰撞 | 地形碰撞风险 | drone=null | pos=(39.901766118238626,116.71151924297627)
2026-06-13T01:06:36.513+08:00  WARN 35828 --- [uav-alarm-engine] [ntainer#0-0-C-1] com.uav.alarm.kafka.TelemetryConsumer    : ALARM: [CRITICAL] 地形碰撞 | 地形碰撞风险 | drone=null | pos=(40.00618324788203,116.40982203249963)
2026-06-13T01:06:36.525+08:00  WARN 35828 --- [uav-alarm-engine] [ntainer#0-0-C-1] com.uav.alarm.kafka.TelemetryConsumer    : ALARM: [CRITICAL] 地形碰撞 | 地形碰撞风险 | drone=null | pos=(39.96378453040093,116.4088171092347)
2026-06-13T01:06:36.538+08:00  WARN 35828 --- [uav-alarm-engine] [ntainer#0-0-C-1] com.uav.alarm.kafka.TelemetryConsumer    : ALARM: [CRITICAL] 地形碰撞 | 地形碰撞风险 | drone=null | pos=(39.75734416255864,116.31041646275145)
2026-06-13T01:06:36.551+08:00  WARN 35828 --- [uav-alarm-engine] [ntainer#0-0-C-1] com.uav.alarm.kafka.TelemetryConsumer    : ALARM: [CRITICAL] 地形碰撞 | 地形碰撞风险 | drone=null | pos=(40.02126643335283,116.22181253186523)
2026-06-13T01:06:36.564+08:00  WARN 35828 --- [uav-alarm-engine] [ntainer#0-0-C-1] com.uav.alarm.kafka.TelemetryConsumer    : ALARM: [CRITICAL] 地形碰撞 | 地形碰撞风险 | drone=null | pos=(39.76901623439947,116.21819350742462)
2026-06-13T01:06:36.576+08:00  WARN 35828 --- [uav-alarm-engine] [ntainer#0-0-C-1] com.uav.alarm.kafka.TelemetryConsumer    : ALARM: [CRITICAL] 地形碰撞 | 地形碰撞风险 | drone=null | pos=(39.920355380475264,116.493800166644)
2026-06-13T01:06:36.588+08:00  WARN 35828 --- [uav-alarm-engine] [ntainer#0-0-C-1] com.uav.alarm.kafka.TelemetryConsumer    : ALARM: [CRITICAL] 地形碰撞 | 地形碰撞风险 | drone=null | pos=(39.5932303018585,116.35160711511531)
2026-06-13T01:06:36.599+08:00  WARN 35828 --- [uav-alarm-engine] [ntainer#0-0-C-1] com.uav.alarm.kafka.TelemetryConsumer    : ALARM: [CRITICAL] 地形碰撞 | 地形碰撞风险 | drone=null | pos=(39.93622730021693,115.94941483963747)
2026-06-13T01:06:36.612+08:00  WARN 35828 --- [uav-alarm-engine] [ntainer#0-0-C-1] com.uav.alarm.kafka.TelemetryConsumer    : ALARM: [CRITICAL] 地形碰撞 | 地形碰撞风险 | drone=null | pos=(40.115260586648944,116.17888253940212)
2026-06-13T01:06:36.624+08:00  WARN 35828 --- [uav-alarm-engine] [ntainer#0-0-C-1] com.uav.alarm.kafka.TelemetryConsumer    : ALARM: [CRITICAL] 地形碰撞 | 地形碰撞风险 | drone=null | pos=(40.03488838072678,116.63745007892521)
2026-06-13T01:06:36.637+08:00  WARN 35828 --- [uav-alarm-engine] [ntainer#0-0-C-1] com.uav.alarm.kafka.TelemetryConsumer    : ALARM: [CRITICAL] 地形碰撞 | 地形碰撞风险 | drone=null | pos=(39.786156051624445,116.21218665978589)
2026-06-13T01:06:36.649+08:00  WARN 35828 --- [uav-alarm-engine] [ntainer#0-0-C-1] com.uav.alarm.kafka.TelemetryConsumer    : ALARM: [CRITICAL] 地形碰撞 | 地形碰撞风险 | drone=null | pos=(39.80607022411019,116.60796010069073)
2026-06-13T01:06:36.662+08:00  WARN 35828 --- [uav-alarm-engine] [ntainer#0-0-C-1] com.uav.alarm.kafka.TelemetryConsumer    : ALARM: [CRITICAL] 地形碰撞 | 地形碰撞风险 | drone=null | pos=(39.89684131773616,116.7495909804924)
2026-06-13T01:06:36.674+08:00  WARN 35828 --- [uav-alarm-engine] [ntainer#0-0-C-1] com.uav.alarm.kafka.TelemetryConsumer    : ALARM: [CRITICAL] 地形碰撞 | 地形碰撞风险 | drone=null | pos=(39.79347335139667,116.51994031518453)
2026-06-13T01:06:36.688+08:00  WARN 35828 --- [uav-alarm-engine] [ntainer#0-0-C-1] com.uav.alarm.kafka.TelemetryConsumer    : ALARM: [CRITICAL] 地形碰撞 | 地形碰撞风险 | drone=null | pos=(39.7491473122874,116.45293800645135)
2026-06-13T01:06:36.699+08:00  WARN 35828 --- [uav-alarm-engine] [ntainer#0-0-C-1] com.uav.alarm.kafka.TelemetryConsumer    : ALARM: [CRITICAL] 地形碰撞 | 地形碰撞风险 | drone=null | pos=(39.90020630491823,116.40311314405045)
2026-06-13T01:06:36.712+08:00  WARN 35828 --- [uav-alarm-engine] [ntainer#0-0-C-1] com.uav.alarm.kafka.TelemetryConsumer    : ALARM: [CRITICAL] 地形碰撞 | 地形碰撞风险 | drone=null | pos=(39.69308981464088,116.47815964911862)
2026-06-13T01:06:36.724+08:00  WARN 35828 --- [uav-alarm-engine] [ntainer#0-0-C-1] com.uav.alarm.kafka.TelemetryConsumer    : ALARM: [CRITICAL] 地形碰撞 | 地形碰撞风险 | drone=null | pos=(39.90640682997421,116.43571564178143)
2026-06-13T01:06:36.736+08:00  WARN 35828 --- [uav-alarm-engine] [ntainer#0-0-C-1] com.uav.alarm.kafka.TelemetryConsumer    : ALARM: [CRITICAL] 地形碰撞 | 地形碰撞风险 | drone=null | pos=(39.79808984086217,116.74059343397852)
2026-06-13T01:06:36.748+08:00  WARN 35828 --- [uav-alarm-engine] [ntainer#0-0-C-1] com.uav.alarm.kafka.TelemetryConsumer    : ALARM: [CRITICAL] 地形碰撞 | 地形碰撞风险 | drone=null | pos=(39.857408027001874,115.97653355109753)
2026-06-13T01:06:36.760+08:00  WARN 35828 --- [uav-alarm-engine] [ntainer#0-0-C-1] com.uav.alarm.kafka.TelemetryConsumer    : ALARM: [CRITICAL] 地形碰撞 | 地形碰撞风险 | drone=null | pos=(39.92404925125318,116.43396528773654)
2026-06-13T01:06:36.773+08:00  WARN 35828 --- [uav-alarm-engine] [ntainer#0-0-C-1] com.uav.alarm.kafka.TelemetryConsumer    : ALARM: [CRITICAL] 地形碰撞 | 地形碰撞风险 | drone=null | pos=(40.13470222262255,116.2420388225375)
2026-06-13T01:06:36.785+08:00  WARN 35828 --- [uav-alarm-engine] [ntainer#0-0-C-1] com.uav.alarm.kafka.TelemetryConsumer    : ALARM: [CRITICAL] 地形碰撞 | 地形碰撞风险 | drone=null | pos=(39.60777261764924,116.51357224272692)
2026-06-13T01:06:36.797+08:00  WARN 35828 --- [uav-alarm-engine] [ntainer#0-0-C-1] com.uav.alarm.kafka.TelemetryConsumer    : ALARM: [CRITICAL] 地形碰撞 | 地形碰撞风险 | drone=null | pos=(39.9575165672711,116.36532248800359)
2026-06-13T01:06:36.809+08:00  WARN 35828 --- [uav-alarm-engine] [ntainer#0-0-C-1] com.uav.alarm.kafka.TelemetryConsumer    : ALARM: [CRITICAL] 地形碰撞 | 地形碰撞风险 | drone=null | pos=(39.940690437130854,116.16270686455195)
2026-06-13T01:06:36.821+08:00  WARN 35828 --- [uav-alarm-engine] [ntainer#0-0-C-1] com.uav.alarm.kafka.TelemetryConsumer    : ALARM: [CRITICAL] 地形碰撞 | 地形碰撞风险 | drone=null | pos=(39.9999653917792,116.65372667000676)
2026-06-13T01:06:36.835+08:00  WARN 35828 --- [uav-alarm-engine] [ntainer#0-0-C-1] com.uav.alarm.kafka.TelemetryConsumer    : ALARM: [CRITICAL] 地形碰撞 | 地形碰撞风险 | drone=null | pos=(39.703620566539364,116.3237649567518)
2026-06-13T01:06:36.846+08:00  WARN 35828 --- [uav-alarm-engine] [ntainer#0-0-C-1] com.uav.alarm.kafka.TelemetryConsumer    : ALARM: [CRITICAL] 地形碰撞 | 地形碰撞风险 | drone=null | pos=(39.57882965856274,116.50027159580084)
2026-06-13T01:06:36.859+08:00  WARN 35828 --- [uav-alarm-engine] [ntainer#0-0-C-1] com.uav.alarm.kafka.TelemetryConsumer    : ALARM: [CRITICAL] 地形碰撞 | 地形碰撞风险 | drone=null | pos=(39.91150725481384,116.41365772415202)
2026-06-13T01:06:36.871+08:00  WARN 35828 --- [uav-alarm-engine] [ntainer#0-0-C-1] com.uav.alarm.kafka.TelemetryConsumer    : ALARM: [CRITICAL] 地形碰撞 | 地形碰撞风险 | drone=null | pos=(40.09465116066593,116.61318533586812)
2026-06-13T01:06:36.883+08:00  WARN 35828 --- [uav-alarm-engine] [ntainer#0-0-C-1] com.uav.alarm.kafka.TelemetryConsumer    : ALARM: [CRITICAL] 地形碰撞 | 地形碰撞风险 | drone=null | pos=(39.980264628841915,116.32268876822968)
2026-06-13T01:06:36.895+08:00  WARN 35828 --- [uav-alarm-engine] [ntainer#0-0-C-1] com.uav.alarm.kafka.TelemetryConsumer    : ALARM: [CRITICAL] 地形碰撞 | 地形碰撞风险 | drone=null | pos=(39.839715823494146,116.5289584192196)
2026-06-13T01:06:36.907+08:00  WARN 35828 --- [uav-alarm-engine] [ntainer#0-0-C-1] com.uav.alarm.kafka.TelemetryConsumer    : ALARM: [CRITICAL] 地形碰撞 | 地形碰撞风险 | drone=null | pos=(39.79229382079709,116.3432638957394)
2026-06-13T01:06:36.920+08:00  WARN 35828 --- [uav-alarm-engine] [ntainer#0-0-C-1] com.uav.alarm.kafka.TelemetryConsumer    : ALARM: [CRITICAL] 地形碰撞 | 地形碰撞风险 | drone=null | pos=(39.655682785728054,116.71718966543357)
2026-06-13T01:06:36.932+08:00  WARN 35828 --- [uav-alarm-engine] [ntainer#0-0-C-1] com.uav.alarm.kafka.TelemetryConsumer    : ALARM: [CRITICAL] 地形碰撞 | 地形碰撞风险 | drone=null | pos=(39.991704834633744,116.40083951757515)
2026-06-13T01:06:36.944+08:00  WARN 35828 --- [uav-alarm-engine] [ntainer#0-0-C-1] com.uav.alarm.kafka.TelemetryConsumer    : ALARM: [CRITICAL] 地形碰撞 | 地形碰撞风险 | drone=null | pos=(39.92974806977123,116.49429758518909)
2026-06-13T01:06:36.956+08:00  WARN 35828 --- [uav-alarm-engine] [ntainer#0-0-C-1] com.uav.alarm.kafka.TelemetryConsumer    : ALARM: [CRITICAL] 地形碰撞 | 地形碰撞风险 | drone=null | pos=(40.19435784396569,116.51813106864508)
2026-06-13T01:06:36.969+08:00  WARN 35828 --- [uav-alarm-engine] [ntainer#0-0-C-1] com.uav.alarm.kafka.TelemetryConsumer    : ALARM: [CRITICAL] 地形碰撞 | 地形碰撞风险 | drone=null | pos=(39.87544400246981,116.47028379339191)
2026-06-13T01:06:36.981+08:00  WARN 35828 --- [uav-alarm-engine] [ntainer#0-0-C-1] com.uav.alarm.kafka.TelemetryConsumer    : ALARM: [CRITICAL] 地形碰撞 | 地形碰撞风险 | drone=null | pos=(39.70428365655025,116.43641997847877)
2026-06-13T01:06:36.993+08:00  WARN 35828 --- [uav-alarm-engine] [ntainer#0-0-C-1] com.uav.alarm.kafka.TelemetryConsumer    : ALARM: [CRITICAL] 地形碰撞 | 地形碰撞风险 | drone=null | pos=(39.56250865548386,116.43387307830582)
2026-06-13T01:06:37.004+08:00  WARN 35828 --- [uav-alarm-engine] [ntainer#0-0-C-1] com.uav.alarm.kafka.TelemetryConsumer    : ALARM: [CRITICAL] 地形碰撞 | 地形碰撞风险 | drone=null | pos=(39.87034285396353,116.5678858053366)
2026-06-13T01:06:37.016+08:00  WARN 35828 --- [uav-alarm-engine] [ntainer#0-0-C-1] com.uav.alarm.kafka.TelemetryConsumer    : ALARM: [CRITICAL] 地形碰撞 | 地形碰撞风险 | drone=null | pos=(40.05127823846866,116.37687580606098)
2026-06-13T01:06:37.029+08:00  WARN 35828 --- [uav-alarm-engine] [ntainer#0-0-C-1] com.uav.alarm.kafka.TelemetryConsumer    : ALARM: [CRITICAL] 地形碰撞 | 地形碰撞风险 | drone=null | pos=(39.88727729688401,116.26774871131447)
2026-06-13T01:06:37.041+08:00  WARN 35828 --- [uav-alarm-engine] [ntainer#0-0-C-1] com.uav.alarm.kafka.TelemetryConsumer    : ALARM: [CRITICAL] 地形碰撞 | 地形碰撞风险 | drone=null | pos=(40.08367203141369,116.74616800795181)
2026-06-13T01:06:37.053+08:00  WARN 35828 --- [uav-alarm-engine] [ntainer#0-0-C-1] com.uav.alarm.kafka.TelemetryConsumer    : ALARM: [CRITICAL] 地形碰撞 | 地形碰撞风险 | drone=null | pos=(39.961400614059635,116.70948131759503)
2026-06-13T01:06:37.065+08:00  WARN 35828 --- [uav-alarm-engine] [ntainer#0-0-C-1] com.uav.alarm.kafka.TelemetryConsumer    : ALARM: [CRITICAL] 地形碰撞 | 地形碰撞风险 | drone=null | pos=(39.73164995205477,116.60977890388574)
2026-06-13T01:06:37.077+08:00  WARN 35828 --- [uav-alarm-engine] [ntainer#0-0-C-1] com.uav.alarm.kafka.TelemetryConsumer    : ALARM: [CRITICAL] 地形碰撞 | 地形碰撞风险 | drone=null | pos=(39.87372514004373,116.38536997758362)
2026-06-13T01:06:37.089+08:00  WARN 35828 --- [uav-alarm-engine] [ntainer#0-0-C-1] com.uav.alarm.kafka.TelemetryConsumer    : ALARM: [CRITICAL] 地形碰撞 | 地形碰撞风险 | drone=null | pos=(40.08794161323371,116.16311496724438)
2026-06-13T01:06:37.101+08:00  WARN 35828 --- [uav-alarm-engine] [ntainer#0-0-C-1] com.uav.alarm.kafka.TelemetryConsumer    : ALARM: [CRITICAL] 地形碰撞 | 地形碰撞风险 | drone=null | pos=(39.63175791423486,116.32946259968072)
2026-06-13T01:06:37.113+08:00  WARN 35828 --- [uav-alarm-engine] [ntainer#0-0-C-1] com.uav.alarm.kafka.TelemetryConsumer    : ALARM: [CRITICAL] 地形碰撞 | 地形碰撞风险 | drone=null | pos=(40.15976163714716,116.10381121312726)
2026-06-13T01:06:37.125+08:00  WARN 35828 --- [uav-alarm-engine] [ntainer#0-0-C-1] com.uav.alarm.kafka.TelemetryConsumer    : ALARM: [CRITICAL] 地形碰撞 | 地形碰撞风险 | drone=null | pos=(40.109399316342795,116.47754079767648)
2026-06-13T01:06:37.138+08:00  WARN 35828 --- [uav-alarm-engine] [ntainer#0-0-C-1] com.uav.alarm.kafka.TelemetryConsumer    : ALARM: [CRITICAL] 地形碰撞 | 地形碰撞风险 | drone=null | pos=(39.81609464896301,116.53840943812189)
2026-06-13T01:06:37.150+08:00  WARN 35828 --- [uav-alarm-engine] [ntainer#0-0-C-1] com.uav.alarm.kafka.TelemetryConsumer    : ALARM: [CRITICAL] 地形碰撞 | 地形碰撞风险 | drone=null | pos=(39.90650752200268,116.41387655625067)
2026-06-13T01:06:37.161+08:00  WARN 35828 --- [uav-alarm-engine] [ntainer#0-0-C-1] com.uav.alarm.kafka.TelemetryConsumer    : ALARM: [CRITICAL] 地形碰撞 | 地形碰撞风险 | drone=null | pos=(39.95869390409581,116.14770684664231)
2026-06-13T01:06:37.173+08:00  WARN 35828 --- [uav-alarm-engine] [ntainer#0-0-C-1] com.uav.alarm.kafka.TelemetryConsumer    : ALARM: [CRITICAL] 地形碰撞 | 地形碰撞风险 | drone=null | pos=(39.78359893352335,116.30023459605493)
2026-06-13T01:06:37.186+08:00  WARN 35828 --- [uav-alarm-engine] [ntainer#0-0-C-1] com.uav.alarm.kafka.TelemetryConsumer    : ALARM: [CRITICAL] 地形碰撞 | 地形碰撞风险 | drone=null | pos=(39.89999542954774,116.41801274597795)
2026-06-13T01:06:37.197+08:00  WARN 35828 --- [uav-alarm-engine] [ntainer#0-0-C-1] com.uav.alarm.kafka.TelemetryConsumer    : ALARM: [CRITICAL] 地形碰撞 | 地形碰撞风险 | drone=null | pos=(39.92205904884017,116.4690841724885)
2026-06-13T01:06:37.209+08:00  WARN 35828 --- [uav-alarm-engine] [ntainer#0-0-C-1] com.uav.alarm.kafka.TelemetryConsumer    : ALARM: [CRITICAL] 地形碰撞 | 地形碰撞风险 | drone=null | pos=(39.82051693231223,116.77276904033747)
2026-06-13T01:06:37.222+08:00  WARN 35828 --- [uav-alarm-engine] [ntainer#0-0-C-1] com.uav.alarm.kafka.TelemetryConsumer    : ALARM: [CRITICAL] 地形碰撞 | 地形碰撞风险 | drone=null | pos=(39.60292244889166,116.52168338183354)
2026-06-13T01:06:37.234+08:00  WARN 35828 --- [uav-alarm-engine] [ntainer#0-0-C-1] com.uav.alarm.kafka.TelemetryConsumer    : ALARM: [CRITICAL] 地形碰撞 | 地形碰撞风险 | drone=null | pos=(39.84535538441284,116.41618788132142)
2026-06-13T01:06:37.246+08:00  WARN 35828 --- [uav-alarm-engine] [ntainer#0-0-C-1] com.uav.alarm.kafka.TelemetryConsumer    : ALARM: [CRITICAL] 地形碰撞 | 地形碰撞风险 | drone=null | pos=(39.91521302418127,116.57146524884335)
2026-06-13T01:06:37.259+08:00  WARN 35828 --- [uav-alarm-engine] [ntainer#0-0-C-1] com.uav.alarm.kafka.TelemetryConsumer    : ALARM: [CRITICAL] 地形碰撞 | 地形碰撞风险 | drone=null | pos=(40.078785695459125,116.39862561779697)
2026-06-13T01:06:37.272+08:00  WARN 35828 --- [uav-alarm-engine] [ntainer#0-0-C-1] com.uav.alarm.kafka.TelemetryConsumer    : ALARM: [CRITICAL] 地形碰撞 | 地形碰撞风险 | drone=null | pos=(39.791212563840816,116.16759868415843)
2026-06-13T01:06:37.284+08:00  WARN 35828 --- [uav-alarm-engine] [ntainer#0-0-C-1] com.uav.alarm.kafka.TelemetryConsumer    : ALARM: [CRITICAL] 地形碰撞 | 地形碰撞风险 | drone=null | pos=(39.892890733083995,116.42629919742153)
2026-06-13T01:06:37.296+08:00  WARN 35828 --- [uav-alarm-engine] [ntainer#0-0-C-1] com.uav.alarm.kafka.TelemetryConsumer    : ALARM: [CRITICAL] 地形碰撞 | 地形碰撞风险 | drone=null | pos=(39.84878835591051,116.42220972959166)
2026-06-13T01:06:37.309+08:00  WARN 35828 --- [uav-alarm-engine] [ntainer#0-0-C-1] com.uav.alarm.kafka.TelemetryConsumer    : ALARM: [CRITICAL] 地形碰撞 | 地形碰撞风险 | drone=null | pos=(39.89862877189688,116.40257270220458)
2026-06-13T01:06:37.320+08:00  WARN 35828 --- [uav-alarm-engine] [ntainer#0-0-C-1] com.uav.alarm.kafka.TelemetryConsumer    : ALARM: [CRITICAL] 地形碰撞 | 地形碰撞风险 | drone=null | pos=(39.96954840043546,116.60994874828498)
2026-06-13T01:06:37.333+08:00  WARN 35828 --- [uav-alarm-engine] [ntainer#0-0-C-1] com.uav.alarm.kafka.TelemetryConsumer    : ALARM: [CRITICAL] 地形碰撞 | 地形碰撞风险 | drone=null | pos=(39.79963472715933,116.52045483623719)
2026-06-13T01:06:37.345+08:00  WARN 35828 --- [uav-alarm-engine] [ntainer#0-0-C-1] com.uav.alarm.kafka.TelemetryConsumer    : ALARM: [CRITICAL] 地形碰撞 | 地形碰撞风险 | drone=null | pos=(39.852214592148,116.34613901647967)
2026-06-13T01:06:37.358+08:00  WARN 35828 --- [uav-alarm-engine] [ntainer#0-0-C-1] com.uav.alarm.kafka.TelemetryConsumer    : ALARM: [CRITICAL] 地形碰撞 | 地形碰撞风险 | drone=null | pos=(39.894657394765176,116.46749441220773)
2026-06-13T01:06:37.371+08:00  WARN 35828 --- [uav-alarm-engine] [ntainer#0-0-C-1] com.uav.alarm.kafka.TelemetryConsumer    : ALARM: [CRITICAL] 地形碰撞 | 地形碰撞风险 | drone=null | pos=(39.88514484904634,116.37796725049522)
2026-06-13T01:06:37.383+08:00  WARN 35828 --- [uav-alarm-engine] [ntainer#0-0-C-1] com.uav.alarm.kafka.TelemetryConsumer    : ALARM: [CRITICAL] 地形碰撞 | 地形碰撞风险 | drone=null | pos=(39.88636976406771,116.41863533763282)
2026-06-13T01:06:37.395+08:00  WARN 35828 --- [uav-alarm-engine] [ntainer#0-0-C-1] com.uav.alarm.kafka.TelemetryConsumer    : ALARM: [CRITICAL] 地形碰撞 | 地形碰撞风险 | drone=null | pos=(39.904223943644354,116.40743401220469)
2026-06-13T01:06:37.407+08:00  WARN 35828 --- [uav-alarm-engine] [ntainer#0-0-C-1] com.uav.alarm.kafka.TelemetryConsumer    : ALARM: [CRITICAL] 地形碰撞 | 地形碰撞风险 | drone=null | pos=(39.93850457847686,116.2405542017399)
2026-06-13T01:06:37.419+08:00  WARN 35828 --- [uav-alarm-engine] [ntainer#0-0-C-1] com.uav.alarm.kafka.TelemetryConsumer    : ALARM: [CRITICAL] 地形碰撞 | 地形碰撞风险 | drone=null | pos=(39.899140248678755,116.42792682587391)
2026-06-13T01:06:37.431+08:00  WARN 35828 --- [uav-alarm-engine] [ntainer#0-0-C-1] com.uav.alarm.kafka.TelemetryConsumer    : ALARM: [CRITICAL] 地形碰撞 | 地形碰撞风险 | drone=null | pos=(39.86865773141813,116.4371914623941)
2026-06-13T01:06:37.444+08:00  WARN 35828 --- [uav-alarm-engine] [ntainer#0-0-C-1] com.uav.alarm.kafka.TelemetryConsumer    : ALARM: [CRITICAL] 地形碰撞 | 地形碰撞风险 | drone=null | pos=(40.2101078589325,116.39637126013166)
2026-06-13T01:06:37.457+08:00  WARN 35828 --- [uav-alarm-engine] [ntainer#0-0-C-1] com.uav.alarm.kafka.TelemetryConsumer    : ALARM: [CRITICAL] 地形碰撞 | 地形碰撞风险 | drone=null | pos=(39.747536411536906,116.17204901718088)
2026-06-13T01:06:37.469+08:00  WARN 35828 --- [uav-alarm-engine] [ntainer#0-0-C-1] com.uav.alarm.kafka.TelemetryConsumer    : ALARM: [CRITICAL] 地形碰撞 | 地形碰撞风险 | drone=null | pos=(39.79010574765633,116.28159023426703)
2026-06-13T01:06:37.481+08:00  WARN 35828 --- [uav-alarm-engine] [ntainer#0-0-C-1] com.uav.alarm.kafka.TelemetryConsumer    : ALARM: [CRITICAL] 地形碰撞 | 地形碰撞风险 | drone=null | pos=(39.917656636332,116.32750468383078)
2026-06-13T01:06:37.494+08:00  WARN 35828 --- [uav-alarm-engine] [ntainer#0-0-C-1] com.uav.alarm.kafka.TelemetryConsumer    : ALARM: [CRITICAL] 地形碰撞 | 地形碰撞风险 | drone=null | pos=(39.85311437658008,116.07719834788546)
2026-06-13T01:06:37.506+08:00  WARN 35828 --- [uav-alarm-engine] [ntainer#0-0-C-1] com.uav.alarm.kafka.TelemetryConsumer    : ALARM: [CRITICAL] 地形碰撞 | 地形碰撞风险 | drone=null | pos=(39.978946779269435,116.02183060014485)
2026-06-13T01:06:37.517+08:00  WARN 35828 --- [uav-alarm-engine] [ntainer#0-0-C-1] com.uav.alarm.kafka.TelemetryConsumer    : ALARM: [CRITICAL] 地形碰撞 | 地形碰撞风险 | drone=null | pos=(39.83436232501112,116.72418847632106)
2026-06-13T01:06:37.530+08:00  WARN 35828 --- [uav-alarm-engine] [ntainer#0-0-C-1] com.uav.alarm.kafka.TelemetryConsumer    : ALARM: [CRITICAL] 地形碰撞 | 地形碰撞风险 | drone=null | pos=(40.02732446046124,116.50879951034842)
2026-06-13T01:06:37.542+08:00  WARN 35828 --- [uav-alarm-engine] [ntainer#0-0-C-1] com.uav.alarm.kafka.TelemetryConsumer    : ALARM: [CRITICAL] 地形碰撞 | 地形碰撞风险 | drone=null | pos=(39.88129928477683,116.56126101416118)
2026-06-13T01:06:37.554+08:00  WARN 35828 --- [uav-alarm-engine] [ntainer#0-0-C-1] com.uav.alarm.kafka.TelemetryConsumer    : ALARM: [CRITICAL] 地形碰撞 | 地形碰撞风险 | drone=null | pos=(40.145542395796305,116.72673288588678)
2026-06-13T01:06:37.566+08:00  WARN 35828 --- [uav-alarm-engine] [ntainer#0-0-C-1] com.uav.alarm.kafka.TelemetryConsumer    : ALARM: [CRITICAL] 地形碰撞 | 地形碰撞风险 | drone=null | pos=(39.90373038789378,116.40564061123449)
2026-06-13T01:06:37.579+08:00  WARN 35828 --- [uav-alarm-engine] [ntainer#0-0-C-1] com.uav.alarm.kafka.TelemetryConsumer    : ALARM: [CRITICAL] 地形碰撞 | 地形碰撞风险 | drone=null | pos=(39.89200523996719,116.4193329532437)
2026-06-13T01:06:37.591+08:00  WARN 35828 --- [uav-alarm-engine] [ntainer#0-0-C-1] com.uav.alarm.kafka.TelemetryConsumer    : ALARM: [CRITICAL] 地形碰撞 | 地形碰撞风险 | drone=null | pos=(39.85955043969345,116.63934493940316)
2026-06-13T01:06:37.604+08:00  WARN 35828 --- [uav-alarm-engine] [ntainer#0-0-C-1] com.uav.alarm.kafka.TelemetryConsumer    : ALARM: [CRITICAL] 地形碰撞 | 地形碰撞风险 | drone=null | pos=(39.94879328323966,116.3410721290721)
2026-06-13T01:06:37.616+08:00  WARN 35828 --- [uav-alarm-engine] [ntainer#0-0-C-1] com.uav.alarm.kafka.TelemetryConsumer    : ALARM: [CRITICAL] 地形碰撞 | 地形碰撞风险 | drone=null | pos=(39.74656510943632,116.5887111952207)
2026-06-13T01:06:37.628+08:00  WARN 35828 --- [uav-alarm-engine] [ntainer#0-0-C-1] com.uav.alarm.kafka.TelemetryConsumer    : ALARM: [CRITICAL] 地形碰撞 | 地形碰撞风险 | drone=null | pos=(40.05186740293631,116.03379611698155)
2026-06-13T01:06:37.640+08:00  WARN 35828 --- [uav-alarm-engine] [ntainer#0-0-C-1] com.uav.alarm.kafka.TelemetryConsumer    : ALARM: [CRITICAL] 地形碰撞 | 地形碰撞风险 | drone=null | pos=(39.889199287394,116.42761117948285)
2026-06-13T01:06:37.653+08:00  WARN 35828 --- [uav-alarm-engine] [ntainer#0-0-C-1] com.uav.alarm.kafka.TelemetryConsumer    : ALARM: [CRITICAL] 地形碰撞 | 地形碰撞风险 | drone=null | pos=(39.82217777367721,116.56593299014654)
2026-06-13T01:06:37.665+08:00  WARN 35828 --- [uav-alarm-engine] [ntainer#0-0-C-1] com.uav.alarm.kafka.TelemetryConsumer    : ALARM: [CRITICAL] 地形碰撞 | 地形碰撞风险 | drone=null | pos=(39.90008574119043,116.39774093661836)
2026-06-13T01:06:37.677+08:00  WARN 35828 --- [uav-alarm-engine] [ntainer#0-0-C-1] com.uav.alarm.kafka.TelemetryConsumer    : ALARM: [CRITICAL] 地形碰撞 | 地形碰撞风险 | drone=null | pos=(39.90453897034983,116.30549651573386)
2026-06-13T01:06:37.689+08:00  WARN 35828 --- [uav-alarm-engine] [ntainer#0-0-C-1] com.uav.alarm.kafka.TelemetryConsumer    : ALARM: [CRITICAL] 地形碰撞 | 地形碰撞风险 | drone=null | pos=(39.802467356260095,116.49500359573665)
2026-06-13T01:06:37.702+08:00  WARN 35828 --- [uav-alarm-engine] [ntainer#0-0-C-1] com.uav.alarm.kafka.TelemetryConsumer    : ALARM: [CRITICAL] 地形碰撞 | 地形碰撞风险 | drone=null | pos=(39.8976478389147,116.40913455954475)
2026-06-13T01:06:37.713+08:00  WARN 35828 --- [uav-alarm-engine] [ntainer#0-0-C-1] com.uav.alarm.kafka.TelemetryConsumer    : ALARM: [CRITICAL] 地形碰撞 | 地形碰撞风险 | drone=null | pos=(39.79444359863409,116.18014359500286)
2026-06-13T01:06:37.726+08:00  WARN 35828 --- [uav-alarm-engine] [ntainer#0-0-C-1] com.uav.alarm.kafka.TelemetryConsumer    : ALARM: [CRITICAL] 地形碰撞 | 地形碰撞风险 | drone=null | pos=(39.615875038366696,116.46314156469275)
2026-06-13T01:06:37.737+08:00  WARN 35828 --- [uav-alarm-engine] [ntainer#0-0-C-1] com.uav.alarm.kafka.TelemetryConsumer    : ALARM: [CRITICAL] 地形碰撞 | 地形碰撞风险 | drone=null | pos=(39.82034514737679,116.29306731765581)
2026-06-13T01:06:37.749+08:00  WARN 35828 --- [uav-alarm-engine] [ntainer#0-0-C-1] com.uav.alarm.kafka.TelemetryConsumer    : ALARM: [CRITICAL] 地形碰撞 | 地形碰撞风险 | drone=null | pos=(39.83828352935253,115.96996891752323)
2026-06-13T01:06:37.762+08:00  WARN 35828 --- [uav-alarm-engine] [ntainer#0-0-C-1] com.uav.alarm.kafka.TelemetryConsumer    : ALARM: [CRITICAL] 地形碰撞 | 地形碰撞风险 | drone=null | pos=(39.85220335350443,116.37454247115699)
2026-06-13T01:06:37.774+08:00  WARN 35828 --- [uav-alarm-engine] [ntainer#0-0-C-1] com.uav.alarm.kafka.TelemetryConsumer    : ALARM: [CRITICAL] 地形碰撞 | 地形碰撞风险 | drone=null | pos=(40.17619135294355,116.67846310517865)
2026-06-13T01:06:37.787+08:00  WARN 35828 --- [uav-alarm-engine] [ntainer#0-0-C-1] com.uav.alarm.kafka.TelemetryConsumer    : ALARM: [CRITICAL] 地形碰撞 | 地形碰撞风险 | drone=null | pos=(39.87316430730558,116.72378024532875)
2026-06-13T01:06:37.797+08:00  WARN 35828 --- [uav-alarm-engine] [ntainer#0-0-C-1] com.uav.alarm.kafka.TelemetryConsumer    : ALARM: [CRITICAL] 地形碰撞 | 地形碰撞风险 | drone=null | pos=(40.208577518336874,116.24267447774038)
2026-06-13T01:06:37.809+08:00  WARN 35828 --- [uav-alarm-engine] [ntainer#0-0-C-1] com.uav.alarm.kafka.TelemetryConsumer    : ALARM: [CRITICAL] 地形碰撞 | 地形碰撞风险 | drone=null | pos=(39.81973795817079,116.67563910841943)
2026-06-13T01:06:37.821+08:00  WARN 35828 --- [uav-alarm-engine] [ntainer#0-0-C-1] com.uav.alarm.kafka.TelemetryConsumer    : ALARM: [CRITICAL] 地形碰撞 | 地形碰撞风险 | drone=null | pos=(39.740031378716914,116.43795108727011)
2026-06-13T01:06:37.833+08:00  WARN 35828 --- [uav-alarm-engine] [ntainer#0-0-C-1] com.uav.alarm.kafka.TelemetryConsumer    : ALARM: [CRITICAL] 地形碰撞 | 地形碰撞风险 | drone=null | pos=(40.035783446735074,116.20316613133224)
2026-06-13T01:06:37.845+08:00  WARN 35828 --- [uav-alarm-engine] [ntainer#0-0-C-1] com.uav.alarm.kafka.TelemetryConsumer    : ALARM: [CRITICAL] 地形碰撞 | 地形碰撞风险 | drone=null | pos=(39.86827478248187,116.40681332948911)
2026-06-13T01:06:37.859+08:00  WARN 35828 --- [uav-alarm-engine] [ntainer#0-0-C-1] com.uav.alarm.kafka.TelemetryConsumer    : ALARM: [CRITICAL] 地形碰撞 | 地形碰撞风险 | drone=null | pos=(39.915013472211264,116.52146121738825)
2026-06-13T01:06:37.872+08:00  WARN 35828 --- [uav-alarm-engine] [ntainer#0-0-C-1] com.uav.alarm.kafka.TelemetryConsumer    : ALARM: [CRITICAL] 地形碰撞 | 地形碰撞风险 | drone=null | pos=(40.02271707429389,116.48539644808966)
2026-06-13T01:06:37.884+08:00  WARN 35828 --- [uav-alarm-engine] [ntainer#0-0-C-1] com.uav.alarm.kafka.TelemetryConsumer    : ALARM: [CRITICAL] 地形碰撞 | 地形碰撞风险 | drone=null | pos=(39.70483771630346,116.63724262846355)
2026-06-13T01:06:37.897+08:00  WARN 35828 --- [uav-alarm-engine] [ntainer#0-0-C-1] com.uav.alarm.kafka.TelemetryConsumer    : ALARM: [CRITICAL] 地形碰撞 | 地形碰撞风险 | drone=null | pos=(40.03567414345564,116.46699437601772)
2026-06-13T01:06:37.910+08:00  WARN 35828 --- [uav-alarm-engine] [ntainer#0-0-C-1] com.uav.alarm.kafka.TelemetryConsumer    : ALARM: [CRITICAL] 地形碰撞 | 地形碰撞风险 | drone=null | pos=(40.20270267333799,116.48024596726192)
2026-06-13T01:06:37.921+08:00  WARN 35828 --- [uav-alarm-engine] [ntainer#0-0-C-1] com.uav.alarm.kafka.TelemetryConsumer    : ALARM: [CRITICAL] 地形碰撞 | 地形碰撞风险 | drone=null | pos=(39.94754390976307,116.4064945346281)
2026-06-13T01:06:37.934+08:00  WARN 35828 --- [uav-alarm-engine] [ntainer#0-0-C-1] com.uav.alarm.kafka.TelemetryConsumer    : ALARM: [CRITICAL] 地形碰撞 | 地形碰撞风险 | drone=null | pos=(39.99008160341871,116.3498534287344)
2026-06-13T01:06:37.947+08:00  WARN 35828 --- [uav-alarm-engine] [ntainer#0-0-C-1] com.uav.alarm.kafka.TelemetryConsumer    : ALARM: [CRITICAL] 地形碰撞 | 地形碰撞风险 | drone=null | pos=(39.72332892785373,116.70177718543877)
2026-06-13T01:06:37.959+08:00  WARN 35828 --- [uav-alarm-engine] [ntainer#0-0-C-1] com.uav.alarm.kafka.TelemetryConsumer    : ALARM: [CRITICAL] 地形碰撞 | 地形碰撞风险 | drone=null | pos=(39.98556555200181,116.38086248397948)
2026-06-13T01:06:37.972+08:00  WARN 35828 --- [uav-alarm-engine] [ntainer#0-0-C-1] com.uav.alarm.kafka.TelemetryConsumer    : ALARM: [CRITICAL] 地形碰撞 | 地形碰撞风险 | drone=null | pos=(40.00634213497667,116.24125617831916)
2026-06-13T01:06:37.984+08:00  WARN 35828 --- [uav-alarm-engine] [ntainer#0-0-C-1] com.uav.alarm.kafka.TelemetryConsumer    : ALARM: [CRITICAL] 地形碰撞 | 地形碰撞风险 | drone=null | pos=(39.90555708857762,116.40822709115216)
2026-06-13T01:06:37.997+08:00  WARN 35828 --- [uav-alarm-engine] [ntainer#0-0-C-1] com.uav.alarm.kafka.TelemetryConsumer    : ALARM: [CRITICAL] 地形碰撞 | 地形碰撞风险 | drone=null | pos=(40.248830126856824,116.48907404799331)
2026-06-13T01:06:38.009+08:00  WARN 35828 --- [uav-alarm-engine] [ntainer#0-0-C-1] com.uav.alarm.kafka.TelemetryConsumer    : ALARM: [CRITICAL] 地形碰撞 | 地形碰撞风险 | drone=null | pos=(39.889294093564246,116.36912522670481)
2026-06-13T01:06:38.023+08:00  WARN 35828 --- [uav-alarm-engine] [ntainer#0-0-C-1] com.uav.alarm.kafka.TelemetryConsumer    : ALARM: [CRITICAL] 地形碰撞 | 地形碰撞风险 | drone=null | pos=(39.85929777848887,116.1204319692091)
2026-06-13T01:06:38.036+08:00  WARN 35828 --- [uav-alarm-engine] [ntainer#0-0-C-1] com.uav.alarm.kafka.TelemetryConsumer    : ALARM: [CRITICAL] 地形碰撞 | 地形碰撞风险 | drone=null | pos=(39.84821522506369,116.02303326563529)
2026-06-13T01:06:38.050+08:00  WARN 35828 --- [uav-alarm-engine] [ntainer#0-0-C-1] com.uav.alarm.kafka.TelemetryConsumer    : ALARM: [CRITICAL] 地形碰撞 | 地形碰撞风险 | drone=null | pos=(39.86330874333792,116.50173227472031)
2026-06-13T01:06:38.061+08:00  WARN 35828 --- [uav-alarm-engine] [ntainer#0-0-C-1] com.uav.alarm.kafka.TelemetryConsumer    : ALARM: [CRITICAL] 地形碰撞 | 地形碰撞风险 | drone=null | pos=(39.83112383323147,116.43227173337822)
2026-06-13T01:06:38.074+08:00  WARN 35828 --- [uav-alarm-engine] [ntainer#0-0-C-1] com.uav.alarm.kafka.TelemetryConsumer    : ALARM: [CRITICAL] 地形碰撞 | 地形碰撞风险 | drone=null | pos=(39.998459587388446,116.3591923492458)
2026-06-13T01:06:38.086+08:00  WARN 35828 --- [uav-alarm-engine] [ntainer#0-0-C-1] com.uav.alarm.kafka.TelemetryConsumer    : ALARM: [CRITICAL] 地形碰撞 | 地形碰撞风险 | drone=null | pos=(39.574713287424515,116.32297197741926)
2026-06-13T01:06:38.099+08:00  WARN 35828 --- [uav-alarm-engine] [ntainer#0-0-C-1] com.uav.alarm.kafka.TelemetryConsumer    : ALARM: [CRITICAL] 地形碰撞 | 地形碰撞风险 | drone=null | pos=(39.97903747819928,116.08501590370756)
2026-06-13T01:06:38.110+08:00  WARN 35828 --- [uav-alarm-engine] [ntainer#0-0-C-1] com.uav.alarm.kafka.TelemetryConsumer    : ALARM: [CRITICAL] 地形碰撞 | 地形碰撞风险 | drone=null | pos=(39.58371186651052,116.39910959011418)
2026-06-13T01:06:38.122+08:00  WARN 35828 --- [uav-alarm-engine] [ntainer#0-0-C-1] com.uav.alarm.kafka.TelemetryConsumer    : ALARM: [CRITICAL] 地形碰撞 | 地形碰撞风险 | drone=null | pos=(39.84365029502378,116.22318578574159)
2026-06-13T01:06:38.134+08:00  WARN 35828 --- [uav-alarm-engine] [ntainer#0-0-C-1] com.uav.alarm.kafka.TelemetryConsumer    : ALARM: [CRITICAL] 地形碰撞 | 地形碰撞风险 | drone=null | pos=(40.2246266222437,116.25604928506421)
2026-06-13T01:06:38.147+08:00  WARN 35828 --- [uav-alarm-engine] [ntainer#0-0-C-1] com.uav.alarm.kafka.TelemetryConsumer    : ALARM: [CRITICAL] 地形碰撞 | 地形碰撞风险 | drone=null | pos=(40.16913022532247,116.21894302607153)
2026-06-13T01:06:38.159+08:00  WARN 35828 --- [uav-alarm-engine] [ntainer#0-0-C-1] com.uav.alarm.kafka.TelemetryConsumer    : ALARM: [CRITICAL] 地形碰撞 | 地形碰撞风险 | drone=null | pos=(39.91505494011291,116.42461769128582)
2026-06-13T01:06:38.169+08:00  WARN 35828 --- [uav-alarm-engine] [ntainer#0-0-C-1] com.uav.alarm.kafka.TelemetryConsumer    : ALARM: [CRITICAL] 地形碰撞 | 地形碰撞风险 | drone=null | pos=(40.06936514943165,116.0929125800355)
2026-06-13T01:06:38.181+08:00  WARN 35828 --- [uav-alarm-engine] [ntainer#0-0-C-1] com.uav.alarm.kafka.TelemetryConsumer    : ALARM: [CRITICAL] 地形碰撞 | 地形碰撞风险 | drone=null | pos=(40.05220293225421,116.08474572595787)
2026-06-13T01:06:38.193+08:00  WARN 35828 --- [uav-alarm-engine] [ntainer#0-0-C-1] com.uav.alarm.kafka.TelemetryConsumer    : ALARM: [CRITICAL] 地形碰撞 | 地形碰撞风险 | drone=null | pos=(39.75296023935373,116.04596556978113)
2026-06-13T01:06:38.206+08:00  WARN 35828 --- [uav-alarm-engine] [ntainer#0-0-C-1] com.uav.alarm.kafka.TelemetryConsumer    : ALARM: [CRITICAL] 地形碰撞 | 地形碰撞风险 | drone=null | pos=(40.011355939062895,116.34341365476888)
2026-06-13T01:06:38.218+08:00  WARN 35828 --- [uav-alarm-engine] [ntainer#0-0-C-1] com.uav.alarm.kafka.TelemetryConsumer    : ALARM: [CRITICAL] 地形碰撞 | 地形碰撞风险 | drone=null | pos=(39.68235770111926,116.08033767259612)
2026-06-13T01:06:38.230+08:00  WARN 35828 --- [uav-alarm-engine] [ntainer#0-0-C-1] com.uav.alarm.kafka.TelemetryConsumer    : ALARM: [CRITICAL] 地形碰撞 | 地形碰撞风险 | drone=null | pos=(39.94410128067531,116.43198754487813)
2026-06-13T01:06:38.242+08:00  WARN 35828 --- [uav-alarm-engine] [ntainer#0-0-C-1] com.uav.alarm.kafka.TelemetryConsumer    : ALARM: [CRITICAL] 地形碰撞 | 地形碰撞风险 | drone=null | pos=(39.826991060017306,116.28728412851198)
2026-06-13T01:06:38.255+08:00  WARN 35828 --- [uav-alarm-engine] [ntainer#0-0-C-1] com.uav.alarm.kafka.TelemetryConsumer    : ALARM: [CRITICAL] 地形碰撞 | 地形碰撞风险 | drone=null | pos=(39.766853723736986,116.37845240917645)
2026-06-13T01:06:38.268+08:00  WARN 35828 --- [uav-alarm-engine] [ntainer#0-0-C-1] com.uav.alarm.kafka.TelemetryConsumer    : ALARM: [CRITICAL] 地形碰撞 | 地形碰撞风险 | drone=null | pos=(40.03067107264875,116.56486801331155)
2026-06-13T01:06:38.280+08:00  WARN 35828 --- [uav-alarm-engine] [ntainer#0-0-C-1] com.uav.alarm.kafka.TelemetryConsumer    : ALARM: [CRITICAL] 地形碰撞 | 地形碰撞风险 | drone=null | pos=(39.89790633331494,116.54151081522654)
2026-06-13T01:06:38.293+08:00  WARN 35828 --- [uav-alarm-engine] [ntainer#0-0-C-1] com.uav.alarm.kafka.TelemetryConsumer    : ALARM: [CRITICAL] 地形碰撞 | 地形碰撞风险 | drone=null | pos=(39.771865146828,116.15238965864216)
2026-06-13T01:06:38.304+08:00  WARN 35828 --- [uav-alarm-engine] [ntainer#0-0-C-1] com.uav.alarm.kafka.TelemetryConsumer    : ALARM: [CRITICAL] 地形碰撞 | 地形碰撞风险 | drone=null | pos=(39.95087268806698,116.85774405784029)
2026-06-13T01:06:38.317+08:00  WARN 35828 --- [uav-alarm-engine] [ntainer#0-0-C-1] com.uav.alarm.kafka.TelemetryConsumer    : ALARM: [CRITICAL] 地形碰撞 | 地形碰撞风险 | drone=null | pos=(39.88465193997838,116.55118229979978)
2026-06-13T01:06:38.329+08:00  WARN 35828 --- [uav-alarm-engine] [ntainer#0-0-C-1] com.uav.alarm.kafka.TelemetryConsumer    : ALARM: [CRITICAL] 地形碰撞 | 地形碰撞风险 | drone=null | pos=(39.80681735516511,116.71752748814615)
2026-06-13T01:06:38.340+08:00  WARN 35828 --- [uav-alarm-engine] [ntainer#0-0-C-1] com.uav.alarm.kafka.TelemetryConsumer    : ALARM: [CRITICAL] 地形碰撞 | 地形碰撞风险 | drone=null | pos=(39.834432310953666,116.44250034843093)
2026-06-13T01:06:38.354+08:00  WARN 35828 --- [uav-alarm-engine] [ntainer#0-0-C-1] com.uav.alarm.kafka.TelemetryConsumer    : ALARM: [CRITICAL] 地形碰撞 | 地形碰撞风险 | drone=null | pos=(40.05433935538939,116.73681927404117)
2026-06-13T01:06:38.365+08:00  WARN 35828 --- [uav-alarm-engine] [ntainer#0-0-C-1] com.uav.alarm.kafka.TelemetryConsumer    : ALARM: [CRITICAL] 地形碰撞 | 地形碰撞风险 | drone=null | pos=(39.889746676321806,116.40271466360856)
2026-06-13T01:06:38.378+08:00  WARN 35828 --- [uav-alarm-engine] [ntainer#0-0-C-1] com.uav.alarm.kafka.TelemetryConsumer    : ALARM: [CRITICAL] 地形碰撞 | 地形碰撞风险 | drone=null | pos=(40.21117696786545,116.46893847712921)
2026-06-13T01:06:38.389+08:00  WARN 35828 --- [uav-alarm-engine] [ntainer#0-0-C-1] com.uav.alarm.kafka.TelemetryConsumer    : ALARM: [CRITICAL] 地形碰撞 | 地形碰撞风险 | drone=null | pos=(40.07459198422439,116.64151156200775)
2026-06-13T01:06:38.401+08:00  WARN 35828 --- [uav-alarm-engine] [ntainer#0-0-C-1] com.uav.alarm.kafka.TelemetryConsumer    : ALARM: [CRITICAL] 地形碰撞 | 地形碰撞风险 | drone=null | pos=(40.05410682383238,116.51099285868358)
2026-06-13T01:06:38.413+08:00  WARN 35828 --- [uav-alarm-engine] [ntainer#0-0-C-1] com.uav.alarm.kafka.TelemetryConsumer    : ALARM: [CRITICAL] 地形碰撞 | 地形碰撞风险 | drone=null | pos=(39.88020699870214,116.44217557962331)
2026-06-13T01:06:38.426+08:00  WARN 35828 --- [uav-alarm-engine] [ntainer#0-0-C-1] com.uav.alarm.kafka.TelemetryConsumer    : ALARM: [CRITICAL] 地形碰撞 | 地形碰撞风险 | drone=null | pos=(39.780405201743335,116.18586194944261)
2026-06-13T01:06:38.439+08:00  WARN 35828 --- [uav-alarm-engine] [ntainer#0-0-C-1] com.uav.alarm.kafka.TelemetryConsumer    : ALARM: [CRITICAL] 地形碰撞 | 地形碰撞风险 | drone=null | pos=(39.937351817978076,116.59651015256335)
2026-06-13T01:06:38.452+08:00  WARN 35828 --- [uav-alarm-engine] [ntainer#0-0-C-1] com.uav.alarm.kafka.TelemetryConsumer    : ALARM: [CRITICAL] 地形碰撞 | 地形碰撞风险 | drone=null | pos=(39.89526233642267,116.47484685884494)
2026-06-13T01:06:38.464+08:00  WARN 35828 --- [uav-alarm-engine] [ntainer#0-0-C-1] com.uav.alarm.kafka.TelemetryConsumer    : ALARM: [CRITICAL] 地形碰撞 | 地形碰撞风险 | drone=null | pos=(40.07261962592743,116.22117508782966)
2026-06-13T01:06:38.478+08:00  WARN 35828 --- [uav-alarm-engine] [ntainer#0-0-C-1] com.uav.alarm.kafka.TelemetryConsumer    : ALARM: [CRITICAL] 地形碰撞 | 地形碰撞风险 | drone=null | pos=(39.91592419141465,116.47076381176518)
2026-06-13T01:06:38.490+08:00  WARN 35828 --- [uav-alarm-engine] [ntainer#0-0-C-1] com.uav.alarm.kafka.TelemetryConsumer    : ALARM: [CRITICAL] 地形碰撞 | 地形碰撞风险 | drone=null | pos=(39.67922834746655,116.29039634631397)
2026-06-13T01:06:38.502+08:00  WARN 35828 --- [uav-alarm-engine] [ntainer#0-0-C-1] com.uav.alarm.kafka.TelemetryConsumer    : ALARM: [CRITICAL] 地形碰撞 | 地形碰撞风险 | drone=null | pos=(39.77336525983272,116.18330394510106)
2026-06-13T01:06:38.515+08:00  WARN 35828 --- [uav-alarm-engine] [ntainer#0-0-C-1] com.uav.alarm.kafka.TelemetryConsumer    : ALARM: [CRITICAL] 地形碰撞 | 地形碰撞风险 | drone=null | pos=(39.89143799749436,116.65972220572317)
2026-06-13T01:06:38.528+08:00  WARN 35828 --- [uav-alarm-engine] [ntainer#0-0-C-1] com.uav.alarm.kafka.TelemetryConsumer    : ALARM: [CRITICAL] 地形碰撞 | 地形碰撞风险 | drone=null | pos=(39.92750044783708,116.30000777675193)
2026-06-13T01:06:38.540+08:00  WARN 35828 --- [uav-alarm-engine] [ntainer#0-0-C-1] com.uav.alarm.kafka.TelemetryConsumer    : ALARM: [CRITICAL] 地形碰撞 | 地形碰撞风险 | drone=null | pos=(39.82768158803541,116.29167159413761)
2026-06-13T01:06:38.552+08:00  WARN 35828 --- [uav-alarm-engine] [ntainer#0-0-C-1] com.uav.alarm.kafka.TelemetryConsumer    : ALARM: [CRITICAL] 地形碰撞 | 地形碰撞风险 | drone=null | pos=(39.912335196290826,116.04061378001855)
2026-06-13T01:06:38.564+08:00  WARN 35828 --- [uav-alarm-engine] [ntainer#0-0-C-1] com.uav.alarm.kafka.TelemetryConsumer    : ALARM: [CRITICAL] 地形碰撞 | 地形碰撞风险 | drone=null | pos=(40.22024527440264,116.55701069766945)
2026-06-13T01:06:38.576+08:00  WARN 35828 --- [uav-alarm-engine] [ntainer#0-0-C-1] com.uav.alarm.kafka.TelemetryConsumer    : ALARM: [CRITICAL] 地形碰撞 | 地形碰撞风险 | drone=null | pos=(39.97581211273648,116.49359690416188)
2026-06-13T01:06:38.590+08:00  WARN 35828 --- [uav-alarm-engine] [ntainer#0-0-C-1] com.uav.alarm.kafka.TelemetryConsumer    : ALARM: [CRITICAL] 地形碰撞 | 地形碰撞风险 | drone=null | pos=(39.86195412467134,116.05731068470676)
2026-06-13T01:06:38.602+08:00  WARN 35828 --- [uav-alarm-engine] [ntainer#0-0-C-1] com.uav.alarm.kafka.TelemetryConsumer    : ALARM: [CRITICAL] 地形碰撞 | 地形碰撞风险 | drone=null | pos=(39.903964035604446,116.03934967469637)
2026-06-13T01:06:38.615+08:00  WARN 35828 --- [uav-alarm-engine] [ntainer#0-0-C-1] com.uav.alarm.kafka.TelemetryConsumer    : ALARM: [CRITICAL] 地形碰撞 | 地形碰撞风险 | drone=null | pos=(39.86894120263226,116.13575914834453)
2026-06-13T01:06:38.627+08:00  WARN 35828 --- [uav-alarm-engine] [ntainer#0-0-C-1] com.uav.alarm.kafka.TelemetryConsumer    : ALARM: [CRITICAL] 地形碰撞 | 地形碰撞风险 | drone=null | pos=(39.978881792725524,116.40095851001256)
2026-06-13T01:06:38.640+08:00  WARN 35828 --- [uav-alarm-engine] [ntainer#0-0-C-1] com.uav.alarm.kafka.TelemetryConsumer    : ALARM: [CRITICAL] 地形碰撞 | 地形碰撞风险 | drone=null | pos=(40.14805127679344,116.21939913056019)
2026-06-13T01:06:38.652+08:00  WARN 35828 --- [uav-alarm-engine] [ntainer#0-0-C-1] com.uav.alarm.kafka.TelemetryConsumer    : ALARM: [CRITICAL] 地形碰撞 | 地形碰撞风险 | drone=null | pos=(39.94138143251716,116.29174750885252)
2026-06-13T01:06:38.665+08:00  WARN 35828 --- [uav-alarm-engine] [ntainer#0-0-C-1] com.uav.alarm.kafka.TelemetryConsumer    : ALARM: [CRITICAL] 地形碰撞 | 地形碰撞风险 | drone=null | pos=(40.244824748236844,116.4769739699492)
2026-06-13T01:06:38.677+08:00  WARN 35828 --- [uav-alarm-engine] [ntainer#0-0-C-1] com.uav.alarm.kafka.TelemetryConsumer    : ALARM: [CRITICAL] 地形碰撞 | 地形碰撞风险 | drone=null | pos=(39.86656134532293,116.46163518540943)
2026-06-13T01:06:38.689+08:00  WARN 35828 --- [uav-alarm-engine] [ntainer#0-0-C-1] com.uav.alarm.kafka.TelemetryConsumer    : ALARM: [CRITICAL] 地形碰撞 | 地形碰撞风险 | drone=null | pos=(40.01743337824545,116.51271515863503)
2026-06-13T01:06:38.701+08:00  WARN 35828 --- [uav-alarm-engine] [ntainer#0-0-C-1] com.uav.alarm.kafka.TelemetryConsumer    : ALARM: [CRITICAL] 地形碰撞 | 地形碰撞风险 | drone=null | pos=(39.823327991400376,116.44842463096886)
2026-06-13T01:06:38.713+08:00  WARN 35828 --- [uav-alarm-engine] [ntainer#0-0-C-1] com.uav.alarm.kafka.TelemetryConsumer    : ALARM: [CRITICAL] 地形碰撞 | 地形碰撞风险 | drone=null | pos=(39.99462502934551,116.26780963676183)
2026-06-13T01:06:38.725+08:00  WARN 35828 --- [uav-alarm-engine] [ntainer#0-0-C-1] com.uav.alarm.kafka.TelemetryConsumer    : ALARM: [CRITICAL] 地形碰撞 | 地形碰撞风险 | drone=null | pos=(40.210243116960484,116.50845398179658)
2026-06-13T01:06:38.737+08:00  WARN 35828 --- [uav-alarm-engine] [ntainer#0-0-C-1] com.uav.alarm.kafka.TelemetryConsumer    : ALARM: [CRITICAL] 地形碰撞 | 地形碰撞风险 | drone=null | pos=(39.90825908820618,116.40537090879346)
2026-06-13T01:06:38.749+08:00  WARN 35828 --- [uav-alarm-engine] [ntainer#0-0-C-1] com.uav.alarm.kafka.TelemetryConsumer    : ALARM: [CRITICAL] 地形碰撞 | 地形碰撞风险 | drone=null | pos=(39.65248730946834,116.08354088262907)
2026-06-13T01:06:38.761+08:00  WARN 35828 --- [uav-alarm-engine] [ntainer#0-0-C-1] com.uav.alarm.kafka.TelemetryConsumer    : ALARM: [CRITICAL] 地形碰撞 | 地形碰撞风险 | drone=null | pos=(40.219811807501976,116.4280072047495)
2026-06-13T01:06:38.774+08:00  WARN 35828 --- [uav-alarm-engine] [ntainer#0-0-C-1] com.uav.alarm.kafka.TelemetryConsumer    : ALARM: [CRITICAL] 地形碰撞 | 地形碰撞风险 | drone=null | pos=(39.70205349126814,116.457394885832)
2026-06-13T01:06:38.787+08:00  WARN 35828 --- [uav-alarm-engine] [ntainer#0-0-C-1] com.uav.alarm.kafka.TelemetryConsumer    : ALARM: [CRITICAL] 地形碰撞 | 地形碰撞风险 | drone=null | pos=(39.909388297624574,116.38622231249396)
2026-06-13T01:06:38.799+08:00  WARN 35828 --- [uav-alarm-engine] [ntainer#0-0-C-1] com.uav.alarm.kafka.TelemetryConsumer    : ALARM: [CRITICAL] 地形碰撞 | 地形碰撞风险 | drone=null | pos=(39.959273761638954,116.79393820234262)
2026-06-13T01:06:38.811+08:00  WARN 35828 --- [uav-alarm-engine] [ntainer#0-0-C-1] com.uav.alarm.kafka.TelemetryConsumer    : ALARM: [CRITICAL] 地形碰撞 | 地形碰撞风险 | drone=null | pos=(39.88972128350268,116.44007906283888)
2026-06-13T01:06:38.823+08:00  WARN 35828 --- [uav-alarm-engine] [ntainer#0-0-C-1] com.uav.alarm.kafka.TelemetryConsumer    : ALARM: [CRITICAL] 地形碰撞 | 地形碰撞风险 | drone=null | pos=(39.688052710166275,116.17180318974114)
2026-06-13T01:06:38.835+08:00  WARN 35828 --- [uav-alarm-engine] [ntainer#0-0-C-1] com.uav.alarm.kafka.TelemetryConsumer    : ALARM: [CRITICAL] 地形碰撞 | 地形碰撞风险 | drone=null | pos=(40.05394642257023,116.53539630523936)
2026-06-13T01:06:38.848+08:00  WARN 35828 --- [uav-alarm-engine] [ntainer#0-0-C-1] com.uav.alarm.kafka.TelemetryConsumer    : ALARM: [CRITICAL] 地形碰撞 | 地形碰撞风险 | drone=null | pos=(39.90670858734249,116.40747031317915)
2026-06-13T01:06:38.859+08:00  WARN 35828 --- [uav-alarm-engine] [ntainer#0-0-C-1] com.uav.alarm.kafka.TelemetryConsumer    : ALARM: [CRITICAL] 地形碰撞 | 地形碰撞风险 | drone=null | pos=(39.907084646671755,116.40750479195455)
2026-06-13T01:06:38.872+08:00  WARN 35828 --- [uav-alarm-engine] [ntainer#0-0-C-1] com.uav.alarm.kafka.TelemetryConsumer    : ALARM: [CRITICAL] 地形碰撞 | 地形碰撞风险 | drone=null | pos=(40.06888414306851,116.25873885668449)
2026-06-13T01:06:38.885+08:00  WARN 35828 --- [uav-alarm-engine] [ntainer#0-0-C-1] com.uav.alarm.kafka.TelemetryConsumer    : ALARM: [CRITICAL] 地形碰撞 | 地形碰撞风险 | drone=null | pos=(39.89128093828102,116.40157562906128)
2026-06-13T01:06:38.897+08:00  WARN 35828 --- [uav-alarm-engine] [ntainer#0-0-C-1] com.uav.alarm.kafka.TelemetryConsumer    : ALARM: [CRITICAL] 地形碰撞 | 地形碰撞风险 | drone=null | pos=(39.71536965663637,116.09116847029561)
2026-06-13T01:06:38.910+08:00  WARN 35828 --- [uav-alarm-engine] [ntainer#0-0-C-1] com.uav.alarm.kafka.TelemetryConsumer    : ALARM: [CRITICAL] 地形碰撞 | 地形碰撞风险 | drone=null | pos=(39.911489058213185,116.63825903122294)
2026-06-13T01:06:38.921+08:00  WARN 35828 --- [uav-alarm-engine] [ntainer#0-0-C-1] com.uav.alarm.kafka.TelemetryConsumer    : ALARM: [CRITICAL] 地形碰撞 | 地形碰撞风险 | drone=null | pos=(39.82550634980659,116.09127929233193)
2026-06-13T01:06:38.934+08:00  WARN 35828 --- [uav-alarm-engine] [ntainer#0-0-C-1] com.uav.alarm.kafka.TelemetryConsumer    : ALARM: [CRITICAL] 地形碰撞 | 地形碰撞风险 | drone=null | pos=(40.08597398732429,116.56700458328254)
2026-06-13T01:06:38.948+08:00  WARN 35828 --- [uav-alarm-engine] [ntainer#0-0-C-1] com.uav.alarm.kafka.TelemetryConsumer    : ALARM: [CRITICAL] 地形碰撞 | 地形碰撞风险 | drone=null | pos=(39.825458031577604,116.53212551711317)
2026-06-13T01:06:38.961+08:00  WARN 35828 --- [uav-alarm-engine] [ntainer#0-0-C-1] com.uav.alarm.kafka.TelemetryConsumer    : ALARM: [CRITICAL] 地形碰撞 | 地形碰撞风险 | drone=null | pos=(39.90592211664845,116.37204010563534)
2026-06-13T01:06:38.972+08:00  WARN 35828 --- [uav-alarm-engine] [ntainer#0-0-C-1] com.uav.alarm.kafka.TelemetryConsumer    : ALARM: [CRITICAL] 地形碰撞 | 地形碰撞风险 | drone=null | pos=(39.82096485823309,116.65614155611891)
2026-06-13T01:06:38.986+08:00  WARN 35828 --- [uav-alarm-engine] [ntainer#0-0-C-1] com.uav.alarm.kafka.TelemetryConsumer    : ALARM: [CRITICAL] 地形碰撞 | 地形碰撞风险 | drone=null | pos=(39.9532910342083,116.60568360644484)
2026-06-13T01:06:38.997+08:00  WARN 35828 --- [uav-alarm-engine] [ntainer#0-0-C-1] com.uav.alarm.kafka.TelemetryConsumer    : ALARM: [CRITICAL] 地形碰撞 | 地形碰撞风险 | drone=null | pos=(40.13138819509096,116.71951327558617)
2026-06-13T01:06:39.010+08:00  WARN 35828 --- [uav-alarm-engine] [ntainer#0-0-C-1] com.uav.alarm.kafka.TelemetryConsumer    : ALARM: [CRITICAL] 地形碰撞 | 地形碰撞风险 | drone=null | pos=(39.83301951138267,116.48893006689117)
2026-06-13T01:06:39.023+08:00  WARN 35828 --- [uav-alarm-engine] [ntainer#0-0-C-1] com.uav.alarm.kafka.TelemetryConsumer    : ALARM: [CRITICAL] 地形碰撞 | 地形碰撞风险 | drone=null | pos=(39.680916466788425,116.40736427344541)
2026-06-13T01:06:39.036+08:00  WARN 35828 --- [uav-alarm-engine] [ntainer#0-0-C-1] com.uav.alarm.kafka.TelemetryConsumer    : ALARM: [CRITICAL] 地形碰撞 | 地形碰撞风险 | drone=null | pos=(39.943438615227585,116.3644612923296)
2026-06-13T01:06:39.049+08:00  WARN 35828 --- [uav-alarm-engine] [ntainer#0-0-C-1] com.uav.alarm.kafka.TelemetryConsumer    : ALARM: [CRITICAL] 地形碰撞 | 地形碰撞风险 | drone=null | pos=(39.77824621273715,116.35858221169246)
2026-06-13T01:06:39.063+08:00  WARN 35828 --- [uav-alarm-engine] [ntainer#0-0-C-1] com.uav.alarm.kafka.TelemetryConsumer    : ALARM: [CRITICAL] 地形碰撞 | 地形碰撞风险 | drone=null | pos=(40.02235943937753,116.34498654937977)
2026-06-13T01:06:39.076+08:00  WARN 35828 --- [uav-alarm-engine] [ntainer#0-0-C-1] com.uav.alarm.kafka.TelemetryConsumer    : ALARM: [CRITICAL] 地形碰撞 | 地形碰撞风险 | drone=null | pos=(39.908062197425785,116.11739613074687)
2026-06-13T01:06:39.088+08:00  WARN 35828 --- [uav-alarm-engine] [ntainer#0-0-C-1] com.uav.alarm.kafka.TelemetryConsumer    : ALARM: [CRITICAL] 地形碰撞 | 地形碰撞风险 | drone=null | pos=(39.810858923089,116.44389608595037)
2026-06-13T01:06:39.101+08:00  WARN 35828 --- [uav-alarm-engine] [ntainer#0-0-C-1] com.uav.alarm.kafka.TelemetryConsumer    : ALARM: [CRITICAL] 地形碰撞 | 地形碰撞风险 | drone=null | pos=(39.979244671568814,116.41477723902901)
2026-06-13T01:06:39.113+08:00  WARN 35828 --- [uav-alarm-engine] [ntainer#0-0-C-1] com.uav.alarm.kafka.TelemetryConsumer    : ALARM: [CRITICAL] 地形碰撞 | 地形碰撞风险 | drone=null | pos=(39.980765133130035,116.4361263197436)
2026-06-13T01:06:39.128+08:00  WARN 35828 --- [uav-alarm-engine] [ntainer#0-0-C-1] com.uav.alarm.kafka.TelemetryConsumer    : ALARM: [CRITICAL] 地形碰撞 | 地形碰撞风险 | drone=null | pos=(39.61994800825586,116.1899733383894)
2026-06-13T01:06:39.140+08:00  WARN 35828 --- [uav-alarm-engine] [ntainer#0-0-C-1] com.uav.alarm.kafka.TelemetryConsumer    : ALARM: [CRITICAL] 地形碰撞 | 地形碰撞风险 | drone=null | pos=(39.68121516267069,116.47327690624897)
2026-06-13T01:06:39.152+08:00  WARN 35828 --- [uav-alarm-engine] [ntainer#0-0-C-1] com.uav.alarm.kafka.TelemetryConsumer    : ALARM: [CRITICAL] 地形碰撞 | 地形碰撞风险 | drone=null | pos=(40.188902077815015,116.55835793677676)
2026-06-13T01:06:39.165+08:00  WARN 35828 --- [uav-alarm-engine] [ntainer#0-0-C-1] com.uav.alarm.kafka.TelemetryConsumer    : ALARM: [CRITICAL] 地形碰撞 | 地形碰撞风险 | drone=null | pos=(39.91622041041104,116.47178734093221)
2026-06-13T01:06:39.177+08:00  WARN 35828 --- [uav-alarm-engine] [ntainer#0-0-C-1] com.uav.alarm.kafka.TelemetryConsumer    : ALARM: [CRITICAL] 地形碰撞 | 地形碰撞风险 | drone=null | pos=(39.8539926807866,116.48748338190393)
2026-06-13T01:06:39.189+08:00  WARN 35828 --- [uav-alarm-engine] [ntainer#0-0-C-1] com.uav.alarm.kafka.TelemetryConsumer    : ALARM: [CRITICAL] 地形碰撞 | 地形碰撞风险 | drone=null | pos=(39.71264961588894,116.32208163086204)
2026-06-13T01:06:39.201+08:00  WARN 35828 --- [uav-alarm-engine] [ntainer#0-0-C-1] com.uav.alarm.kafka.TelemetryConsumer    : ALARM: [CRITICAL] 地形碰撞 | 地形碰撞风险 | drone=null | pos=(39.67475895040487,116.40371166584951)
2026-06-13T01:06:39.214+08:00  WARN 35828 --- [uav-alarm-engine] [ntainer#0-0-C-1] com.uav.alarm.kafka.TelemetryConsumer    : ALARM: [CRITICAL] 地形碰撞 | 地形碰撞风险 | drone=null | pos=(40.23493458202601,116.35286181533294)
2026-06-13T01:06:39.226+08:00  WARN 35828 --- [uav-alarm-engine] [ntainer#0-0-C-1] com.uav.alarm.kafka.TelemetryConsumer    : ALARM: [CRITICAL] 地形碰撞 | 地形碰撞风险 | drone=null | pos=(39.915838589067505,116.7689105975482)
2026-06-13T01:06:39.239+08:00  WARN 35828 --- [uav-alarm-engine] [ntainer#0-0-C-1] com.uav.alarm.kafka.TelemetryConsumer    : ALARM: [CRITICAL] 地形碰撞 | 地形碰撞风险 | drone=null | pos=(39.98779581189569,116.64618610042895)
2026-06-13T01:06:39.251+08:00  WARN 35828 --- [uav-alarm-engine] [ntainer#0-0-C-1] com.uav.alarm.kafka.TelemetryConsumer    : ALARM: [CRITICAL] 地形碰撞 | 地形碰撞风险 | drone=null | pos=(39.96930982587532,116.45589142780328)
2026-06-13T01:06:39.264+08:00  WARN 35828 --- [uav-alarm-engine] [ntainer#0-0-C-1] com.uav.alarm.kafka.TelemetryConsumer    : ALARM: [CRITICAL] 地形碰撞 | 地形碰撞风险 | drone=null | pos=(39.93224618326004,116.39669079369209)
2026-06-13T01:06:39.277+08:00  WARN 35828 --- [uav-alarm-engine] [ntainer#0-0-C-1] com.uav.alarm.kafka.TelemetryConsumer    : ALARM: [CRITICAL] 地形碰撞 | 地形碰撞风险 | drone=null | pos=(39.8795910908846,116.42029044004055)
2026-06-13T01:06:39.288+08:00  WARN 35828 --- [uav-alarm-engine] [ntainer#0-0-C-1] com.uav.alarm.kafka.TelemetryConsumer    : ALARM: [CRITICAL] 地形碰撞 | 地形碰撞风险 | drone=null | pos=(39.839205119943756,116.04337234822792)
2026-06-13T01:06:39.302+08:00  WARN 35828 --- [uav-alarm-engine] [ntainer#0-0-C-1] com.uav.alarm.kafka.TelemetryConsumer    : ALARM: [CRITICAL] 地形碰撞 | 地形碰撞风险 | drone=null | pos=(39.815444951213436,116.47326166228268)
2026-06-13T01:06:39.314+08:00  WARN 35828 --- [uav-alarm-engine] [ntainer#0-0-C-1] com.uav.alarm.kafka.TelemetryConsumer    : ALARM: [CRITICAL] 地形碰撞 | 地形碰撞风险 | drone=null | pos=(39.96298549226971,116.74667036212632)
2026-06-13T01:06:39.327+08:00  WARN 35828 --- [uav-alarm-engine] [ntainer#0-0-C-1] com.uav.alarm.kafka.TelemetryConsumer    : ALARM: [CRITICAL] 地形碰撞 | 地形碰撞风险 | drone=null | pos=(40.190450783654676,116.64355582634192)
2026-06-13T01:06:39.339+08:00  WARN 35828 --- [uav-alarm-engine] [ntainer#0-0-C-1] com.uav.alarm.kafka.TelemetryConsumer    : ALARM: [CRITICAL] 地形碰撞 | 地形碰撞风险 | drone=null | pos=(39.794158067883394,116.36454899515753)
2026-06-13T01:06:39.352+08:00  WARN 35828 --- [uav-alarm-engine] [ntainer#0-0-C-1] com.uav.alarm.kafka.TelemetryConsumer    : ALARM: [CRITICAL] 地形碰撞 | 地形碰撞风险 | drone=null | pos=(39.86233014869504,116.69934064851616)
2026-06-13T01:06:39.364+08:00  WARN 35828 --- [uav-alarm-engine] [ntainer#0-0-C-1] com.uav.alarm.kafka.TelemetryConsumer    : ALARM: [CRITICAL] 地形碰撞 | 地形碰撞风险 | drone=null | pos=(40.11669785385413,116.66812216807402)
2026-06-13T01:06:39.376+08:00  WARN 35828 --- [uav-alarm-engine] [ntainer#0-0-C-1] com.uav.alarm.kafka.TelemetryConsumer    : ALARM: [CRITICAL] 地形碰撞 | 地形碰撞风险 | drone=null | pos=(39.94538147261768,116.47246889741099)
2026-06-13T01:06:39.388+08:00  WARN 35828 --- [uav-alarm-engine] [ntainer#0-0-C-1] com.uav.alarm.kafka.TelemetryConsumer    : ALARM: [CRITICAL] 地形碰撞 | 地形碰撞风险 | drone=null | pos=(39.99439978472992,116.8276427762296)
2026-06-13T01:06:39.400+08:00  WARN 35828 --- [uav-alarm-engine] [ntainer#0-0-C-1] com.uav.alarm.kafka.TelemetryConsumer    : ALARM: [CRITICAL] 地形碰撞 | 地形碰撞风险 | drone=null | pos=(40.02462033903619,116.12450121203803)
2026-06-13T01:06:39.412+08:00  WARN 35828 --- [uav-alarm-engine] [ntainer#0-0-C-1] com.uav.alarm.kafka.TelemetryConsumer    : ALARM: [CRITICAL] 地形碰撞 | 地形碰撞风险 | drone=null | pos=(39.80457198522693,116.51672353155196)
2026-06-13T01:06:39.426+08:00  WARN 35828 --- [uav-alarm-engine] [ntainer#0-0-C-1] com.uav.alarm.kafka.TelemetryConsumer    : ALARM: [CRITICAL] 地形碰撞 | 地形碰撞风险 | drone=null | pos=(40.04329385561073,116.53202640699412)
2026-06-13T01:06:39.438+08:00  WARN 35828 --- [uav-alarm-engine] [ntainer#0-0-C-1] com.uav.alarm.kafka.TelemetryConsumer    : ALARM: [CRITICAL] 地形碰撞 | 地形碰撞风险 | drone=null | pos=(39.988324196012066,116.46897192112954)
2026-06-13T01:06:39.451+08:00  WARN 35828 --- [uav-alarm-engine] [ntainer#0-0-C-1] com.uav.alarm.kafka.TelemetryConsumer    : ALARM: [CRITICAL] 地形碰撞 | 地形碰撞风险 | drone=null | pos=(39.64207579426218,116.43196510523447)
2026-06-13T01:06:39.465+08:00  WARN 35828 --- [uav-alarm-engine] [ntainer#0-0-C-1] com.uav.alarm.kafka.TelemetryConsumer    : ALARM: [CRITICAL] 地形碰撞 | 地形碰撞风险 | drone=null | pos=(39.941465720354195,116.24355159609871)
2026-06-13T01:06:39.476+08:00  WARN 35828 --- [uav-alarm-engine] [ntainer#0-0-C-1] com.uav.alarm.kafka.TelemetryConsumer    : ALARM: [CRITICAL] 地形碰撞 | 地形碰撞风险 | drone=null | pos=(39.99297755398768,116.4088354508445)
2026-06-13T01:06:39.488+08:00  WARN 35828 --- [uav-alarm-engine] [ntainer#0-0-C-1] com.uav.alarm.kafka.TelemetryConsumer    : ALARM: [CRITICAL] 地形碰撞 | 地形碰撞风险 | drone=null | pos=(40.0525221467663,116.15075809505255)
2026-06-13T01:06:39.501+08:00  WARN 35828 --- [uav-alarm-engine] [ntainer#0-0-C-1] com.uav.alarm.kafka.TelemetryConsumer    : ALARM: [CRITICAL] 地形碰撞 | 地形碰撞风险 | drone=null | pos=(39.727711156503986,116.28496914003084)
2026-06-13T01:06:39.513+08:00  WARN 35828 --- [uav-alarm-engine] [ntainer#0-0-C-1] com.uav.alarm.kafka.TelemetryConsumer    : ALARM: [CRITICAL] 地形碰撞 | 地形碰撞风险 | drone=null | pos=(40.22502502163796,116.61741875663625)
2026-06-13T01:06:39.526+08:00  WARN 35828 --- [uav-alarm-engine] [ntainer#0-0-C-1] com.uav.alarm.kafka.TelemetryConsumer    : ALARM: [CRITICAL] 地形碰撞 | 地形碰撞风险 | drone=null | pos=(40.04883529704549,115.98323791911031)
2026-06-13T01:06:39.538+08:00  WARN 35828 --- [uav-alarm-engine] [ntainer#0-0-C-1] com.uav.alarm.kafka.TelemetryConsumer    : ALARM: [CRITICAL] 地形碰撞 | 地形碰撞风险 | drone=null | pos=(39.60612442250356,116.55232207958231)
2026-06-13T01:06:39.551+08:00  WARN 35828 --- [uav-alarm-engine] [ntainer#0-0-C-1] com.uav.alarm.kafka.TelemetryConsumer    : ALARM: [CRITICAL] 地形碰撞 | 地形碰撞风险 | drone=null | pos=(39.88534552495037,116.43605841125722)
2026-06-13T01:06:39.564+08:00  WARN 35828 --- [uav-alarm-engine] [ntainer#0-0-C-1] com.uav.alarm.kafka.TelemetryConsumer    : ALARM: [CRITICAL] 地形碰撞 | 地形碰撞风险 | drone=null | pos=(39.691835658700654,116.26409441582362)
2026-06-13T01:06:39.575+08:00  WARN 35828 --- [uav-alarm-engine] [ntainer#0-0-C-1] com.uav.alarm.kafka.TelemetryConsumer    : ALARM: [CRITICAL] 地形碰撞 | 地形碰撞风险 | drone=null | pos=(39.93556993059258,116.43132332647713)
2026-06-13T01:06:39.588+08:00  WARN 35828 --- [uav-alarm-engine] [ntainer#0-0-C-1] com.uav.alarm.kafka.TelemetryConsumer    : ALARM: [CRITICAL] 地形碰撞 | 地形碰撞风险 | drone=null | pos=(40.11272836598037,116.68771689386948)
2026-06-13T01:06:39.602+08:00  WARN 35828 --- [uav-alarm-engine] [ntainer#0-0-C-1] com.uav.alarm.kafka.TelemetryConsumer    : ALARM: [CRITICAL] 地形碰撞 | 地形碰撞风险 | drone=null | pos=(39.90242369875324,116.00130232460077)
2026-06-13T01:06:39.615+08:00  WARN 35828 --- [uav-alarm-engine] [ntainer#0-0-C-1] com.uav.alarm.kafka.TelemetryConsumer    : ALARM: [CRITICAL] 地形碰撞 | 地形碰撞风险 | drone=null | pos=(39.86025417114202,116.4184702793044)
2026-06-13T01:06:39.627+08:00  WARN 35828 --- [uav-alarm-engine] [ntainer#0-0-C-1] com.uav.alarm.kafka.TelemetryConsumer    : ALARM: [CRITICAL] 地形碰撞 | 地形碰撞风险 | drone=null | pos=(39.87121387155047,116.45512509910532)
2026-06-13T01:06:39.640+08:00  WARN 35828 --- [uav-alarm-engine] [ntainer#0-0-C-1] com.uav.alarm.kafka.TelemetryConsumer    : ALARM: [CRITICAL] 地形碰撞 | 地形碰撞风险 | drone=null | pos=(40.04273568921813,116.46087984552189)
2026-06-13T01:06:39.652+08:00  WARN 35828 --- [uav-alarm-engine] [ntainer#0-0-C-1] com.uav.alarm.kafka.TelemetryConsumer    : ALARM: [CRITICAL] 地形碰撞 | 地形碰撞风险 | drone=null | pos=(39.932855091687,116.58891792492963)
2026-06-13T01:06:39.664+08:00  WARN 35828 --- [uav-alarm-engine] [ntainer#0-0-C-1] com.uav.alarm.kafka.TelemetryConsumer    : ALARM: [CRITICAL] 地形碰撞 | 地形碰撞风险 | drone=null | pos=(40.08807994348461,116.68999358315023)
2026-06-13T01:06:39.677+08:00  WARN 35828 --- [uav-alarm-engine] [ntainer#0-0-C-1] com.uav.alarm.kafka.TelemetryConsumer    : ALARM: [CRITICAL] 地形碰撞 | 地形碰撞风险 | drone=null | pos=(39.980336268109134,116.76696893315335)
2026-06-13T01:06:39.689+08:00  WARN 35828 --- [uav-alarm-engine] [ntainer#0-0-C-1] com.uav.alarm.kafka.TelemetryConsumer    : ALARM: [CRITICAL] 地形碰撞 | 地形碰撞风险 | drone=null | pos=(39.72892787129695,116.73774043401154)
2026-06-13T01:06:39.702+08:00  WARN 35828 --- [uav-alarm-engine] [ntainer#0-0-C-1] com.uav.alarm.kafka.TelemetryConsumer    : ALARM: [CRITICAL] 地形碰撞 | 地形碰撞风险 | drone=null | pos=(39.90476647995088,116.4160110580802)
2026-06-13T01:06:39.715+08:00  WARN 35828 --- [uav-alarm-engine] [ntainer#0-0-C-1] com.uav.alarm.kafka.TelemetryConsumer    : ALARM: [CRITICAL] 地形碰撞 | 地形碰撞风险 | drone=null | pos=(40.183737872788534,116.48745918321346)
2026-06-13T01:06:39.728+08:00  WARN 35828 --- [uav-alarm-engine] [ntainer#0-0-C-1] com.uav.alarm.kafka.TelemetryConsumer    : ALARM: [CRITICAL] 地形碰撞 | 地形碰撞风险 | drone=null | pos=(39.90497750697492,116.53539378291592)
2026-06-13T01:06:39.741+08:00  WARN 35828 --- [uav-alarm-engine] [ntainer#0-0-C-1] com.uav.alarm.kafka.TelemetryConsumer    : ALARM: [CRITICAL] 地形碰撞 | 地形碰撞风险 | drone=null | pos=(40.03747757296982,116.44260375956185)
2026-06-13T01:06:39.754+08:00  WARN 35828 --- [uav-alarm-engine] [ntainer#0-0-C-1] com.uav.alarm.kafka.TelemetryConsumer    : ALARM: [CRITICAL] 地形碰撞 | 地形碰撞风险 | drone=null | pos=(39.8938854704522,116.70536091306494)
2026-06-13T01:06:39.766+08:00  WARN 35828 --- [uav-alarm-engine] [ntainer#0-0-C-1] com.uav.alarm.kafka.TelemetryConsumer    : ALARM: [CRITICAL] 地形碰撞 | 地形碰撞风险 | drone=null | pos=(39.89586499262108,116.22145015219442)
2026-06-13T01:06:39.778+08:00  WARN 35828 --- [uav-alarm-engine] [ntainer#0-0-C-1] com.uav.alarm.kafka.TelemetryConsumer    : ALARM: [CRITICAL] 地形碰撞 | 地形碰撞风险 | drone=null | pos=(39.925585421225726,116.37810848770873)
2026-06-13T01:06:39.790+08:00  WARN 35828 --- [uav-alarm-engine] [ntainer#0-0-C-1] com.uav.alarm.kafka.TelemetryConsumer    : ALARM: [CRITICAL] 地形碰撞 | 地形碰撞风险 | drone=null | pos=(39.77464057464274,116.47500219855917)
2026-06-13T01:06:39.805+08:00  WARN 35828 --- [uav-alarm-engine] [ntainer#0-0-C-1] com.uav.alarm.kafka.TelemetryConsumer    : ALARM: [CRITICAL] 地形碰撞 | 地形碰撞风险 | drone=null | pos=(39.68329955901639,116.48892644006786)
2026-06-13T01:06:39.817+08:00  WARN 35828 --- [uav-alarm-engine] [ntainer#0-0-C-1] com.uav.alarm.kafka.TelemetryConsumer    : ALARM: [CRITICAL] 地形碰撞 | 地形碰撞风险 | drone=null | pos=(39.939417622813124,116.38147179883154)
2026-06-13T01:06:39.829+08:00  WARN 35828 --- [uav-alarm-engine] [ntainer#0-0-C-1] com.uav.alarm.kafka.TelemetryConsumer    : ALARM: [CRITICAL] 地形碰撞 | 地形碰撞风险 | drone=null | pos=(39.85378528548191,116.26913845750478)
2026-06-13T01:06:39.842+08:00  WARN 35828 --- [uav-alarm-engine] [ntainer#0-0-C-1] com.uav.alarm.kafka.TelemetryConsumer    : ALARM: [CRITICAL] 地形碰撞 | 地形碰撞风险 | drone=null | pos=(39.68924513399792,116.15652584406024)
2026-06-13T01:06:39.855+08:00  WARN 35828 --- [uav-alarm-engine] [ntainer#0-0-C-1] com.uav.alarm.kafka.TelemetryConsumer    : ALARM: [CRITICAL] 地形碰撞 | 地形碰撞风险 | drone=null | pos=(40.101240344237574,116.78642353111685)
2026-06-13T01:06:39.867+08:00  WARN 35828 --- [uav-alarm-engine] [ntainer#0-0-C-1] com.uav.alarm.kafka.TelemetryConsumer    : ALARM: [CRITICAL] 地形碰撞 | 地形碰撞风险 | drone=null | pos=(39.94511779502902,116.34637158807429)
2026-06-13T01:06:39.880+08:00  WARN 35828 --- [uav-alarm-engine] [ntainer#0-0-C-1] com.uav.alarm.kafka.TelemetryConsumer    : ALARM: [CRITICAL] 地形碰撞 | 地形碰撞风险 | drone=null | pos=(39.97721599235682,116.39951983499682)
2026-06-13T01:06:39.893+08:00  WARN 35828 --- [uav-alarm-engine] [ntainer#0-0-C-1] com.uav.alarm.kafka.TelemetryConsumer    : ALARM: [CRITICAL] 地形碰撞 | 地形碰撞风险 | drone=null | pos=(39.87480277594528,116.37805564043326)
2026-06-13T01:06:39.905+08:00  WARN 35828 --- [uav-alarm-engine] [ntainer#0-0-C-1] com.uav.alarm.kafka.TelemetryConsumer    : ALARM: [CRITICAL] 地形碰撞 | 地形碰撞风险 | drone=null | pos=(39.93221968057073,116.37345378785885)
2026-06-13T01:06:39.918+08:00  WARN 35828 --- [uav-alarm-engine] [ntainer#0-0-C-1] com.uav.alarm.kafka.TelemetryConsumer    : ALARM: [CRITICAL] 地形碰撞 | 地形碰撞风险 | drone=null | pos=(39.6092174954601,116.31238885003339)
2026-06-13T01:06:39.930+08:00  WARN 35828 --- [uav-alarm-engine] [ntainer#0-0-C-1] com.uav.alarm.kafka.TelemetryConsumer    : ALARM: [CRITICAL] 地形碰撞 | 地形碰撞风险 | drone=null | pos=(39.75152166690779,116.18414271286777)
2026-06-13T01:06:39.942+08:00  WARN 35828 --- [uav-alarm-engine] [ntainer#0-0-C-1] com.uav.alarm.kafka.TelemetryConsumer    : ALARM: [CRITICAL] 地形碰撞 | 地形碰撞风险 | drone=null | pos=(40.19960746540013,116.15288926994039)
2026-06-13T01:06:39.953+08:00  WARN 35828 --- [uav-alarm-engine] [ntainer#0-0-C-1] com.uav.alarm.kafka.TelemetryConsumer    : ALARM: [CRITICAL] 地形碰撞 | 地形碰撞风险 | drone=null | pos=(39.97914360538841,115.99105857882321)
2026-06-13T01:06:39.966+08:00  WARN 35828 --- [uav-alarm-engine] [ntainer#0-0-C-1] com.uav.alarm.kafka.TelemetryConsumer    : ALARM: [CRITICAL] 地形碰撞 | 地形碰撞风险 | drone=null | pos=(39.753646030881896,116.30010376959298)
2026-06-13T01:06:39.978+08:00  WARN 35828 --- [uav-alarm-engine] [ntainer#0-0-C-1] com.uav.alarm.kafka.TelemetryConsumer    : ALARM: [CRITICAL] 地形碰撞 | 地形碰撞风险 | drone=null | pos=(39.96126568264154,116.54454368210956)
2026-06-13T01:06:39.990+08:00  WARN 35828 --- [uav-alarm-engine] [ntainer#0-0-C-1] com.uav.alarm.kafka.TelemetryConsumer    : ALARM: [CRITICAL] 地形碰撞 | 地形碰撞风险 | drone=null | pos=(39.893729504473285,116.42885146319955)
2026-06-13T01:06:40.002+08:00  WARN 35828 --- [uav-alarm-engine] [ntainer#0-0-C-1] com.uav.alarm.kafka.TelemetryConsumer    : ALARM: [CRITICAL] 地形碰撞 | 地形碰撞风险 | drone=null | pos=(39.610263407732724,116.18512426701979)
2026-06-13T01:06:40.015+08:00  WARN 35828 --- [uav-alarm-engine] [ntainer#0-0-C-1] com.uav.alarm.kafka.TelemetryConsumer    : ALARM: [CRITICAL] 地形碰撞 | 地形碰撞风险 | drone=null | pos=(40.12024846877403,116.24081795966582)
2026-06-13T01:06:40.029+08:00  WARN 35828 --- [uav-alarm-engine] [ntainer#0-0-C-1] com.uav.alarm.kafka.TelemetryConsumer    : ALARM: [CRITICAL] 地形碰撞 | 地形碰撞风险 | drone=null | pos=(39.91424932923681,116.43976184870365)
2026-06-13T01:06:40.042+08:00  WARN 35828 --- [uav-alarm-engine] [ntainer#0-0-C-1] com.uav.alarm.kafka.TelemetryConsumer    : ALARM: [CRITICAL] 地形碰撞 | 地形碰撞风险 | drone=null | pos=(39.757679369544206,116.2268967907209)
2026-06-13T01:06:40.053+08:00  WARN 35828 --- [uav-alarm-engine] [ntainer#0-0-C-1] com.uav.alarm.kafka.TelemetryConsumer    : ALARM: [CRITICAL] 地形碰撞 | 地形碰撞风险 | drone=null | pos=(39.81674961362229,116.53749019883315)
2026-06-13T01:06:40.066+08:00  WARN 35828 --- [uav-alarm-engine] [ntainer#0-0-C-1] com.uav.alarm.kafka.TelemetryConsumer    : ALARM: [CRITICAL] 地形碰撞 | 地形碰撞风险 | drone=null | pos=(39.82847839194346,116.70117879553595)
2026-06-13T01:06:40.079+08:00  WARN 35828 --- [uav-alarm-engine] [ntainer#0-0-C-1] com.uav.alarm.kafka.TelemetryConsumer    : ALARM: [CRITICAL] 地形碰撞 | 地形碰撞风险 | drone=null | pos=(39.90017687661995,116.40472106607287)
2026-06-13T01:06:40.091+08:00  WARN 35828 --- [uav-alarm-engine] [ntainer#0-0-C-1] com.uav.alarm.kafka.TelemetryConsumer    : ALARM: [CRITICAL] 地形碰撞 | 地形碰撞风险 | drone=null | pos=(39.89992837662256,116.41364502733737)
2026-06-13T01:06:40.104+08:00  WARN 35828 --- [uav-alarm-engine] [ntainer#0-0-C-1] com.uav.alarm.kafka.TelemetryConsumer    : ALARM: [CRITICAL] 地形碰撞 | 地形碰撞风险 | drone=null | pos=(39.592793581369946,116.27377160258389)
2026-06-13T01:06:40.116+08:00  WARN 35828 --- [uav-alarm-engine] [ntainer#0-0-C-1] com.uav.alarm.kafka.TelemetryConsumer    : ALARM: [CRITICAL] 地形碰撞 | 地形碰撞风险 | drone=null | pos=(39.94394018019729,116.37921865494111)
2026-06-13T01:06:40.128+08:00  WARN 35828 --- [uav-alarm-engine] [ntainer#0-0-C-1] com.uav.alarm.kafka.TelemetryConsumer    : ALARM: [CRITICAL] 地形碰撞 | 地形碰撞风险 | drone=null | pos=(39.86565444154278,116.45969133851192)
2026-06-13T01:06:40.141+08:00  WARN 35828 --- [uav-alarm-engine] [ntainer#0-0-C-1] com.uav.alarm.kafka.TelemetryConsumer    : ALARM: [CRITICAL] 地形碰撞 | 地形碰撞风险 | drone=null | pos=(40.16677325510935,116.14640438828292)
2026-06-13T01:06:40.152+08:00  WARN 35828 --- [uav-alarm-engine] [ntainer#0-0-C-1] com.uav.alarm.kafka.TelemetryConsumer    : ALARM: [CRITICAL] 地形碰撞 | 地形碰撞风险 | drone=null | pos=(39.90092394598512,116.43036211956634)
2026-06-13T01:06:40.165+08:00  WARN 35828 --- [uav-alarm-engine] [ntainer#0-0-C-1] com.uav.alarm.kafka.TelemetryConsumer    : ALARM: [CRITICAL] 地形碰撞 | 地形碰撞风险 | drone=null | pos=(39.63408560157748,116.11228958093565)
2026-06-13T01:06:40.177+08:00  WARN 35828 --- [uav-alarm-engine] [ntainer#0-0-C-1] com.uav.alarm.kafka.TelemetryConsumer    : ALARM: [CRITICAL] 地形碰撞 | 地形碰撞风险 | drone=null | pos=(39.93027630650754,116.57386843149044)
2026-06-13T01:06:40.190+08:00  WARN 35828 --- [uav-alarm-engine] [ntainer#0-0-C-1] com.uav.alarm.kafka.TelemetryConsumer    : ALARM: [CRITICAL] 地形碰撞 | 地形碰撞风险 | drone=null | pos=(39.71574591842176,116.2906382354639)
2026-06-13T01:06:40.202+08:00  WARN 35828 --- [uav-alarm-engine] [ntainer#0-0-C-1] com.uav.alarm.kafka.TelemetryConsumer    : ALARM: [CRITICAL] 地形碰撞 | 地形碰撞风险 | drone=null | pos=(39.84192446356088,116.5276093154063)
2026-06-13T01:06:40.214+08:00  WARN 35828 --- [uav-alarm-engine] [ntainer#0-0-C-1] com.uav.alarm.kafka.TelemetryConsumer    : ALARM: [CRITICAL] 地形碰撞 | 地形碰撞风险 | drone=null | pos=(39.95492556007735,116.02154443114024)
2026-06-13T01:06:40.225+08:00  WARN 35828 --- [uav-alarm-engine] [ntainer#0-0-C-1] com.uav.alarm.kafka.TelemetryConsumer    : ALARM: [CRITICAL] 地形碰撞 | 地形碰撞风险 | drone=null | pos=(40.10735664999234,116.6388410496382)
2026-06-13T01:06:40.237+08:00  WARN 35828 --- [uav-alarm-engine] [ntainer#0-0-C-1] com.uav.alarm.kafka.TelemetryConsumer    : ALARM: [CRITICAL] 地形碰撞 | 地形碰撞风险 | drone=null | pos=(40.005076872955705,116.19131341589078)
2026-06-13T01:06:40.251+08:00  WARN 35828 --- [uav-alarm-engine] [ntainer#0-0-C-1] com.uav.alarm.kafka.TelemetryConsumer    : ALARM: [CRITICAL] 地形碰撞 | 地形碰撞风险 | drone=null | pos=(39.97299572775637,116.32683074859956)
2026-06-13T01:06:40.263+08:00  WARN 35828 --- [uav-alarm-engine] [ntainer#0-0-C-1] com.uav.alarm.kafka.TelemetryConsumer    : ALARM: [CRITICAL] 地形碰撞 | 地形碰撞风险 | drone=null | pos=(40.03484935196219,116.18454641075212)
2026-06-13T01:06:40.276+08:00  WARN 35828 --- [uav-alarm-engine] [ntainer#0-0-C-1] com.uav.alarm.kafka.TelemetryConsumer    : ALARM: [CRITICAL] 地形碰撞 | 地形碰撞风险 | drone=null | pos=(40.162274862338194,116.2123815940819)
2026-06-13T01:06:40.288+08:00  WARN 35828 --- [uav-alarm-engine] [ntainer#0-0-C-1] com.uav.alarm.kafka.TelemetryConsumer    : ALARM: [CRITICAL] 地形碰撞 | 地形碰撞风险 | drone=null | pos=(39.98265580987163,116.43112609217326)
2026-06-13T01:06:40.300+08:00  WARN 35828 --- [uav-alarm-engine] [ntainer#0-0-C-1] com.uav.alarm.kafka.TelemetryConsumer    : ALARM: [CRITICAL] 地形碰撞 | 地形碰撞风险 | drone=null | pos=(40.01258734958986,115.98995667741765)
2026-06-13T01:06:40.312+08:00  WARN 35828 --- [uav-alarm-engine] [ntainer#0-0-C-1] com.uav.alarm.kafka.TelemetryConsumer    : ALARM: [CRITICAL] 地形碰撞 | 地形碰撞风险 | drone=null | pos=(40.00672285754533,116.77939442261135)
2026-06-13T01:06:40.325+08:00  WARN 35828 --- [uav-alarm-engine] [ntainer#0-0-C-1] com.uav.alarm.kafka.TelemetryConsumer    : ALARM: [CRITICAL] 地形碰撞 | 地形碰撞风险 | drone=null | pos=(39.92432659781932,116.4380245152966)
2026-06-13T01:06:40.337+08:00  WARN 35828 --- [uav-alarm-engine] [ntainer#0-0-C-1] com.uav.alarm.kafka.TelemetryConsumer    : ALARM: [CRITICAL] 地形碰撞 | 地形碰撞风险 | drone=null | pos=(39.91394455090183,116.68199416210345)
2026-06-13T01:06:40.350+08:00  WARN 35828 --- [uav-alarm-engine] [ntainer#0-0-C-1] com.uav.alarm.kafka.TelemetryConsumer    : ALARM: [CRITICAL] 地形碰撞 | 地形碰撞风险 | drone=null | pos=(39.853108445860876,116.3992549195514)
2026-06-13T01:06:40.362+08:00  WARN 35828 --- [uav-alarm-engine] [ntainer#0-0-C-1] com.uav.alarm.kafka.TelemetryConsumer    : ALARM: [CRITICAL] 地形碰撞 | 地形碰撞风险 | drone=null | pos=(39.846604114322254,116.48450891885012)
2026-06-13T01:06:40.374+08:00  WARN 35828 --- [uav-alarm-engine] [ntainer#0-0-C-1] com.uav.alarm.kafka.TelemetryConsumer    : ALARM: [CRITICAL] 地形碰撞 | 地形碰撞风险 | drone=null | pos=(39.9014166377618,116.47220645791806)
2026-06-13T01:06:40.386+08:00  WARN 35828 --- [uav-alarm-engine] [ntainer#0-0-C-1] com.uav.alarm.kafka.TelemetryConsumer    : ALARM: [CRITICAL] 地形碰撞 | 地形碰撞风险 | drone=null | pos=(39.95137480450391,116.59441911695676)
2026-06-13T01:06:40.397+08:00  WARN 35828 --- [uav-alarm-engine] [ntainer#0-0-C-1] com.uav.alarm.kafka.TelemetryConsumer    : ALARM: [CRITICAL] 地形碰撞 | 地形碰撞风险 | drone=null | pos=(39.97318065109285,116.20385744941883)
2026-06-13T01:06:40.411+08:00  WARN 35828 --- [uav-alarm-engine] [ntainer#0-0-C-1] com.uav.alarm.kafka.TelemetryConsumer    : ALARM: [CRITICAL] 地形碰撞 | 地形碰撞风险 | drone=null | pos=(39.99858918257783,116.71704931253578)
2026-06-13T01:06:40.422+08:00  WARN 35828 --- [uav-alarm-engine] [ntainer#0-0-C-1] com.uav.alarm.kafka.TelemetryConsumer    : ALARM: [CRITICAL] 地形碰撞 | 地形碰撞风险 | drone=null | pos=(40.05557382908802,116.38115280710541)
2026-06-13T01:06:40.436+08:00  WARN 35828 --- [uav-alarm-engine] [ntainer#0-0-C-1] com.uav.alarm.kafka.TelemetryConsumer    : ALARM: [CRITICAL] 地形碰撞 | 地形碰撞风险 | drone=null | pos=(39.86965547573134,116.24755972053043)
2026-06-13T01:06:40.448+08:00  WARN 35828 --- [uav-alarm-engine] [ntainer#0-0-C-1] com.uav.alarm.kafka.TelemetryConsumer    : ALARM: [CRITICAL] 地形碰撞 | 地形碰撞风险 | drone=null | pos=(39.89020937963134,116.69736398959881)
2026-06-13T01:06:40.461+08:00  WARN 35828 --- [uav-alarm-engine] [ntainer#0-0-C-1] com.uav.alarm.kafka.TelemetryConsumer    : ALARM: [CRITICAL] 地形碰撞 | 地形碰撞风险 | drone=null | pos=(39.97845807646214,116.37745578566363)
2026-06-13T01:06:40.473+08:00  WARN 35828 --- [uav-alarm-engine] [ntainer#0-0-C-1] com.uav.alarm.kafka.TelemetryConsumer    : ALARM: [CRITICAL] 地形碰撞 | 地形碰撞风险 | drone=null | pos=(39.904486961967635,116.40707604178901)
2026-06-13T01:06:40.486+08:00  WARN 35828 --- [uav-alarm-engine] [ntainer#0-0-C-1] com.uav.alarm.kafka.TelemetryConsumer    : ALARM: [CRITICAL] 地形碰撞 | 地形碰撞风险 | drone=null | pos=(39.79604458405474,116.46047910526289)
2026-06-13T01:06:40.497+08:00  WARN 35828 --- [uav-alarm-engine] [ntainer#0-0-C-1] com.uav.alarm.kafka.TelemetryConsumer    : ALARM: [CRITICAL] 地形碰撞 | 地形碰撞风险 | drone=null | pos=(39.96126709360215,116.54261860181592)
2026-06-13T01:06:40.510+08:00  WARN 35828 --- [uav-alarm-engine] [ntainer#0-0-C-1] com.uav.alarm.kafka.TelemetryConsumer    : ALARM: [CRITICAL] 地形碰撞 | 地形碰撞风险 | drone=null | pos=(40.03233593597844,116.42079998264849)
2026-06-13T01:06:40.521+08:00  WARN 35828 --- [uav-alarm-engine] [ntainer#0-0-C-1] com.uav.alarm.kafka.TelemetryConsumer    : ALARM: [CRITICAL] 地形碰撞 | 地形碰撞风险 | drone=null | pos=(39.76179696904648,116.53716427800096)
2026-06-13T01:06:40.534+08:00  WARN 35828 --- [uav-alarm-engine] [ntainer#0-0-C-1] com.uav.alarm.kafka.TelemetryConsumer    : ALARM: [CRITICAL] 地形碰撞 | 地形碰撞风险 | drone=null | pos=(40.112337065500554,116.63211851360072)
2026-06-13T01:06:40.545+08:00  WARN 35828 --- [uav-alarm-engine] [ntainer#0-0-C-1] com.uav.alarm.kafka.TelemetryConsumer    : ALARM: [CRITICAL] 地形碰撞 | 地形碰撞风险 | drone=null | pos=(39.92070120700444,116.375923646503)
2026-06-13T01:06:40.558+08:00  WARN 35828 --- [uav-alarm-engine] [ntainer#0-0-C-1] com.uav.alarm.kafka.TelemetryConsumer    : ALARM: [CRITICAL] 地形碰撞 | 地形碰撞风险 | drone=null | pos=(39.890766073230516,116.37815635000428)
2026-06-13T01:06:40.570+08:00  WARN 35828 --- [uav-alarm-engine] [ntainer#0-0-C-1] com.uav.alarm.kafka.TelemetryConsumer    : ALARM: [CRITICAL] 地形碰撞 | 地形碰撞风险 | drone=null | pos=(39.71602313999654,116.12402702714797)
2026-06-13T01:06:40.583+08:00  WARN 35828 --- [uav-alarm-engine] [ntainer#0-0-C-1] com.uav.alarm.kafka.TelemetryConsumer    : ALARM: [CRITICAL] 地形碰撞 | 地形碰撞风险 | drone=null | pos=(39.907646141492286,116.29616877067127)
2026-06-13T01:06:40.596+08:00  WARN 35828 --- [uav-alarm-engine] [ntainer#0-0-C-1] com.uav.alarm.kafka.TelemetryConsumer    : ALARM: [CRITICAL] 地形碰撞 | 地形碰撞风险 | drone=null | pos=(39.884801711291566,116.43203773499043)
2026-06-13T01:06:40.609+08:00  WARN 35828 --- [uav-alarm-engine] [ntainer#0-0-C-1] com.uav.alarm.kafka.TelemetryConsumer    : ALARM: [CRITICAL] 地形碰撞 | 地形碰撞风险 | drone=null | pos=(39.961509609374225,116.51310736839574)
2026-06-13T01:06:40.622+08:00  WARN 35828 --- [uav-alarm-engine] [ntainer#0-0-C-1] com.uav.alarm.kafka.TelemetryConsumer    : ALARM: [CRITICAL] 地形碰撞 | 地形碰撞风险 | drone=null | pos=(39.871301588774,116.43163815051783)
2026-06-13T01:06:40.633+08:00  WARN 35828 --- [uav-alarm-engine] [ntainer#0-0-C-1] com.uav.alarm.kafka.TelemetryConsumer    : ALARM: [CRITICAL] 地形碰撞 | 地形碰撞风险 | drone=null | pos=(39.78097580789316,116.38907943233957)
2026-06-13T01:06:40.646+08:00  WARN 35828 --- [uav-alarm-engine] [ntainer#0-0-C-1] com.uav.alarm.kafka.TelemetryConsumer    : ALARM: [CRITICAL] 地形碰撞 | 地形碰撞风险 | drone=null | pos=(39.90109740438059,116.41353536369411)
2026-06-13T01:06:40.658+08:00  WARN 35828 --- [uav-alarm-engine] [ntainer#0-0-C-1] com.uav.alarm.kafka.TelemetryConsumer    : ALARM: [CRITICAL] 地形碰撞 | 地形碰撞风险 | drone=null | pos=(39.69264829574624,116.09843566236067)
2026-06-13T01:06:40.671+08:00  WARN 35828 --- [uav-alarm-engine] [ntainer#0-0-C-1] com.uav.alarm.kafka.TelemetryConsumer    : ALARM: [CRITICAL] 地形碰撞 | 地形碰撞风险 | drone=null | pos=(39.865258869073905,116.38362645129578)
2026-06-13T01:06:40.683+08:00  WARN 35828 --- [uav-alarm-engine] [ntainer#0-0-C-1] com.uav.alarm.kafka.TelemetryConsumer    : ALARM: [CRITICAL] 地形碰撞 | 地形碰撞风险 | drone=null | pos=(39.88470882630847,116.55091061479058)
2026-06-13T01:06:40.694+08:00  WARN 35828 --- [uav-alarm-engine] [ntainer#0-0-C-1] com.uav.alarm.kafka.TelemetryConsumer    : ALARM: [CRITICAL] 地形碰撞 | 地形碰撞风险 | drone=null | pos=(39.81263828666882,116.84398376948882)
2026-06-13T01:06:40.707+08:00  WARN 35828 --- [uav-alarm-engine] [ntainer#0-0-C-1] com.uav.alarm.kafka.TelemetryConsumer    : ALARM: [CRITICAL] 地形碰撞 | 地形碰撞风险 | drone=null | pos=(39.93028644562233,116.66831066179152)
2026-06-13T01:06:40.720+08:00  WARN 35828 --- [uav-alarm-engine] [ntainer#0-0-C-1] com.uav.alarm.kafka.TelemetryConsumer    : ALARM: [CRITICAL] 地形碰撞 | 地形碰撞风险 | drone=null | pos=(39.88651816083717,116.40975732590033)
2026-06-13T01:06:40.731+08:00  WARN 35828 --- [uav-alarm-engine] [ntainer#0-0-C-1] com.uav.alarm.kafka.TelemetryConsumer    : ALARM: [CRITICAL] 地形碰撞 | 地形碰撞风险 | drone=null | pos=(39.90365593847179,116.3709921158174)
2026-06-13T01:06:40.745+08:00  WARN 35828 --- [uav-alarm-engine] [ntainer#0-0-C-1] com.uav.alarm.kafka.TelemetryConsumer    : ALARM: [CRITICAL] 地形碰撞 | 地形碰撞风险 | drone=null | pos=(39.986671027582176,116.4974684102856)
2026-06-13T01:06:40.756+08:00  WARN 35828 --- [uav-alarm-engine] [ntainer#0-0-C-1] com.uav.alarm.kafka.TelemetryConsumer    : ALARM: [CRITICAL] 地形碰撞 | 地形碰撞风险 | drone=null | pos=(40.034958376540196,116.10837900266992)
2026-06-13T01:06:40.768+08:00  WARN 35828 --- [uav-alarm-engine] [ntainer#0-0-C-1] com.uav.alarm.kafka.TelemetryConsumer    : ALARM: [CRITICAL] 地形碰撞 | 地形碰撞风险 | drone=null | pos=(40.129276775765085,116.12172615379724)
2026-06-13T01:06:40.780+08:00  WARN 35828 --- [uav-alarm-engine] [ntainer#0-0-C-1] com.uav.alarm.kafka.TelemetryConsumer    : ALARM: [CRITICAL] 地形碰撞 | 地形碰撞风险 | drone=null | pos=(39.84802262186272,116.48477444597582)
2026-06-13T01:06:40.793+08:00  WARN 35828 --- [uav-alarm-engine] [ntainer#0-0-C-1] com.uav.alarm.kafka.TelemetryConsumer    : ALARM: [CRITICAL] 地形碰撞 | 地形碰撞风险 | drone=null | pos=(39.8710954726739,116.41218799295781)
2026-06-13T01:06:40.805+08:00  WARN 35828 --- [uav-alarm-engine] [ntainer#0-0-C-1] com.uav.alarm.kafka.TelemetryConsumer    : ALARM: [CRITICAL] 地形碰撞 | 地形碰撞风险 | drone=null | pos=(39.791465768485224,116.57091300316401)
2026-06-13T01:06:40.818+08:00  WARN 35828 --- [uav-alarm-engine] [ntainer#0-0-C-1] com.uav.alarm.kafka.TelemetryConsumer    : ALARM: [CRITICAL] 地形碰撞 | 地形碰撞风险 | drone=null | pos=(40.2188460071496,116.25292043496208)
2026-06-13T01:06:40.830+08:00  WARN 35828 --- [uav-alarm-engine] [ntainer#0-0-C-1] com.uav.alarm.kafka.TelemetryConsumer    : ALARM: [CRITICAL] 地形碰撞 | 地形碰撞风险 | drone=null | pos=(39.90577759140141,116.51164898755218)
2026-06-13T01:06:40.843+08:00  WARN 35828 --- [uav-alarm-engine] [ntainer#0-0-C-1] com.uav.alarm.kafka.TelemetryConsumer    : ALARM: [CRITICAL] 地形碰撞 | 地形碰撞风险 | drone=null | pos=(39.881962878543426,116.21697325426233)
2026-06-13T01:06:40.854+08:00  WARN 35828 --- [uav-alarm-engine] [ntainer#0-0-C-1] com.uav.alarm.kafka.TelemetryConsumer    : ALARM: [CRITICAL] 地形碰撞 | 地形碰撞风险 | drone=null | pos=(40.074804056866,116.10625227795077)
2026-06-13T01:06:40.866+08:00  WARN 35828 --- [uav-alarm-engine] [ntainer#0-0-C-1] com.uav.alarm.kafka.TelemetryConsumer    : ALARM: [CRITICAL] 地形碰撞 | 地形碰撞风险 | drone=null | pos=(39.927444414261736,116.68572995695435)
2026-06-13T01:06:40.879+08:00  WARN 35828 --- [uav-alarm-engine] [ntainer#0-0-C-1] com.uav.alarm.kafka.TelemetryConsumer    : ALARM: [CRITICAL] 地形碰撞 | 地形碰撞风险 | drone=null | pos=(40.213584229459116,116.39630830612754)
2026-06-13T01:06:40.890+08:00  WARN 35828 --- [uav-alarm-engine] [ntainer#0-0-C-1] com.uav.alarm.kafka.TelemetryConsumer    : ALARM: [CRITICAL] 地形碰撞 | 地形碰撞风险 | drone=null | pos=(39.81336632565524,116.71593428093698)
2026-06-13T01:06:40.903+08:00  WARN 35828 --- [uav-alarm-engine] [ntainer#0-0-C-1] com.uav.alarm.kafka.TelemetryConsumer    : ALARM: [CRITICAL] 地形碰撞 | 地形碰撞风险 | drone=null | pos=(39.86430624936323,116.2833048179274)
2026-06-13T01:06:40.916+08:00  WARN 35828 --- [uav-alarm-engine] [ntainer#0-0-C-1] com.uav.alarm.kafka.TelemetryConsumer    : ALARM: [CRITICAL] 地形碰撞 | 地形碰撞风险 | drone=null | pos=(39.81165854611936,116.35296815567915)
2026-06-13T01:06:40.928+08:00  WARN 35828 --- [uav-alarm-engine] [ntainer#0-0-C-1] com.uav.alarm.kafka.TelemetryConsumer    : ALARM: [CRITICAL] 地形碰撞 | 地形碰撞风险 | drone=null | pos=(40.11344142762426,116.11443155577082)
2026-06-13T01:06:40.940+08:00  WARN 35828 --- [uav-alarm-engine] [ntainer#0-0-C-1] com.uav.alarm.kafka.TelemetryConsumer    : ALARM: [CRITICAL] 地形碰撞 | 地形碰撞风险 | drone=null | pos=(39.90641611245545,116.75478259306763)
2026-06-13T01:06:40.956+08:00  WARN 35828 --- [uav-alarm-engine] [ntainer#0-0-C-1] com.uav.alarm.kafka.TelemetryConsumer    : ALARM: [CRITICAL] 地形碰撞 | 地形碰撞风险 | drone=null | pos=(39.93766359251426,116.28410987805051)
2026-06-13T01:06:40.967+08:00  WARN 35828 --- [uav-alarm-engine] [ntainer#0-0-C-1] com.uav.alarm.kafka.TelemetryConsumer    : ALARM: [CRITICAL] 地形碰撞 | 地形碰撞风险 | drone=null | pos=(39.88258106158515,116.35448007220053)
2026-06-13T01:06:40.979+08:00  WARN 35828 --- [uav-alarm-engine] [ntainer#0-0-C-1] com.uav.alarm.kafka.TelemetryConsumer    : ALARM: [CRITICAL] 地形碰撞 | 地形碰撞风险 | drone=null | pos=(39.794611341787515,116.47815244409918)
2026-06-13T01:06:40.992+08:00  WARN 35828 --- [uav-alarm-engine] [ntainer#0-0-C-1] com.uav.alarm.kafka.TelemetryConsumer    : ALARM: [CRITICAL] 地形碰撞 | 地形碰撞风险 | drone=null | pos=(39.75524181259004,116.56320229786036)
2026-06-13T01:06:41.004+08:00  WARN 35828 --- [uav-alarm-engine] [ntainer#0-0-C-1] com.uav.alarm.kafka.TelemetryConsumer    : ALARM: [CRITICAL] 地形碰撞 | 地形碰撞风险 | drone=null | pos=(40.07103323524185,116.25354463501859)
2026-06-13T01:06:41.017+08:00  WARN 35828 --- [uav-alarm-engine] [ntainer#0-0-C-1] com.uav.alarm.kafka.TelemetryConsumer    : ALARM: [CRITICAL] 地形碰撞 | 地形碰撞风险 | drone=null | pos=(40.24398345121329,116.51122044518071)
2026-06-13T01:06:41.030+08:00  WARN 35828 --- [uav-alarm-engine] [ntainer#0-0-C-1] com.uav.alarm.kafka.TelemetryConsumer    : ALARM: [CRITICAL] 地形碰撞 | 地形碰撞风险 | drone=null | pos=(39.90909885153813,116.41656807024896)
2026-06-13T01:06:41.042+08:00  WARN 35828 --- [uav-alarm-engine] [ntainer#0-0-C-1] com.uav.alarm.kafka.TelemetryConsumer    : ALARM: [CRITICAL] 地形碰撞 | 地形碰撞风险 | drone=null | pos=(39.78785306287211,116.32336435981045)
2026-06-13T01:06:41.055+08:00  WARN 35828 --- [uav-alarm-engine] [ntainer#0-0-C-1] com.uav.alarm.kafka.TelemetryConsumer    : ALARM: [CRITICAL] 地形碰撞 | 地形碰撞风险 | drone=null | pos=(39.85563225397585,116.35381584776673)
2026-06-13T01:06:41.067+08:00  WARN 35828 --- [uav-alarm-engine] [ntainer#0-0-C-1] com.uav.alarm.kafka.TelemetryConsumer    : ALARM: [CRITICAL] 地形碰撞 | 地形碰撞风险 | drone=null | pos=(39.803035674830376,116.52880945872721)
2026-06-13T01:06:41.080+08:00  WARN 35828 --- [uav-alarm-engine] [ntainer#0-0-C-1] com.uav.alarm.kafka.TelemetryConsumer    : ALARM: [CRITICAL] 地形碰撞 | 地形碰撞风险 | drone=null | pos=(39.63039060745614,116.53355614935016)
2026-06-13T01:06:41.093+08:00  WARN 35828 --- [uav-alarm-engine] [ntainer#0-0-C-1] com.uav.alarm.kafka.TelemetryConsumer    : ALARM: [CRITICAL] 地形碰撞 | 地形碰撞风险 | drone=null | pos=(40.049068305967666,116.52853725163024)
2026-06-13T01:06:41.107+08:00  WARN 35828 --- [uav-alarm-engine] [ntainer#0-0-C-1] com.uav.alarm.kafka.TelemetryConsumer    : ALARM: [CRITICAL] 地形碰撞 | 地形碰撞风险 | drone=null | pos=(39.99509954522073,116.37853296219949)
2026-06-13T01:06:41.121+08:00  WARN 35828 --- [uav-alarm-engine] [ntainer#0-0-C-1] com.uav.alarm.kafka.TelemetryConsumer    : ALARM: [CRITICAL] 地形碰撞 | 地形碰撞风险 | drone=null | pos=(39.90469832939341,116.4011328300692)
2026-06-13T01:06:41.136+08:00  WARN 35828 --- [uav-alarm-engine] [ntainer#0-0-C-1] com.uav.alarm.kafka.TelemetryConsumer    : ALARM: [CRITICAL] 地形碰撞 | 地形碰撞风险 | drone=null | pos=(39.93173732983655,116.01817923568169)
2026-06-13T01:06:41.148+08:00  WARN 35828 --- [uav-alarm-engine] [ntainer#0-0-C-1] com.uav.alarm.kafka.TelemetryConsumer    : ALARM: [CRITICAL] 地形碰撞 | 地形碰撞风险 | drone=null | pos=(40.09257526080414,116.63216273111247)
2026-06-13T01:06:41.161+08:00  WARN 35828 --- [uav-alarm-engine] [ntainer#0-0-C-1] com.uav.alarm.kafka.TelemetryConsumer    : ALARM: [CRITICAL] 地形碰撞 | 地形碰撞风险 | drone=null | pos=(40.1546721757873,116.44305819737124)
2026-06-13T01:06:41.175+08:00  WARN 35828 --- [uav-alarm-engine] [ntainer#0-0-C-1] com.uav.alarm.kafka.TelemetryConsumer    : ALARM: [CRITICAL] 地形碰撞 | 地形碰撞风险 | drone=null | pos=(39.8799902785388,116.37129215816881)
2026-06-13T01:06:41.187+08:00  WARN 35828 --- [uav-alarm-engine] [ntainer#0-0-C-1] com.uav.alarm.kafka.TelemetryConsumer    : ALARM: [CRITICAL] 地形碰撞 | 地形碰撞风险 | drone=null | pos=(39.994740311034555,116.77395043282145)
2026-06-13T01:06:41.200+08:00  WARN 35828 --- [uav-alarm-engine] [ntainer#0-0-C-1] com.uav.alarm.kafka.TelemetryConsumer    : ALARM: [CRITICAL] 地形碰撞 | 地形碰撞风险 | drone=null | pos=(40.262413446707775,116.41280022735269)
2026-06-13T01:06:41.214+08:00  WARN 35828 --- [uav-alarm-engine] [ntainer#0-0-C-1] com.uav.alarm.kafka.TelemetryConsumer    : ALARM: [CRITICAL] 地形碰撞 | 地形碰撞风险 | drone=null | pos=(39.7413100212589,116.15247729362365)
2026-06-13T01:06:41.226+08:00  WARN 35828 --- [uav-alarm-engine] [ntainer#0-0-C-1] com.uav.alarm.kafka.TelemetryConsumer    : ALARM: [CRITICAL] 地形碰撞 | 地形碰撞风险 | drone=null | pos=(40.16841205569567,116.6583400407048)
2026-06-13T01:06:41.239+08:00  WARN 35828 --- [uav-alarm-engine] [ntainer#0-0-C-1] com.uav.alarm.kafka.TelemetryConsumer    : ALARM: [CRITICAL] 地形碰撞 | 地形碰撞风险 | drone=null | pos=(39.744395569874925,116.28473204477666)
2026-06-13T01:06:41.251+08:00  WARN 35828 --- [uav-alarm-engine] [ntainer#0-0-C-1] com.uav.alarm.kafka.TelemetryConsumer    : ALARM: [CRITICAL] 地形碰撞 | 地形碰撞风险 | drone=null | pos=(39.66975366144698,116.13625316349166)
2026-06-13T01:06:41.264+08:00  WARN 35828 --- [uav-alarm-engine] [ntainer#0-0-C-1] com.uav.alarm.kafka.TelemetryConsumer    : ALARM: [CRITICAL] 地形碰撞 | 地形碰撞风险 | drone=null | pos=(39.94429420304857,116.4865257065521)
2026-06-13T01:06:41.277+08:00  WARN 35828 --- [uav-alarm-engine] [ntainer#0-0-C-1] com.uav.alarm.kafka.TelemetryConsumer    : ALARM: [CRITICAL] 地形碰撞 | 地形碰撞风险 | drone=null | pos=(40.158106136700624,116.313733592424)
2026-06-13T01:06:41.288+08:00  WARN 35828 --- [uav-alarm-engine] [ntainer#0-0-C-1] com.uav.alarm.kafka.TelemetryConsumer    : ALARM: [CRITICAL] 地形碰撞 | 地形碰撞风险 | drone=null | pos=(39.754653703819436,116.60551557446917)
2026-06-13T01:06:41.302+08:00  WARN 35828 --- [uav-alarm-engine] [ntainer#0-0-C-1] com.uav.alarm.kafka.TelemetryConsumer    : ALARM: [CRITICAL] 地形碰撞 | 地形碰撞风险 | drone=null | pos=(39.69580596155552,116.45787434232297)
2026-06-13T01:06:41.314+08:00  WARN 35828 --- [uav-alarm-engine] [ntainer#0-0-C-1] com.uav.alarm.kafka.TelemetryConsumer    : ALARM: [CRITICAL] 地形碰撞 | 地形碰撞风险 | drone=null | pos=(39.940625581131684,116.86469927956523)
2026-06-13T01:06:41.326+08:00  WARN 35828 --- [uav-alarm-engine] [ntainer#0-0-C-1] com.uav.alarm.kafka.TelemetryConsumer    : ALARM: [CRITICAL] 地形碰撞 | 地形碰撞风险 | drone=null | pos=(39.960503038446326,116.80830111828948)
2026-06-13T01:06:41.338+08:00  WARN 35828 --- [uav-alarm-engine] [ntainer#0-0-C-1] com.uav.alarm.kafka.TelemetryConsumer    : ALARM: [CRITICAL] 地形碰撞 | 地形碰撞风险 | drone=null | pos=(40.037269380890685,116.19134646367394)
2026-06-13T01:06:41.351+08:00  WARN 35828 --- [uav-alarm-engine] [ntainer#0-0-C-1] com.uav.alarm.kafka.TelemetryConsumer    : ALARM: [CRITICAL] 地形碰撞 | 地形碰撞风险 | drone=null | pos=(40.0909166253547,116.52720503659569)
2026-06-13T01:06:41.363+08:00  WARN 35828 --- [uav-alarm-engine] [ntainer#0-0-C-1] com.uav.alarm.kafka.TelemetryConsumer    : ALARM: [CRITICAL] 地形碰撞 | 地形碰撞风险 | drone=null | pos=(40.151340609786004,116.16348011231885)
2026-06-13T01:06:41.375+08:00  WARN 35828 --- [uav-alarm-engine] [ntainer#0-0-C-1] com.uav.alarm.kafka.TelemetryConsumer    : ALARM: [CRITICAL] 地形碰撞 | 地形碰撞风险 | drone=null | pos=(39.82542309885541,116.49303664090975)
2026-06-13T01:06:41.387+08:00  WARN 35828 --- [uav-alarm-engine] [ntainer#0-0-C-1] com.uav.alarm.kafka.TelemetryConsumer    : ALARM: [CRITICAL] 地形碰撞 | 地形碰撞风险 | drone=null | pos=(39.92643873563229,116.43550578082412)
2026-06-13T01:06:41.399+08:00  WARN 35828 --- [uav-alarm-engine] [ntainer#0-0-C-1] com.uav.alarm.kafka.TelemetryConsumer    : ALARM: [CRITICAL] 地形碰撞 | 地形碰撞风险 | drone=null | pos=(39.67235714258679,116.72324584856437)
2026-06-13T01:06:41.411+08:00  WARN 35828 --- [uav-alarm-engine] [ntainer#0-0-C-1] com.uav.alarm.kafka.TelemetryConsumer    : ALARM: [CRITICAL] 地形碰撞 | 地形碰撞风险 | drone=null | pos=(40.06546544839892,116.3084349359425)
2026-06-13T01:06:41.425+08:00  WARN 35828 --- [uav-alarm-engine] [ntainer#0-0-C-1] com.uav.alarm.kafka.TelemetryConsumer    : ALARM: [CRITICAL] 地形碰撞 | 地形碰撞风险 | drone=null | pos=(39.60372179600064,116.51835035726032)
2026-06-13T01:06:41.437+08:00  WARN 35828 --- [uav-alarm-engine] [ntainer#0-0-C-1] com.uav.alarm.kafka.TelemetryConsumer    : ALARM: [CRITICAL] 地形碰撞 | 地形碰撞风险 | drone=null | pos=(39.807404759135984,116.43400130516879)
2026-06-13T01:06:41.449+08:00  WARN 35828 --- [uav-alarm-engine] [ntainer#0-0-C-1] com.uav.alarm.kafka.TelemetryConsumer    : ALARM: [CRITICAL] 地形碰撞 | 地形碰撞风险 | drone=null | pos=(39.85978075902686,116.65115328503441)
2026-06-13T01:06:41.461+08:00  WARN 35828 --- [uav-alarm-engine] [ntainer#0-0-C-1] com.uav.alarm.kafka.TelemetryConsumer    : ALARM: [CRITICAL] 地形碰撞 | 地形碰撞风险 | drone=null | pos=(39.78720111289851,116.3636989203576)
2026-06-13T01:06:41.474+08:00  WARN 35828 --- [uav-alarm-engine] [ntainer#0-0-C-1] com.uav.alarm.kafka.TelemetryConsumer    : ALARM: [CRITICAL] 地形碰撞 | 地形碰撞风险 | drone=null | pos=(39.93487680041008,116.39199098302718)
2026-06-13T01:06:41.487+08:00  WARN 35828 --- [uav-alarm-engine] [ntainer#0-0-C-1] com.uav.alarm.kafka.TelemetryConsumer    : ALARM: [CRITICAL] 地形碰撞 | 地形碰撞风险 | drone=null | pos=(39.977310286812916,116.55498628612136)
2026-06-13T01:06:41.499+08:00  WARN 35828 --- [uav-alarm-engine] [ntainer#0-0-C-1] com.uav.alarm.kafka.TelemetryConsumer    : ALARM: [CRITICAL] 地形碰撞 | 地形碰撞风险 | drone=null | pos=(40.05874988190123,116.20677932537484)
2026-06-13T01:06:41.512+08:00  WARN 35828 --- [uav-alarm-engine] [ntainer#0-0-C-1] com.uav.alarm.kafka.TelemetryConsumer    : ALARM: [CRITICAL] 地形碰撞 | 地形碰撞风险 | drone=null | pos=(40.11385190671525,116.59975448592033)
2026-06-13T01:06:41.524+08:00  WARN 35828 --- [uav-alarm-engine] [ntainer#0-0-C-1] com.uav.alarm.kafka.TelemetryConsumer    : ALARM: [CRITICAL] 地形碰撞 | 地形碰撞风险 | drone=null | pos=(39.95298563521991,116.32419540101708)
2026-06-13T01:06:41.537+08:00  WARN 35828 --- [uav-alarm-engine] [ntainer#0-0-C-1] com.uav.alarm.kafka.TelemetryConsumer    : ALARM: [CRITICAL] 地形碰撞 | 地形碰撞风险 | drone=null | pos=(39.861217610169135,116.57117426133739)
2026-06-13T01:06:41.549+08:00  WARN 35828 --- [uav-alarm-engine] [ntainer#0-0-C-1] com.uav.alarm.kafka.TelemetryConsumer    : ALARM: [CRITICAL] 地形碰撞 | 地形碰撞风险 | drone=null | pos=(39.80624645087706,116.17691964973635)
2026-06-13T01:06:41.562+08:00  WARN 35828 --- [uav-alarm-engine] [ntainer#0-0-C-1] com.uav.alarm.kafka.TelemetryConsumer    : ALARM: [CRITICAL] 地形碰撞 | 地形碰撞风险 | drone=null | pos=(39.914129213162546,116.58686553706806)
2026-06-13T01:06:41.574+08:00  WARN 35828 --- [uav-alarm-engine] [ntainer#0-0-C-1] com.uav.alarm.kafka.TelemetryConsumer    : ALARM: [CRITICAL] 地形碰撞 | 地形碰撞风险 | drone=null | pos=(39.9628635224852,116.59288485572456)
2026-06-13T01:06:41.586+08:00  WARN 35828 --- [uav-alarm-engine] [ntainer#0-0-C-1] com.uav.alarm.kafka.TelemetryConsumer    : ALARM: [CRITICAL] 地形碰撞 | 地形碰撞风险 | drone=null | pos=(40.25747515354659,116.40323063450757)
2026-06-13T01:06:41.600+08:00  WARN 35828 --- [uav-alarm-engine] [ntainer#0-0-C-1] com.uav.alarm.kafka.TelemetryConsumer    : ALARM: [CRITICAL] 地形碰撞 | 地形碰撞风险 | drone=null | pos=(39.9693278152688,116.41244855450472)
2026-06-13T01:06:41.612+08:00  WARN 35828 --- [uav-alarm-engine] [ntainer#0-0-C-1] com.uav.alarm.kafka.TelemetryConsumer    : ALARM: [CRITICAL] 地形碰撞 | 地形碰撞风险 | drone=null | pos=(39.91549347623429,116.66398987335914)
2026-06-13T01:06:41.625+08:00  WARN 35828 --- [uav-alarm-engine] [ntainer#0-0-C-1] com.uav.alarm.kafka.TelemetryConsumer    : ALARM: [CRITICAL] 地形碰撞 | 地形碰撞风险 | drone=null | pos=(39.910713638964516,116.2965511543206)
2026-06-13T01:06:41.637+08:00  WARN 35828 --- [uav-alarm-engine] [ntainer#0-0-C-1] com.uav.alarm.kafka.TelemetryConsumer    : ALARM: [CRITICAL] 地形碰撞 | 地形碰撞风险 | drone=null | pos=(39.653050476649035,116.46067206333659)
2026-06-13T01:06:41.650+08:00  WARN 35828 --- [uav-alarm-engine] [ntainer#0-0-C-1] com.uav.alarm.kafka.TelemetryConsumer    : ALARM: [CRITICAL] 地形碰撞 | 地形碰撞风险 | drone=null | pos=(39.84489314057075,116.42178527597993)
2026-06-13T01:06:41.662+08:00  WARN 35828 --- [uav-alarm-engine] [ntainer#0-0-C-1] com.uav.alarm.kafka.TelemetryConsumer    : ALARM: [CRITICAL] 地形碰撞 | 地形碰撞风险 | drone=null | pos=(40.110540915072136,116.45978199448192)
2026-06-13T01:06:41.674+08:00  WARN 35828 --- [uav-alarm-engine] [ntainer#0-0-C-1] com.uav.alarm.kafka.TelemetryConsumer    : ALARM: [CRITICAL] 地形碰撞 | 地形碰撞风险 | drone=null | pos=(39.886494527615646,116.41329305688905)
2026-06-13T01:06:41.686+08:00  WARN 35828 --- [uav-alarm-engine] [ntainer#0-0-C-1] com.uav.alarm.kafka.TelemetryConsumer    : ALARM: [CRITICAL] 地形碰撞 | 地形碰撞风险 | drone=null | pos=(39.910702686574204,116.4038192746073)
2026-06-13T01:06:41.698+08:00  WARN 35828 --- [uav-alarm-engine] [ntainer#0-0-C-1] com.uav.alarm.kafka.TelemetryConsumer    : ALARM: [CRITICAL] 地形碰撞 | 地形碰撞风险 | drone=null | pos=(39.650405121300196,116.61312479434952)
2026-06-13T01:06:41.710+08:00  WARN 35828 --- [uav-alarm-engine] [ntainer#0-0-C-1] com.uav.alarm.kafka.TelemetryConsumer    : ALARM: [CRITICAL] 地形碰撞 | 地形碰撞风险 | drone=null | pos=(40.107537482524386,116.20767664055545)
2026-06-13T01:06:41.723+08:00  WARN 35828 --- [uav-alarm-engine] [ntainer#0-0-C-1] com.uav.alarm.kafka.TelemetryConsumer    : ALARM: [CRITICAL] 地形碰撞 | 地形碰撞风险 | drone=null | pos=(39.90212030037782,116.4020424585294)
2026-06-13T01:06:41.734+08:00  WARN 35828 --- [uav-alarm-engine] [ntainer#0-0-C-1] com.uav.alarm.kafka.TelemetryConsumer    : ALARM: [CRITICAL] 地形碰撞 | 地形碰撞风险 | drone=null | pos=(39.92981838180168,116.38146678594639)
2026-06-13T01:06:41.746+08:00  WARN 35828 --- [uav-alarm-engine] [ntainer#0-0-C-1] com.uav.alarm.kafka.TelemetryConsumer    : ALARM: [CRITICAL] 地形碰撞 | 地形碰撞风险 | drone=null | pos=(39.674365166717145,116.70237369509533)
2026-06-13T01:06:41.758+08:00  WARN 35828 --- [uav-alarm-engine] [ntainer#0-0-C-1] com.uav.alarm.kafka.TelemetryConsumer    : ALARM: [CRITICAL] 地形碰撞 | 地形碰撞风险 | drone=null | pos=(39.95706761624898,116.38590676512773)
2026-06-13T01:06:41.770+08:00  WARN 35828 --- [uav-alarm-engine] [ntainer#0-0-C-1] com.uav.alarm.kafka.TelemetryConsumer    : ALARM: [CRITICAL] 地形碰撞 | 地形碰撞风险 | drone=null | pos=(39.59462398658222,116.23610175040903)
2026-06-13T01:06:41.783+08:00  WARN 35828 --- [uav-alarm-engine] [ntainer#0-0-C-1] com.uav.alarm.kafka.TelemetryConsumer    : ALARM: [CRITICAL] 地形碰撞 | 地形碰撞风险 | drone=null | pos=(39.935670407167024,116.4414560908392)
2026-06-13T01:06:41.796+08:00  WARN 35828 --- [uav-alarm-engine] [ntainer#0-0-C-1] com.uav.alarm.kafka.TelemetryConsumer    : ALARM: [CRITICAL] 地形碰撞 | 地形碰撞风险 | drone=null | pos=(39.710079613178046,116.33649400919873)
2026-06-13T01:06:41.808+08:00  WARN 35828 --- [uav-alarm-engine] [ntainer#0-0-C-1] com.uav.alarm.kafka.TelemetryConsumer    : ALARM: [CRITICAL] 地形碰撞 | 地形碰撞风险 | drone=null | pos=(40.08638344217341,116.46177955133784)
2026-06-13T01:06:41.820+08:00  WARN 35828 --- [uav-alarm-engine] [ntainer#0-0-C-1] com.uav.alarm.kafka.TelemetryConsumer    : ALARM: [CRITICAL] 地形碰撞 | 地形碰撞风险 | drone=null | pos=(40.13392013844697,116.52922781314719)
2026-06-13T01:06:41.833+08:00  WARN 35828 --- [uav-alarm-engine] [ntainer#0-0-C-1] com.uav.alarm.kafka.TelemetryConsumer    : ALARM: [CRITICAL] 地形碰撞 | 地形碰撞风险 | drone=null | pos=(40.0790345079922,116.43403526756788)
2026-06-13T01:06:41.846+08:00  WARN 35828 --- [uav-alarm-engine] [ntainer#0-0-C-1] com.uav.alarm.kafka.TelemetryConsumer    : ALARM: [CRITICAL] 地形碰撞 | 地形碰撞风险 | drone=null | pos=(39.916809001152465,116.33105422817769)
2026-06-13T01:06:41.859+08:00  WARN 35828 --- [uav-alarm-engine] [ntainer#0-0-C-1] com.uav.alarm.kafka.TelemetryConsumer    : ALARM: [CRITICAL] 地形碰撞 | 地形碰撞风险 | drone=null | pos=(39.89893049012386,116.17417822900305)
2026-06-13T01:06:41.871+08:00  WARN 35828 --- [uav-alarm-engine] [ntainer#0-0-C-1] com.uav.alarm.kafka.TelemetryConsumer    : ALARM: [CRITICAL] 地形碰撞 | 地形碰撞风险 | drone=null | pos=(39.958489009285216,116.37186757783036)
2026-06-13T01:06:41.883+08:00  WARN 35828 --- [uav-alarm-engine] [ntainer#0-0-C-1] com.uav.alarm.kafka.TelemetryConsumer    : ALARM: [CRITICAL] 地形碰撞 | 地形碰撞风险 | drone=null | pos=(39.660188153426624,116.52878666712103)
2026-06-13T01:06:41.896+08:00  WARN 35828 --- [uav-alarm-engine] [ntainer#0-0-C-1] com.uav.alarm.kafka.TelemetryConsumer    : ALARM: [CRITICAL] 地形碰撞 | 地形碰撞风险 | drone=null | pos=(40.122572077660735,116.31609803608629)
2026-06-13T01:06:41.908+08:00  WARN 35828 --- [uav-alarm-engine] [ntainer#0-0-C-1] com.uav.alarm.kafka.TelemetryConsumer    : ALARM: [CRITICAL] 地形碰撞 | 地形碰撞风险 | drone=null | pos=(39.85076136509495,116.09055616049912)
2026-06-13T01:06:41.923+08:00  WARN 35828 --- [uav-alarm-engine] [ntainer#0-0-C-1] com.uav.alarm.kafka.TelemetryConsumer    : ALARM: [CRITICAL] 地形碰撞 | 地形碰撞风险 | drone=null | pos=(40.02878926418157,116.71680985259412)
2026-06-13T01:06:41.935+08:00  WARN 35828 --- [uav-alarm-engine] [ntainer#0-0-C-1] com.uav.alarm.kafka.TelemetryConsumer    : ALARM: [CRITICAL] 地形碰撞 | 地形碰撞风险 | drone=null | pos=(39.96646020849273,116.57939013783286)
2026-06-13T01:06:41.947+08:00  WARN 35828 --- [uav-alarm-engine] [ntainer#0-0-C-1] com.uav.alarm.kafka.TelemetryConsumer    : ALARM: [CRITICAL] 地形碰撞 | 地形碰撞风险 | drone=null | pos=(39.88637019453625,116.42572610913331)
2026-06-13T01:06:41.960+08:00  WARN 35828 --- [uav-alarm-engine] [ntainer#0-0-C-1] com.uav.alarm.kafka.TelemetryConsumer    : ALARM: [CRITICAL] 地形碰撞 | 地形碰撞风险 | drone=null | pos=(40.18822736244332,116.6335234595727)
2026-06-13T01:06:41.972+08:00  WARN 35828 --- [uav-alarm-engine] [ntainer#0-0-C-1] com.uav.alarm.kafka.TelemetryConsumer    : ALARM: [CRITICAL] 地形碰撞 | 地形碰撞风险 | drone=null | pos=(39.803535036375216,116.38245334374051)
2026-06-13T01:06:41.986+08:00  WARN 35828 --- [uav-alarm-engine] [ntainer#0-0-C-1] com.uav.alarm.kafka.TelemetryConsumer    : ALARM: [CRITICAL] 地形碰撞 | 地形碰撞风险 | drone=null | pos=(40.02331704270912,116.51706133239813)
2026-06-13T01:06:41.999+08:00  WARN 35828 --- [uav-alarm-engine] [ntainer#0-0-C-1] com.uav.alarm.kafka.TelemetryConsumer    : ALARM: [CRITICAL] 地形碰撞 | 地形碰撞风险 | drone=null | pos=(39.78854300535285,116.61731284383633)
2026-06-13T01:06:42.011+08:00  WARN 35828 --- [uav-alarm-engine] [ntainer#0-0-C-1] com.uav.alarm.kafka.TelemetryConsumer    : ALARM: [CRITICAL] 地形碰撞 | 地形碰撞风险 | drone=null | pos=(39.95034755851015,116.30448815265021)
2026-06-13T01:06:42.023+08:00  WARN 35828 --- [uav-alarm-engine] [ntainer#0-0-C-1] com.uav.alarm.kafka.TelemetryConsumer    : ALARM: [CRITICAL] 地形碰撞 | 地形碰撞风险 | drone=null | pos=(39.8571638979346,116.49920874509668)
2026-06-13T01:06:42.036+08:00  WARN 35828 --- [uav-alarm-engine] [ntainer#0-0-C-1] com.uav.alarm.kafka.TelemetryConsumer    : ALARM: [CRITICAL] 地形碰撞 | 地形碰撞风险 | drone=null | pos=(40.090742709585086,116.03520441981223)
2026-06-13T01:06:42.048+08:00  WARN 35828 --- [uav-alarm-engine] [ntainer#0-0-C-1] com.uav.alarm.kafka.TelemetryConsumer    : ALARM: [CRITICAL] 地形碰撞 | 地形碰撞风险 | drone=null | pos=(40.149088207864146,116.55685045389467)
2026-06-13T01:06:42.061+08:00  WARN 35828 --- [uav-alarm-engine] [ntainer#0-0-C-1] com.uav.alarm.kafka.TelemetryConsumer    : ALARM: [CRITICAL] 地形碰撞 | 地形碰撞风险 | drone=null | pos=(39.97631881918851,116.38606260139998)
2026-06-13T01:06:42.073+08:00  WARN 35828 --- [uav-alarm-engine] [ntainer#0-0-C-1] com.uav.alarm.kafka.TelemetryConsumer    : ALARM: [CRITICAL] 地形碰撞 | 地形碰撞风险 | drone=null | pos=(39.987354226147524,116.27840313702634)
2026-06-13T01:06:42.087+08:00  WARN 35828 --- [uav-alarm-engine] [ntainer#0-0-C-1] com.uav.alarm.kafka.TelemetryConsumer    : ALARM: [CRITICAL] 地形碰撞 | 地形碰撞风险 | drone=null | pos=(39.85828386249081,116.28164682399444)
2026-06-13T01:06:42.098+08:00  WARN 35828 --- [uav-alarm-engine] [ntainer#0-0-C-1] com.uav.alarm.kafka.TelemetryConsumer    : ALARM: [CRITICAL] 地形碰撞 | 地形碰撞风险 | drone=null | pos=(39.7092453049681,116.61861473079962)
2026-06-13T01:06:42.112+08:00  WARN 35828 --- [uav-alarm-engine] [ntainer#0-0-C-1] com.uav.alarm.kafka.TelemetryConsumer    : ALARM: [CRITICAL] 地形碰撞 | 地形碰撞风险 | drone=null | pos=(39.82183500233628,116.72019037304707)
2026-06-13T01:06:42.124+08:00  WARN 35828 --- [uav-alarm-engine] [ntainer#0-0-C-1] com.uav.alarm.kafka.TelemetryConsumer    : ALARM: [CRITICAL] 地形碰撞 | 地形碰撞风险 | drone=null | pos=(39.85629776891067,116.20778857100737)
2026-06-13T01:06:42.136+08:00  WARN 35828 --- [uav-alarm-engine] [ntainer#0-0-C-1] com.uav.alarm.kafka.TelemetryConsumer    : ALARM: [CRITICAL] 地形碰撞 | 地形碰撞风险 | drone=null | pos=(39.89573536176217,116.33920337082725)
2026-06-13T01:06:42.148+08:00  WARN 35828 --- [uav-alarm-engine] [ntainer#0-0-C-1] com.uav.alarm.kafka.TelemetryConsumer    : ALARM: [CRITICAL] 地形碰撞 | 地形碰撞风险 | drone=null | pos=(40.12678850750302,116.38442162908)
2026-06-13T01:06:42.160+08:00  WARN 35828 --- [uav-alarm-engine] [ntainer#0-0-C-1] com.uav.alarm.kafka.TelemetryConsumer    : ALARM: [CRITICAL] 地形碰撞 | 地形碰撞风险 | drone=null | pos=(40.05424462488272,116.4247397456707)
2026-06-13T01:06:42.173+08:00  WARN 35828 --- [uav-alarm-engine] [ntainer#0-0-C-1] com.uav.alarm.kafka.TelemetryConsumer    : ALARM: [CRITICAL] 地形碰撞 | 地形碰撞风险 | drone=null | pos=(40.16232080378741,116.20758324628336)
2026-06-13T01:06:42.185+08:00  WARN 35828 --- [uav-alarm-engine] [ntainer#0-0-C-1] com.uav.alarm.kafka.TelemetryConsumer    : ALARM: [CRITICAL] 地形碰撞 | 地形碰撞风险 | drone=null | pos=(39.90939392584912,116.62043309945169)
2026-06-13T01:06:42.197+08:00  WARN 35828 --- [uav-alarm-engine] [ntainer#0-0-C-1] com.uav.alarm.kafka.TelemetryConsumer    : ALARM: [CRITICAL] 地形碰撞 | 地形碰撞风险 | drone=null | pos=(40.01988322226035,116.41400106156269)
2026-06-13T01:06:42.209+08:00  WARN 35828 --- [uav-alarm-engine] [ntainer#0-0-C-1] com.uav.alarm.kafka.TelemetryConsumer    : ALARM: [CRITICAL] 地形碰撞 | 地形碰撞风险 | drone=null | pos=(39.86811364704263,116.42802506604805)
2026-06-13T01:06:42.221+08:00  WARN 35828 --- [uav-alarm-engine] [ntainer#0-0-C-1] com.uav.alarm.kafka.TelemetryConsumer    : ALARM: [CRITICAL] 地形碰撞 | 地形碰撞风险 | drone=null | pos=(40.02450699320091,116.43231522359814)
2026-06-13T01:06:42.234+08:00  WARN 35828 --- [uav-alarm-engine] [ntainer#0-0-C-1] com.uav.alarm.kafka.TelemetryConsumer    : ALARM: [CRITICAL] 地形碰撞 | 地形碰撞风险 | drone=null | pos=(39.86933679795272,116.40192884944818)
2026-06-13T01:06:42.245+08:00  WARN 35828 --- [uav-alarm-engine] [ntainer#0-0-C-1] com.uav.alarm.kafka.TelemetryConsumer    : ALARM: [CRITICAL] 地形碰撞 | 地形碰撞风险 | drone=null | pos=(39.77202240654067,116.45831023520206)
2026-06-13T01:06:42.257+08:00  WARN 35828 --- [uav-alarm-engine] [ntainer#0-0-C-1] com.uav.alarm.kafka.TelemetryConsumer    : ALARM: [CRITICAL] 地形碰撞 | 地形碰撞风险 | drone=null | pos=(40.03695298592287,116.1346243375477)
2026-06-13T01:06:42.269+08:00  WARN 35828 --- [uav-alarm-engine] [ntainer#0-0-C-1] com.uav.alarm.kafka.TelemetryConsumer    : ALARM: [CRITICAL] 地形碰撞 | 地形碰撞风险 | drone=null | pos=(39.873250376595585,116.48486827117384)
2026-06-13T01:06:42.281+08:00  WARN 35828 --- [uav-alarm-engine] [ntainer#0-0-C-1] com.uav.alarm.kafka.TelemetryConsumer    : ALARM: [CRITICAL] 地形碰撞 | 地形碰撞风险 | drone=null | pos=(39.84844840950387,116.17557006004623)
2026-06-13T01:06:42.294+08:00  WARN 35828 --- [uav-alarm-engine] [ntainer#0-0-C-1] com.uav.alarm.kafka.TelemetryConsumer    : ALARM: [CRITICAL] 地形碰撞 | 地形碰撞风险 | drone=null | pos=(39.983579414510075,116.38296095474654)
2026-06-13T01:06:42.306+08:00  WARN 35828 --- [uav-alarm-engine] [ntainer#0-0-C-1] com.uav.alarm.kafka.TelemetryConsumer    : ALARM: [CRITICAL] 地形碰撞 | 地形碰撞风险 | drone=null | pos=(40.051761541645405,116.03878696437468)
2026-06-13T01:06:42.318+08:00  WARN 35828 --- [uav-alarm-engine] [ntainer#0-0-C-1] com.uav.alarm.kafka.TelemetryConsumer    : ALARM: [CRITICAL] 地形碰撞 | 地形碰撞风险 | drone=null | pos=(39.82025689294195,116.86161631254932)
2026-06-13T01:06:42.331+08:00  WARN 35828 --- [uav-alarm-engine] [ntainer#0-0-C-1] com.uav.alarm.kafka.TelemetryConsumer    : ALARM: [CRITICAL] 地形碰撞 | 地形碰撞风险 | drone=null | pos=(40.159312634877715,116.61586024883663)
2026-06-13T01:06:42.342+08:00  WARN 35828 --- [uav-alarm-engine] [ntainer#0-0-C-1] com.uav.alarm.kafka.TelemetryConsumer    : ALARM: [CRITICAL] 地形碰撞 | 地形碰撞风险 | drone=null | pos=(40.03219747689499,116.3942669476728)
2026-06-13T01:06:42.354+08:00  WARN 35828 --- [uav-alarm-engine] [ntainer#0-0-C-1] com.uav.alarm.kafka.TelemetryConsumer    : ALARM: [CRITICAL] 地形碰撞 | 地形碰撞风险 | drone=null | pos=(39.890191857375775,116.46046201163479)
2026-06-13T01:06:42.366+08:00  WARN 35828 --- [uav-alarm-engine] [ntainer#0-0-C-1] com.uav.alarm.kafka.TelemetryConsumer    : ALARM: [CRITICAL] 地形碰撞 | 地形碰撞风险 | drone=null | pos=(39.79639002962498,116.67301084128178)
2026-06-13T01:06:42.379+08:00  WARN 35828 --- [uav-alarm-engine] [ntainer#0-0-C-1] com.uav.alarm.kafka.TelemetryConsumer    : ALARM: [CRITICAL] 地形碰撞 | 地形碰撞风险 | drone=null | pos=(39.908688875844284,116.41932813015414)
2026-06-13T01:06:42.391+08:00  WARN 35828 --- [uav-alarm-engine] [ntainer#0-0-C-1] com.uav.alarm.kafka.TelemetryConsumer    : ALARM: [CRITICAL] 地形碰撞 | 地形碰撞风险 | drone=null | pos=(39.721507669824874,116.59988271756322)
2026-06-13T01:06:42.403+08:00  WARN 35828 --- [uav-alarm-engine] [ntainer#0-0-C-1] com.uav.alarm.kafka.TelemetryConsumer    : ALARM: [CRITICAL] 地形碰撞 | 地形碰撞风险 | drone=null | pos=(39.61407360430289,116.32370021814648)
2026-06-13T01:06:42.416+08:00  WARN 35828 --- [uav-alarm-engine] [ntainer#0-0-C-1] com.uav.alarm.kafka.TelemetryConsumer    : ALARM: [CRITICAL] 地形碰撞 | 地形碰撞风险 | drone=null | pos=(39.82768393389231,116.11098549189751)
2026-06-13T01:06:42.429+08:00  WARN 35828 --- [uav-alarm-engine] [ntainer#0-0-C-1] com.uav.alarm.kafka.TelemetryConsumer    : ALARM: [CRITICAL] 地形碰撞 | 地形碰撞风险 | drone=null | pos=(40.14114999734974,116.43881766573553)
2026-06-13T01:06:42.441+08:00  WARN 35828 --- [uav-alarm-engine] [ntainer#0-0-C-1] com.uav.alarm.kafka.TelemetryConsumer    : ALARM: [CRITICAL] 地形碰撞 | 地形碰撞风险 | drone=null | pos=(39.968732813114386,116.46528668488222)
2026-06-13T01:06:42.453+08:00  WARN 35828 --- [uav-alarm-engine] [ntainer#0-0-C-1] com.uav.alarm.kafka.TelemetryConsumer    : ALARM: [CRITICAL] 地形碰撞 | 地形碰撞风险 | drone=null | pos=(39.957691355549436,116.49227372469237)
2026-06-13T01:06:42.466+08:00  WARN 35828 --- [uav-alarm-engine] [ntainer#0-0-C-1] com.uav.alarm.kafka.TelemetryConsumer    : ALARM: [CRITICAL] 地形碰撞 | 地形碰撞风险 | drone=null | pos=(39.91354791088991,116.4415394276764)
2026-06-13T01:06:42.478+08:00  WARN 35828 --- [uav-alarm-engine] [ntainer#0-0-C-1] com.uav.alarm.kafka.TelemetryConsumer    : ALARM: [CRITICAL] 地形碰撞 | 地形碰撞风险 | drone=null | pos=(40.07281850491671,116.44866012889052)
2026-06-13T01:06:42.491+08:00  WARN 35828 --- [uav-alarm-engine] [ntainer#0-0-C-1] com.uav.alarm.kafka.TelemetryConsumer    : ALARM: [CRITICAL] 地形碰撞 | 地形碰撞风险 | drone=null | pos=(39.90969840089629,116.4173998036147)
2026-06-13T01:06:42.504+08:00  WARN 35828 --- [uav-alarm-engine] [ntainer#0-0-C-1] com.uav.alarm.kafka.TelemetryConsumer    : ALARM: [CRITICAL] 地形碰撞 | 地形碰撞风险 | drone=null | pos=(39.72517203080298,116.28502784479852)
2026-06-13T01:06:42.515+08:00  WARN 35828 --- [uav-alarm-engine] [ntainer#0-0-C-1] com.uav.alarm.kafka.TelemetryConsumer    : ALARM: [CRITICAL] 地形碰撞 | 地形碰撞风险 | drone=null | pos=(40.232479571981706,116.2764551132868)
2026-06-13T01:06:42.529+08:00  WARN 35828 --- [uav-alarm-engine] [ntainer#0-0-C-1] com.uav.alarm.kafka.TelemetryConsumer    : ALARM: [CRITICAL] 地形碰撞 | 地形碰撞风险 | drone=null | pos=(40.193336367570396,116.64998503418235)
2026-06-13T01:06:42.541+08:00  WARN 35828 --- [uav-alarm-engine] [ntainer#0-0-C-1] com.uav.alarm.kafka.TelemetryConsumer    : ALARM: [CRITICAL] 地形碰撞 | 地形碰撞风险 | drone=null | pos=(39.76139494765792,116.65938597839686)
2026-06-13T01:06:42.554+08:00  WARN 35828 --- [uav-alarm-engine] [ntainer#0-0-C-1] com.uav.alarm.kafka.TelemetryConsumer    : ALARM: [CRITICAL] 地形碰撞 | 地形碰撞风险 | drone=null | pos=(39.84816418175768,116.00214750285764)
2026-06-13T01:06:42.566+08:00  WARN 35828 --- [uav-alarm-engine] [ntainer#0-0-C-1] com.uav.alarm.kafka.TelemetryConsumer    : ALARM: [CRITICAL] 地形碰撞 | 地形碰撞风险 | drone=null | pos=(39.93869579418202,116.50433869843715)
2026-06-13T01:06:42.580+08:00  WARN 35828 --- [uav-alarm-engine] [ntainer#0-0-C-1] com.uav.alarm.kafka.TelemetryConsumer    : ALARM: [CRITICAL] 地形碰撞 | 地形碰撞风险 | drone=null | pos=(40.082355135793414,116.67311008489483)
2026-06-13T01:06:42.591+08:00  WARN 35828 --- [uav-alarm-engine] [ntainer#0-0-C-1] com.uav.alarm.kafka.TelemetryConsumer    : ALARM: [CRITICAL] 地形碰撞 | 地形碰撞风险 | drone=null | pos=(39.796169238388984,116.49271648975025)
2026-06-13T01:06:42.605+08:00  WARN 35828 --- [uav-alarm-engine] [ntainer#0-0-C-1] com.uav.alarm.kafka.TelemetryConsumer    : ALARM: [CRITICAL] 地形碰撞 | 地形碰撞风险 | drone=null | pos=(39.861713978228906,116.12298692899223)
2026-06-13T01:06:42.617+08:00  WARN 35828 --- [uav-alarm-engine] [ntainer#0-0-C-1] com.uav.alarm.kafka.TelemetryConsumer    : ALARM: [CRITICAL] 地形碰撞 | 地形碰撞风险 | drone=null | pos=(39.85910064025685,116.46174835396741)
2026-06-13T01:06:42.629+08:00  WARN 35828 --- [uav-alarm-engine] [ntainer#0-0-C-1] com.uav.alarm.kafka.TelemetryConsumer    : ALARM: [CRITICAL] 地形碰撞 | 地形碰撞风险 | drone=null | pos=(40.07978046674706,116.59013603665987)
2026-06-13T01:06:42.642+08:00  WARN 35828 --- [uav-alarm-engine] [ntainer#0-0-C-1] com.uav.alarm.kafka.TelemetryConsumer    : ALARM: [CRITICAL] 地形碰撞 | 地形碰撞风险 | drone=null | pos=(39.89647192865161,116.37242506684312)
2026-06-13T01:06:42.655+08:00  WARN 35828 --- [uav-alarm-engine] [ntainer#0-0-C-1] com.uav.alarm.kafka.TelemetryConsumer    : ALARM: [CRITICAL] 地形碰撞 | 地形碰撞风险 | drone=null | pos=(39.80379441585487,116.76503559924313)
2026-06-13T01:06:42.667+08:00  WARN 35828 --- [uav-alarm-engine] [ntainer#0-0-C-1] com.uav.alarm.kafka.TelemetryConsumer    : ALARM: [CRITICAL] 地形碰撞 | 地形碰撞风险 | drone=null | pos=(39.868665899730786,116.58135440213654)
2026-06-13T01:06:42.679+08:00  WARN 35828 --- [uav-alarm-engine] [ntainer#0-0-C-1] com.uav.alarm.kafka.TelemetryConsumer    : ALARM: [CRITICAL] 地形碰撞 | 地形碰撞风险 | drone=null | pos=(40.11338557280498,116.5207224488748)
2026-06-13T01:06:42.691+08:00  WARN 35828 --- [uav-alarm-engine] [ntainer#0-0-C-1] com.uav.alarm.kafka.TelemetryConsumer    : ALARM: [CRITICAL] 地形碰撞 | 地形碰撞风险 | drone=null | pos=(40.22149873812139,116.3174831512588)
2026-06-13T01:06:42.703+08:00  WARN 35828 --- [uav-alarm-engine] [ntainer#0-0-C-1] com.uav.alarm.kafka.TelemetryConsumer    : ALARM: [CRITICAL] 地形碰撞 | 地形碰撞风险 | drone=null | pos=(39.93553762049378,115.97254485276216)
2026-06-13T01:06:42.715+08:00  WARN 35828 --- [uav-alarm-engine] [ntainer#0-0-C-1] com.uav.alarm.kafka.TelemetryConsumer    : ALARM: [CRITICAL] 地形碰撞 | 地形碰撞风险 | drone=null | pos=(39.712370220460414,116.50473992369288)
2026-06-13T01:06:42.727+08:00  WARN 35828 --- [uav-alarm-engine] [ntainer#0-0-C-1] com.uav.alarm.kafka.TelemetryConsumer    : ALARM: [CRITICAL] 地形碰撞 | 地形碰撞风险 | drone=null | pos=(39.895053680824425,116.51967886955326)
2026-06-13T01:06:42.738+08:00  WARN 35828 --- [uav-alarm-engine] [ntainer#0-0-C-1] com.uav.alarm.kafka.TelemetryConsumer    : ALARM: [CRITICAL] 地形碰撞 | 地形碰撞风险 | drone=null | pos=(40.03860269876065,116.70705271756557)
2026-06-13T01:06:42.752+08:00  WARN 35828 --- [uav-alarm-engine] [ntainer#0-0-C-1] com.uav.alarm.kafka.TelemetryConsumer    : ALARM: [CRITICAL] 地形碰撞 | 地形碰撞风险 | drone=null | pos=(39.91958735250405,116.05030851363314)
2026-06-13T01:06:42.764+08:00  WARN 35828 --- [uav-alarm-engine] [ntainer#0-0-C-1] com.uav.alarm.kafka.TelemetryConsumer    : ALARM: [CRITICAL] 地形碰撞 | 地形碰撞风险 | drone=null | pos=(40.003872141929826,116.3059970184505)
2026-06-13T01:06:42.777+08:00  WARN 35828 --- [uav-alarm-engine] [ntainer#0-0-C-1] com.uav.alarm.kafka.TelemetryConsumer    : ALARM: [CRITICAL] 地形碰撞 | 地形碰撞风险 | drone=null | pos=(39.7439371167208,116.15501295635569)
2026-06-13T01:06:42.789+08:00  WARN 35828 --- [uav-alarm-engine] [ntainer#0-0-C-1] com.uav.alarm.kafka.TelemetryConsumer    : ALARM: [CRITICAL] 地形碰撞 | 地形碰撞风险 | drone=null | pos=(39.72433910802715,116.36933025218457)
2026-06-13T01:06:42.801+08:00  WARN 35828 --- [uav-alarm-engine] [ntainer#0-0-C-1] com.uav.alarm.kafka.TelemetryConsumer    : ALARM: [CRITICAL] 地形碰撞 | 地形碰撞风险 | drone=null | pos=(39.85347765331422,116.25909492811881)
2026-06-13T01:06:42.813+08:00  WARN 35828 --- [uav-alarm-engine] [ntainer#0-0-C-1] com.uav.alarm.kafka.TelemetryConsumer    : ALARM: [CRITICAL] 地形碰撞 | 地形碰撞风险 | drone=null | pos=(40.155085830823886,116.45051074720776)
2026-06-13T01:06:42.825+08:00  WARN 35828 --- [uav-alarm-engine] [ntainer#0-0-C-1] com.uav.alarm.kafka.TelemetryConsumer    : ALARM: [CRITICAL] 地形碰撞 | 地形碰撞风险 | drone=null | pos=(39.836690209167,116.30799714508088)
2026-06-13T01:06:42.836+08:00  WARN 35828 --- [uav-alarm-engine] [ntainer#0-0-C-1] com.uav.alarm.kafka.TelemetryConsumer    : ALARM: [CRITICAL] 地形碰撞 | 地形碰撞风险 | drone=null | pos=(39.93071244759992,116.57400905852904)
2026-06-13T01:06:42.848+08:00  WARN 35828 --- [uav-alarm-engine] [ntainer#0-0-C-1] com.uav.alarm.kafka.TelemetryConsumer    : ALARM: [CRITICAL] 地形碰撞 | 地形碰撞风险 | drone=null | pos=(39.94403324805559,116.85394195503893)
2026-06-13T01:06:42.860+08:00  WARN 35828 --- [uav-alarm-engine] [ntainer#0-0-C-1] com.uav.alarm.kafka.TelemetryConsumer    : ALARM: [CRITICAL] 地形碰撞 | 地形碰撞风险 | drone=null | pos=(39.93030320632821,116.04095191789291)
2026-06-13T01:06:42.872+08:00  WARN 35828 --- [uav-alarm-engine] [ntainer#0-0-C-1] com.uav.alarm.kafka.TelemetryConsumer    : ALARM: [CRITICAL] 地形碰撞 | 地形碰撞风险 | drone=null | pos=(39.956670406616425,116.32262536960016)
2026-06-13T01:06:42.884+08:00  WARN 35828 --- [uav-alarm-engine] [ntainer#0-0-C-1] com.uav.alarm.kafka.TelemetryConsumer    : ALARM: [CRITICAL] 地形碰撞 | 地形碰撞风险 | drone=null | pos=(39.91195566234141,116.55436166933748)
2026-06-13T01:06:42.896+08:00  WARN 35828 --- [uav-alarm-engine] [ntainer#0-0-C-1] com.uav.alarm.kafka.TelemetryConsumer    : ALARM: [CRITICAL] 地形碰撞 | 地形碰撞风险 | drone=null | pos=(39.92921984365336,116.60642109571621)
2026-06-13T01:06:42.908+08:00  WARN 35828 --- [uav-alarm-engine] [ntainer#0-0-C-1] com.uav.alarm.kafka.TelemetryConsumer    : ALARM: [CRITICAL] 地形碰撞 | 地形碰撞风险 | drone=null | pos=(40.17020091748491,116.219831674037)
2026-06-13T01:06:42.921+08:00  WARN 35828 --- [uav-alarm-engine] [ntainer#0-0-C-1] com.uav.alarm.kafka.TelemetryConsumer    : ALARM: [CRITICAL] 地形碰撞 | 地形碰撞风险 | drone=null | pos=(39.78335085971447,116.49490328849474)
2026-06-13T01:06:42.933+08:00  WARN 35828 --- [uav-alarm-engine] [ntainer#0-0-C-1] com.uav.alarm.kafka.TelemetryConsumer    : ALARM: [CRITICAL] 地形碰撞 | 地形碰撞风险 | drone=null | pos=(39.86104183030644,116.29827540565893)
2026-06-13T01:06:42.946+08:00  WARN 35828 --- [uav-alarm-engine] [ntainer#0-0-C-1] com.uav.alarm.kafka.TelemetryConsumer    : ALARM: [CRITICAL] 地形碰撞 | 地形碰撞风险 | drone=null | pos=(39.8932226792665,116.42649116857709)
2026-06-13T01:06:42.960+08:00  WARN 35828 --- [uav-alarm-engine] [ntainer#0-0-C-1] com.uav.alarm.kafka.TelemetryConsumer    : ALARM: [CRITICAL] 地形碰撞 | 地形碰撞风险 | drone=null | pos=(39.899769553423084,116.37989785167446)
2026-06-13T01:06:42.971+08:00  WARN 35828 --- [uav-alarm-engine] [ntainer#0-0-C-1] com.uav.alarm.kafka.TelemetryConsumer    : ALARM: [CRITICAL] 地形碰撞 | 地形碰撞风险 | drone=null | pos=(39.80797634767281,116.53873448850064)
2026-06-13T01:06:42.983+08:00  WARN 35828 --- [uav-alarm-engine] [ntainer#0-0-C-1] com.uav.alarm.kafka.TelemetryConsumer    : ALARM: [CRITICAL] 地形碰撞 | 地形碰撞风险 | drone=null | pos=(39.89979737931421,116.62227289303955)
2026-06-13T01:06:42.995+08:00  WARN 35828 --- [uav-alarm-engine] [ntainer#0-0-C-1] com.uav.alarm.kafka.TelemetryConsumer    : ALARM: [CRITICAL] 地形碰撞 | 地形碰撞风险 | drone=null | pos=(39.91802615427267,116.83968879696668)
2026-06-13T01:06:43.008+08:00  WARN 35828 --- [uav-alarm-engine] [ntainer#0-0-C-1] com.uav.alarm.kafka.TelemetryConsumer    : ALARM: [CRITICAL] 地形碰撞 | 地形碰撞风险 | drone=null | pos=(39.690864882027206,116.14669082667301)
2026-06-13T01:06:43.020+08:00  WARN 35828 --- [uav-alarm-engine] [ntainer#0-0-C-1] com.uav.alarm.kafka.TelemetryConsumer    : ALARM: [CRITICAL] 地形碰撞 | 地形碰撞风险 | drone=null | pos=(39.85046043356039,116.47407724224834)
2026-06-13T01:06:43.032+08:00  WARN 35828 --- [uav-alarm-engine] [ntainer#0-0-C-1] com.uav.alarm.kafka.TelemetryConsumer    : ALARM: [CRITICAL] 地形碰撞 | 地形碰撞风险 | drone=null | pos=(40.11217640851582,116.30555366057241)
2026-06-13T01:06:43.045+08:00  WARN 35828 --- [uav-alarm-engine] [ntainer#0-0-C-1] com.uav.alarm.kafka.TelemetryConsumer    : ALARM: [CRITICAL] 地形碰撞 | 地形碰撞风险 | drone=null | pos=(40.006744349207096,115.99932120196979)
2026-06-13T01:06:43.058+08:00  WARN 35828 --- [uav-alarm-engine] [ntainer#0-0-C-1] com.uav.alarm.kafka.TelemetryConsumer    : ALARM: [CRITICAL] 地形碰撞 | 地形碰撞风险 | drone=null | pos=(40.12376966199681,116.55528031460823)
2026-06-13T01:06:43.069+08:00  WARN 35828 --- [uav-alarm-engine] [ntainer#0-0-C-1] com.uav.alarm.kafka.TelemetryConsumer    : ALARM: [CRITICAL] 地形碰撞 | 地形碰撞风险 | drone=null | pos=(39.90520113883368,116.40880160229945)
2026-06-13T01:06:43.081+08:00  WARN 35828 --- [uav-alarm-engine] [ntainer#0-0-C-1] com.uav.alarm.kafka.TelemetryConsumer    : ALARM: [CRITICAL] 地形碰撞 | 地形碰撞风险 | drone=null | pos=(39.99315695441292,116.27500747415029)
2026-06-13T01:06:43.094+08:00  WARN 35828 --- [uav-alarm-engine] [ntainer#0-0-C-1] com.uav.alarm.kafka.TelemetryConsumer    : ALARM: [CRITICAL] 地形碰撞 | 地形碰撞风险 | drone=null | pos=(40.066571767801385,116.14982412348733)
2026-06-13T01:06:43.106+08:00  WARN 35828 --- [uav-alarm-engine] [ntainer#0-0-C-1] com.uav.alarm.kafka.TelemetryConsumer    : ALARM: [CRITICAL] 地形碰撞 | 地形碰撞风险 | drone=null | pos=(39.837521059546404,116.21855805762834)
2026-06-13T01:06:43.119+08:00  WARN 35828 --- [uav-alarm-engine] [ntainer#0-0-C-1] com.uav.alarm.kafka.TelemetryConsumer    : ALARM: [CRITICAL] 地形碰撞 | 地形碰撞风险 | drone=null | pos=(39.9192726221836,116.29016142909576)
2026-06-13T01:06:43.131+08:00  WARN 35828 --- [uav-alarm-engine] [ntainer#0-0-C-1] com.uav.alarm.kafka.TelemetryConsumer    : ALARM: [CRITICAL] 地形碰撞 | 地形碰撞风险 | drone=null | pos=(40.057788535536815,116.59433258915348)
2026-06-13T01:06:43.143+08:00  WARN 35828 --- [uav-alarm-engine] [ntainer#0-0-C-1] com.uav.alarm.kafka.TelemetryConsumer    : ALARM: [CRITICAL] 地形碰撞 | 地形碰撞风险 | drone=null | pos=(39.72830134911826,116.63500387794448)
2026-06-13T01:06:43.155+08:00  WARN 35828 --- [uav-alarm-engine] [ntainer#0-0-C-1] com.uav.alarm.kafka.TelemetryConsumer    : ALARM: [CRITICAL] 地形碰撞 | 地形碰撞风险 | drone=null | pos=(39.90781864649176,116.5446243967895)
2026-06-13T01:06:43.166+08:00  WARN 35828 --- [uav-alarm-engine] [ntainer#0-0-C-1] com.uav.alarm.kafka.TelemetryConsumer    : ALARM: [CRITICAL] 地形碰撞 | 地形碰撞风险 | drone=null | pos=(40.12789134770307,116.71703526437547)
2026-06-13T01:06:43.179+08:00  WARN 35828 --- [uav-alarm-engine] [ntainer#0-0-C-1] com.uav.alarm.kafka.TelemetryConsumer    : ALARM: [CRITICAL] 地形碰撞 | 地形碰撞风险 | drone=null | pos=(40.053160606730756,116.45254927436142)
2026-06-13T01:06:43.192+08:00  WARN 35828 --- [uav-alarm-engine] [ntainer#0-0-C-1] com.uav.alarm.kafka.TelemetryConsumer    : ALARM: [CRITICAL] 地形碰撞 | 地形碰撞风险 | drone=null | pos=(39.901654063322106,116.40756773241374)
2026-06-13T01:06:43.204+08:00  WARN 35828 --- [uav-alarm-engine] [ntainer#0-0-C-1] com.uav.alarm.kafka.TelemetryConsumer    : ALARM: [CRITICAL] 地形碰撞 | 地形碰撞风险 | drone=null | pos=(39.871300339352224,115.99452737336931)
2026-06-13T01:06:43.216+08:00  WARN 35828 --- [uav-alarm-engine] [ntainer#0-0-C-1] com.uav.alarm.kafka.TelemetryConsumer    : ALARM: [CRITICAL] 地形碰撞 | 地形碰撞风险 | drone=null | pos=(39.86275503220435,116.43598417779438)
2026-06-13T01:06:43.229+08:00  WARN 35828 --- [uav-alarm-engine] [ntainer#0-0-C-1] com.uav.alarm.kafka.TelemetryConsumer    : ALARM: [CRITICAL] 地形碰撞 | 地形碰撞风险 | drone=null | pos=(39.590187200336345,116.4265835630258)
2026-06-13T01:06:43.241+08:00  WARN 35828 --- [uav-alarm-engine] [ntainer#0-0-C-1] com.uav.alarm.kafka.TelemetryConsumer    : ALARM: [CRITICAL] 地形碰撞 | 地形碰撞风险 | drone=null | pos=(39.903008170945746,116.40086556418905)
2026-06-13T01:06:43.253+08:00  WARN 35828 --- [uav-alarm-engine] [ntainer#0-0-C-1] com.uav.alarm.kafka.TelemetryConsumer    : ALARM: [CRITICAL] 地形碰撞 | 地形碰撞风险 | drone=null | pos=(39.98546399168749,116.54121969640767)
2026-06-13T01:06:43.266+08:00  WARN 35828 --- [uav-alarm-engine] [ntainer#0-0-C-1] com.uav.alarm.kafka.TelemetryConsumer    : ALARM: [CRITICAL] 地形碰撞 | 地形碰撞风险 | drone=null | pos=(39.80254946526939,116.2615798558076)
2026-06-13T01:06:43.278+08:00  WARN 35828 --- [uav-alarm-engine] [ntainer#0-0-C-1] com.uav.alarm.kafka.TelemetryConsumer    : ALARM: [CRITICAL] 地形碰撞 | 地形碰撞风险 | drone=null | pos=(39.63546499972825,116.59773201711641)
2026-06-13T01:06:43.291+08:00  WARN 35828 --- [uav-alarm-engine] [ntainer#0-0-C-1] com.uav.alarm.kafka.TelemetryConsumer    : ALARM: [CRITICAL] 地形碰撞 | 地形碰撞风险 | drone=null | pos=(39.80506997146102,116.29140046949628)
2026-06-13T01:06:43.304+08:00  WARN 35828 --- [uav-alarm-engine] [ntainer#0-0-C-1] com.uav.alarm.kafka.TelemetryConsumer    : ALARM: [CRITICAL] 地形碰撞 | 地形碰撞风险 | drone=null | pos=(39.90855156688278,116.38247576418293)
2026-06-13T01:06:43.317+08:00  WARN 35828 --- [uav-alarm-engine] [ntainer#0-0-C-1] com.uav.alarm.kafka.TelemetryConsumer    : ALARM: [CRITICAL] 地形碰撞 | 地形碰撞风险 | drone=null | pos=(40.15569257197732,116.51887860412944)
2026-06-13T01:06:43.330+08:00  WARN 35828 --- [uav-alarm-engine] [ntainer#0-0-C-1] com.uav.alarm.kafka.TelemetryConsumer    : ALARM: [CRITICAL] 地形碰撞 | 地形碰撞风险 | drone=null | pos=(40.16381935772603,116.41849473170916)
2026-06-13T01:06:43.342+08:00  WARN 35828 --- [uav-alarm-engine] [ntainer#0-0-C-1] com.uav.alarm.kafka.TelemetryConsumer    : ALARM: [CRITICAL] 地形碰撞 | 地形碰撞风险 | drone=null | pos=(39.99916970688065,116.45746845331372)
2026-06-13T01:06:43.354+08:00  WARN 35828 --- [uav-alarm-engine] [ntainer#0-0-C-1] com.uav.alarm.kafka.TelemetryConsumer    : ALARM: [CRITICAL] 地形碰撞 | 地形碰撞风险 | drone=null | pos=(39.90151374548328,116.40053101272778)
2026-06-13T01:06:43.367+08:00  WARN 35828 --- [uav-alarm-engine] [ntainer#0-0-C-1] com.uav.alarm.kafka.TelemetryConsumer    : ALARM: [CRITICAL] 地形碰撞 | 地形碰撞风险 | drone=null | pos=(39.59098321590099,116.34579309765469)
2026-06-13T01:06:43.380+08:00  WARN 35828 --- [uav-alarm-engine] [ntainer#0-0-C-1] com.uav.alarm.kafka.TelemetryConsumer    : ALARM: [CRITICAL] 地形碰撞 | 地形碰撞风险 | drone=null | pos=(40.21705277537446,116.62017502807238)
2026-06-13T01:06:43.391+08:00  WARN 35828 --- [uav-alarm-engine] [ntainer#0-0-C-1] com.uav.alarm.kafka.TelemetryConsumer    : ALARM: [CRITICAL] 地形碰撞 | 地形碰撞风险 | drone=null | pos=(39.656542242725855,116.40707575020778)
2026-06-13T01:06:43.404+08:00  WARN 35828 --- [uav-alarm-engine] [ntainer#0-0-C-1] com.uav.alarm.kafka.TelemetryConsumer    : ALARM: [CRITICAL] 地形碰撞 | 地形碰撞风险 | drone=null | pos=(39.9249243389282,116.08656878942446)
2026-06-13T01:06:43.416+08:00  WARN 35828 --- [uav-alarm-engine] [ntainer#0-0-C-1] com.uav.alarm.kafka.TelemetryConsumer    : ALARM: [CRITICAL] 地形碰撞 | 地形碰撞风险 | drone=null | pos=(39.88468401589712,116.51678992613952)
2026-06-13T01:06:43.429+08:00  WARN 35828 --- [uav-alarm-engine] [ntainer#0-0-C-1] com.uav.alarm.kafka.TelemetryConsumer    : ALARM: [CRITICAL] 地形碰撞 | 地形碰撞风险 | drone=null | pos=(40.23348075480943,116.47313747357748)
2026-06-13T01:06:43.441+08:00  WARN 35828 --- [uav-alarm-engine] [ntainer#0-0-C-1] com.uav.alarm.kafka.TelemetryConsumer    : ALARM: [CRITICAL] 地形碰撞 | 地形碰撞风险 | drone=null | pos=(40.23850060054515,116.23939772143633)
2026-06-13T01:06:43.454+08:00  WARN 35828 --- [uav-alarm-engine] [ntainer#0-0-C-1] com.uav.alarm.kafka.TelemetryConsumer    : ALARM: [CRITICAL] 地形碰撞 | 地形碰撞风险 | drone=null | pos=(39.869039159761414,116.28723426008573)
2026-06-13T01:06:43.466+08:00  WARN 35828 --- [uav-alarm-engine] [ntainer#0-0-C-1] com.uav.alarm.kafka.TelemetryConsumer    : ALARM: [CRITICAL] 地形碰撞 | 地形碰撞风险 | drone=null | pos=(39.89903200214154,116.50098349227514)
2026-06-13T01:06:43.479+08:00  WARN 35828 --- [uav-alarm-engine] [ntainer#0-0-C-1] com.uav.alarm.kafka.TelemetryConsumer    : ALARM: [CRITICAL] 地形碰撞 | 地形碰撞风险 | drone=null | pos=(39.899693070161845,116.76659345918037)
2026-06-13T01:06:43.492+08:00  WARN 35828 --- [uav-alarm-engine] [ntainer#0-0-C-1] com.uav.alarm.kafka.TelemetryConsumer    : ALARM: [CRITICAL] 地形碰撞 | 地形碰撞风险 | drone=null | pos=(39.78530611129365,116.61793141034462)
2026-06-13T01:06:43.504+08:00  WARN 35828 --- [uav-alarm-engine] [ntainer#0-0-C-1] com.uav.alarm.kafka.TelemetryConsumer    : ALARM: [CRITICAL] 地形碰撞 | 地形碰撞风险 | drone=null | pos=(39.9032456502788,116.40009086484612)
2026-06-13T01:06:43.516+08:00  WARN 35828 --- [uav-alarm-engine] [ntainer#0-0-C-1] com.uav.alarm.kafka.TelemetryConsumer    : ALARM: [CRITICAL] 地形碰撞 | 地形碰撞风险 | drone=null | pos=(39.86020405376142,116.54954714891666)
2026-06-13T01:06:43.529+08:00  WARN 35828 --- [uav-alarm-engine] [ntainer#0-0-C-1] com.uav.alarm.kafka.TelemetryConsumer    : ALARM: [CRITICAL] 地形碰撞 | 地形碰撞风险 | drone=null | pos=(39.780936974927755,116.43619434057547)
2026-06-13T01:06:43.542+08:00  WARN 35828 --- [uav-alarm-engine] [ntainer#0-0-C-1] com.uav.alarm.kafka.TelemetryConsumer    : ALARM: [CRITICAL] 地形碰撞 | 地形碰撞风险 | drone=null | pos=(40.03808525503988,116.18941812416209)
2026-06-13T01:06:43.554+08:00  WARN 35828 --- [uav-alarm-engine] [ntainer#0-0-C-1] com.uav.alarm.kafka.TelemetryConsumer    : ALARM: [CRITICAL] 地形碰撞 | 地形碰撞风险 | drone=null | pos=(40.05194727737583,116.34518891266843)
2026-06-13T01:06:43.566+08:00  WARN 35828 --- [uav-alarm-engine] [ntainer#0-0-C-1] com.uav.alarm.kafka.TelemetryConsumer    : ALARM: [CRITICAL] 地形碰撞 | 地形碰撞风险 | drone=null | pos=(39.72685251181392,116.48817065411602)
2026-06-13T01:06:43.579+08:00  WARN 35828 --- [uav-alarm-engine] [ntainer#0-0-C-1] com.uav.alarm.kafka.TelemetryConsumer    : ALARM: [CRITICAL] 地形碰撞 | 地形碰撞风险 | drone=null | pos=(39.924089926007234,116.59641696416234)
2026-06-13T01:06:43.591+08:00  WARN 35828 --- [uav-alarm-engine] [ntainer#0-0-C-1] com.uav.alarm.kafka.TelemetryConsumer    : ALARM: [CRITICAL] 地形碰撞 | 地形碰撞风险 | drone=null | pos=(39.83439508892795,116.36764962922207)
2026-06-13T01:06:43.603+08:00  WARN 35828 --- [uav-alarm-engine] [ntainer#0-0-C-1] com.uav.alarm.kafka.TelemetryConsumer    : ALARM: [CRITICAL] 地形碰撞 | 地形碰撞风险 | drone=null | pos=(39.92968566357564,116.21106735891576)
2026-06-13T01:06:43.615+08:00  WARN 35828 --- [uav-alarm-engine] [ntainer#0-0-C-1] com.uav.alarm.kafka.TelemetryConsumer    : ALARM: [CRITICAL] 地形碰撞 | 地形碰撞风险 | drone=null | pos=(39.76444964875544,116.2684595594027)
2026-06-13T01:06:43.627+08:00  WARN 35828 --- [uav-alarm-engine] [ntainer#0-0-C-1] com.uav.alarm.kafka.TelemetryConsumer    : ALARM: [CRITICAL] 地形碰撞 | 地形碰撞风险 | drone=null | pos=(39.968975440301165,116.49442471456152)
2026-06-13T01:06:43.639+08:00  WARN 35828 --- [uav-alarm-engine] [ntainer#0-0-C-1] com.uav.alarm.kafka.TelemetryConsumer    : ALARM: [CRITICAL] 地形碰撞 | 地形碰撞风险 | drone=null | pos=(39.97494120334978,116.5873944360472)
2026-06-13T01:06:43.651+08:00  WARN 35828 --- [uav-alarm-engine] [ntainer#0-0-C-1] com.uav.alarm.kafka.TelemetryConsumer    : ALARM: [CRITICAL] 地形碰撞 | 地形碰撞风险 | drone=null | pos=(39.922267159299615,116.34162556403012)
2026-06-13T01:06:43.663+08:00  WARN 35828 --- [uav-alarm-engine] [ntainer#0-0-C-1] com.uav.alarm.kafka.TelemetryConsumer    : ALARM: [CRITICAL] 地形碰撞 | 地形碰撞风险 | drone=null | pos=(39.575261385273954,116.57200684678018)
2026-06-13T01:06:43.675+08:00  WARN 35828 --- [uav-alarm-engine] [ntainer#0-0-C-1] com.uav.alarm.kafka.TelemetryConsumer    : ALARM: [CRITICAL] 地形碰撞 | 地形碰撞风险 | drone=null | pos=(39.945175925675954,116.37169880252118)
2026-06-13T01:06:43.688+08:00  WARN 35828 --- [uav-alarm-engine] [ntainer#0-0-C-1] com.uav.alarm.kafka.TelemetryConsumer    : ALARM: [CRITICAL] 地形碰撞 | 地形碰撞风险 | drone=null | pos=(39.72089332918031,116.76111522842889)
2026-06-13T01:06:43.700+08:00  WARN 35828 --- [uav-alarm-engine] [ntainer#0-0-C-1] com.uav.alarm.kafka.TelemetryConsumer    : ALARM: [CRITICAL] 地形碰撞 | 地形碰撞风险 | drone=null | pos=(39.76625527466797,116.73908398796742)
2026-06-13T01:06:43.713+08:00  WARN 35828 --- [uav-alarm-engine] [ntainer#0-0-C-1] com.uav.alarm.kafka.TelemetryConsumer    : ALARM: [CRITICAL] 地形碰撞 | 地形碰撞风险 | drone=null | pos=(39.95152472504587,116.5295413808647)
2026-06-13T01:06:43.725+08:00  WARN 35828 --- [uav-alarm-engine] [ntainer#0-0-C-1] com.uav.alarm.kafka.TelemetryConsumer    : ALARM: [CRITICAL] 地形碰撞 | 地形碰撞风险 | drone=null | pos=(39.92049874667215,116.40380907384001)
2026-06-13T01:06:43.738+08:00  WARN 35828 --- [uav-alarm-engine] [ntainer#0-0-C-1] com.uav.alarm.kafka.TelemetryConsumer    : ALARM: [CRITICAL] 地形碰撞 | 地形碰撞风险 | drone=null | pos=(40.075492062309735,116.56663698707229)
2026-06-13T01:06:43.749+08:00  WARN 35828 --- [uav-alarm-engine] [ntainer#0-0-C-1] com.uav.alarm.kafka.TelemetryConsumer    : ALARM: [CRITICAL] 地形碰撞 | 地形碰撞风险 | drone=null | pos=(40.06803326292089,116.21079047875703)
2026-06-13T01:06:43.761+08:00  WARN 35828 --- [uav-alarm-engine] [ntainer#0-0-C-1] com.uav.alarm.kafka.TelemetryConsumer    : ALARM: [CRITICAL] 地形碰撞 | 地形碰撞风险 | drone=null | pos=(40.06416441112925,116.3949206421012)
2026-06-13T01:06:43.773+08:00  WARN 35828 --- [uav-alarm-engine] [ntainer#0-0-C-1] com.uav.alarm.kafka.TelemetryConsumer    : ALARM: [CRITICAL] 地形碰撞 | 地形碰撞风险 | drone=null | pos=(40.04196641203014,116.50189473809863)
2026-06-13T01:06:43.786+08:00  WARN 35828 --- [uav-alarm-engine] [ntainer#0-0-C-1] com.uav.alarm.kafka.TelemetryConsumer    : ALARM: [CRITICAL] 地形碰撞 | 地形碰撞风险 | drone=null | pos=(39.97274555121991,116.16985721741585)
2026-06-13T01:06:43.797+08:00  WARN 35828 --- [uav-alarm-engine] [ntainer#0-0-C-1] com.uav.alarm.kafka.TelemetryConsumer    : ALARM: [CRITICAL] 地形碰撞 | 地形碰撞风险 | drone=null | pos=(39.931211887354095,116.37278517718093)
2026-06-13T01:06:43.810+08:00  WARN 35828 --- [uav-alarm-engine] [ntainer#0-0-C-1] com.uav.alarm.kafka.TelemetryConsumer    : ALARM: [CRITICAL] 地形碰撞 | 地形碰撞风险 | drone=null | pos=(39.79293087315138,116.4058393268228)
2026-06-13T01:06:43.823+08:00  WARN 35828 --- [uav-alarm-engine] [ntainer#0-0-C-1] com.uav.alarm.kafka.TelemetryConsumer    : ALARM: [CRITICAL] 地形碰撞 | 地形碰撞风险 | drone=null | pos=(39.833008923808215,116.51060492933573)
2026-06-13T01:06:43.834+08:00  WARN 35828 --- [uav-alarm-engine] [ntainer#0-0-C-1] com.uav.alarm.kafka.TelemetryConsumer    : ALARM: [CRITICAL] 地形碰撞 | 地形碰撞风险 | drone=null | pos=(39.90201581627953,116.38968029918824)
2026-06-13T01:06:43.846+08:00  WARN 35828 --- [uav-alarm-engine] [ntainer#0-0-C-1] com.uav.alarm.kafka.TelemetryConsumer    : ALARM: [CRITICAL] 地形碰撞 | 地形碰撞风险 | drone=null | pos=(40.10832960508899,116.60539462149524)
2026-06-13T01:06:43.860+08:00  WARN 35828 --- [uav-alarm-engine] [ntainer#0-0-C-1] com.uav.alarm.kafka.TelemetryConsumer    : ALARM: [CRITICAL] 地形碰撞 | 地形碰撞风险 | drone=null | pos=(39.80848873991558,116.45639347548232)
2026-06-13T01:06:43.872+08:00  WARN 35828 --- [uav-alarm-engine] [ntainer#0-0-C-1] com.uav.alarm.kafka.TelemetryConsumer    : ALARM: [CRITICAL] 地形碰撞 | 地形碰撞风险 | drone=null | pos=(39.69769420467417,116.72791338060564)
2026-06-13T01:06:43.883+08:00  WARN 35828 --- [uav-alarm-engine] [ntainer#0-0-C-1] com.uav.alarm.kafka.TelemetryConsumer    : ALARM: [CRITICAL] 地形碰撞 | 地形碰撞风险 | drone=null | pos=(40.097159408200675,116.44685373131814)
2026-06-13T01:06:43.895+08:00  WARN 35828 --- [uav-alarm-engine] [ntainer#0-0-C-1] com.uav.alarm.kafka.TelemetryConsumer    : ALARM: [CRITICAL] 地形碰撞 | 地形碰撞风险 | drone=null | pos=(39.92962431048126,116.1723583449834)
2026-06-13T01:06:43.908+08:00  WARN 35828 --- [uav-alarm-engine] [ntainer#0-0-C-1] com.uav.alarm.kafka.TelemetryConsumer    : ALARM: [CRITICAL] 地形碰撞 | 地形碰撞风险 | drone=null | pos=(40.03791495856439,116.698978337337)
2026-06-13T01:06:43.920+08:00  WARN 35828 --- [uav-alarm-engine] [ntainer#0-0-C-1] com.uav.alarm.kafka.TelemetryConsumer    : ALARM: [CRITICAL] 地形碰撞 | 地形碰撞风险 | drone=null | pos=(39.65490694584805,116.60583106893635)
2026-06-13T01:06:43.932+08:00  WARN 35828 --- [uav-alarm-engine] [ntainer#0-0-C-1] com.uav.alarm.kafka.TelemetryConsumer    : ALARM: [CRITICAL] 地形碰撞 | 地形碰撞风险 | drone=null | pos=(39.88265444171827,116.42004182935892)
2026-06-13T01:06:43.944+08:00  WARN 35828 --- [uav-alarm-engine] [ntainer#0-0-C-1] com.uav.alarm.kafka.TelemetryConsumer    : ALARM: [CRITICAL] 地形碰撞 | 地形碰撞风险 | drone=null | pos=(39.91112962503514,116.21914259619183)
2026-06-13T01:06:43.957+08:00  WARN 35828 --- [uav-alarm-engine] [ntainer#0-0-C-1] com.uav.alarm.kafka.TelemetryConsumer    : ALARM: [CRITICAL] 地形碰撞 | 地形碰撞风险 | drone=null | pos=(39.85947047009268,116.84355957041082)
2026-06-13T01:06:43.970+08:00  WARN 35828 --- [uav-alarm-engine] [ntainer#0-0-C-1] com.uav.alarm.kafka.TelemetryConsumer    : ALARM: [CRITICAL] 地形碰撞 | 地形碰撞风险 | drone=null | pos=(40.045284668322545,116.27304704067545)
2026-06-13T01:06:43.982+08:00  WARN 35828 --- [uav-alarm-engine] [ntainer#0-0-C-1] com.uav.alarm.kafka.TelemetryConsumer    : ALARM: [CRITICAL] 地形碰撞 | 地形碰撞风险 | drone=null | pos=(40.08889783020564,116.79773160139489)
2026-06-13T01:06:43.994+08:00  WARN 35828 --- [uav-alarm-engine] [ntainer#0-0-C-1] com.uav.alarm.kafka.TelemetryConsumer    : ALARM: [CRITICAL] 地形碰撞 | 地形碰撞风险 | drone=null | pos=(40.046797351931374,116.24169503744096)
2026-06-13T01:06:44.007+08:00  WARN 35828 --- [uav-alarm-engine] [ntainer#0-0-C-1] com.uav.alarm.kafka.TelemetryConsumer    : ALARM: [CRITICAL] 地形碰撞 | 地形碰撞风险 | drone=null | pos=(40.05707464805102,116.4992848557165)
2026-06-13T01:06:44.019+08:00  WARN 35828 --- [uav-alarm-engine] [ntainer#0-0-C-1] com.uav.alarm.kafka.TelemetryConsumer    : ALARM: [CRITICAL] 地形碰撞 | 地形碰撞风险 | drone=null | pos=(40.22587519114439,116.59517196249408)
2026-06-13T01:06:44.032+08:00  WARN 35828 --- [uav-alarm-engine] [ntainer#0-0-C-1] com.uav.alarm.kafka.TelemetryConsumer    : ALARM: [CRITICAL] 地形碰撞 | 地形碰撞风险 | drone=null | pos=(39.89238582872512,116.43432123160196)
2026-06-13T01:06:44.045+08:00  WARN 35828 --- [uav-alarm-engine] [ntainer#0-0-C-1] com.uav.alarm.kafka.TelemetryConsumer    : ALARM: [CRITICAL] 地形碰撞 | 地形碰撞风险 | drone=null | pos=(39.65992612478501,116.4638262772748)
2026-06-13T01:06:44.057+08:00  WARN 35828 --- [uav-alarm-engine] [ntainer#0-0-C-1] com.uav.alarm.kafka.TelemetryConsumer    : ALARM: [CRITICAL] 地形碰撞 | 地形碰撞风险 | drone=null | pos=(40.00569449101764,116.64983313548683)
2026-06-13T01:06:44.069+08:00  WARN 35828 --- [uav-alarm-engine] [ntainer#0-0-C-1] com.uav.alarm.kafka.TelemetryConsumer    : ALARM: [CRITICAL] 地形碰撞 | 地形碰撞风险 | drone=null | pos=(39.802886598247206,116.22060514482128)
2026-06-13T01:07:01.725+08:00  WARN 35828 --- [uav-alarm-engine] [ntainer#0-0-C-1] com.uav.alarm.kafka.TelemetryConsumer    : ALARM: [CRITICAL] 地形碰撞 | 地形碰撞风险 | drone=null | pos=(39.81330923356671,116.83398342622553)
2026-06-13T01:07:01.736+08:00  WARN 35828 --- [uav-alarm-engine] [ntainer#0-0-C-1] com.uav.alarm.kafka.TelemetryConsumer    : ALARM: [CRITICAL] 地形碰撞 | 地形碰撞风险 | drone=null | pos=(40.02752596880082,116.7035302080033)
2026-06-13T01:07:01.748+08:00  WARN 35828 --- [uav-alarm-engine] [ntainer#0-0-C-1] com.uav.alarm.kafka.TelemetryConsumer    : ALARM: [CRITICAL] 地形碰撞 | 地形碰撞风险 | drone=null | pos=(39.66301448743244,116.20349179953892)
2026-06-13T01:07:01.761+08:00  WARN 35828 --- [uav-alarm-engine] [ntainer#0-0-C-1] com.uav.alarm.kafka.TelemetryConsumer    : ALARM: [CRITICAL] 地形碰撞 | 地形碰撞风险 | drone=null | pos=(39.77996804043311,116.15464223188822)
2026-06-13T01:07:01.774+08:00  WARN 35828 --- [uav-alarm-engine] [ntainer#0-0-C-1] com.uav.alarm.kafka.TelemetryConsumer    : ALARM: [CRITICAL] 地形碰撞 | 地形碰撞风险 | drone=null | pos=(39.89959475507409,116.35836881371429)
2026-06-13T01:07:01.787+08:00  WARN 35828 --- [uav-alarm-engine] [ntainer#0-0-C-1] com.uav.alarm.kafka.TelemetryConsumer    : ALARM: [CRITICAL] 地形碰撞 | 地形碰撞风险 | drone=null | pos=(39.70093579287878,116.653043115316)
2026-06-13T01:07:01.800+08:00  WARN 35828 --- [uav-alarm-engine] [ntainer#0-0-C-1] com.uav.alarm.kafka.TelemetryConsumer    : ALARM: [CRITICAL] 地形碰撞 | 地形碰撞风险 | drone=null | pos=(39.71654360758187,116.44966324324616)
2026-06-13T01:07:01.812+08:00  WARN 35828 --- [uav-alarm-engine] [ntainer#0-0-C-1] com.uav.alarm.kafka.TelemetryConsumer    : ALARM: [CRITICAL] 地形碰撞 | 地形碰撞风险 | drone=null | pos=(39.90449223616977,116.47492085261675)
2026-06-13T01:07:01.825+08:00  WARN 35828 --- [uav-alarm-engine] [ntainer#0-0-C-1] com.uav.alarm.kafka.TelemetryConsumer    : ALARM: [CRITICAL] 地形碰撞 | 地形碰撞风险 | drone=null | pos=(39.93363106864437,116.31986876210065)
2026-06-13T01:07:01.838+08:00  WARN 35828 --- [uav-alarm-engine] [ntainer#0-0-C-1] com.uav.alarm.kafka.TelemetryConsumer    : ALARM: [CRITICAL] 地形碰撞 | 地形碰撞风险 | drone=null | pos=(39.93595336328209,116.33679046172149)
2026-06-13T01:07:01.851+08:00  WARN 35828 --- [uav-alarm-engine] [ntainer#0-0-C-1] com.uav.alarm.kafka.TelemetryConsumer    : ALARM: [CRITICAL] 地形碰撞 | 地形碰撞风险 | drone=null | pos=(39.906546875866496,116.40900140484827)
2026-06-13T01:07:01.863+08:00  WARN 35828 --- [uav-alarm-engine] [ntainer#0-0-C-1] com.uav.alarm.kafka.TelemetryConsumer    : ALARM: [CRITICAL] 地形碰撞 | 地形碰撞风险 | drone=null | pos=(40.135724332972735,116.57730101937828)
2026-06-13T01:07:01.877+08:00  WARN 35828 --- [uav-alarm-engine] [ntainer#0-0-C-1] com.uav.alarm.kafka.TelemetryConsumer    : ALARM: [CRITICAL] 地形碰撞 | 地形碰撞风险 | drone=null | pos=(39.9318930080621,116.37449940554083)
2026-06-13T01:07:01.889+08:00  WARN 35828 --- [uav-alarm-engine] [ntainer#0-0-C-1] com.uav.alarm.kafka.TelemetryConsumer    : ALARM: [CRITICAL] 地形碰撞 | 地形碰撞风险 | drone=null | pos=(39.87343659460768,115.94493849331448)
2026-06-13T01:07:01.902+08:00  WARN 35828 --- [uav-alarm-engine] [ntainer#0-0-C-1] com.uav.alarm.kafka.TelemetryConsumer    : ALARM: [CRITICAL] 地形碰撞 | 地形碰撞风险 | drone=null | pos=(39.72133559676996,116.6089635236918)
2026-06-13T01:07:01.915+08:00  WARN 35828 --- [uav-alarm-engine] [ntainer#0-0-C-1] com.uav.alarm.kafka.TelemetryConsumer    : ALARM: [CRITICAL] 地形碰撞 | 地形碰撞风险 | drone=null | pos=(39.900813707489164,116.86952053386635)
2026-06-13T01:07:01.928+08:00  WARN 35828 --- [uav-alarm-engine] [ntainer#0-0-C-1] com.uav.alarm.kafka.TelemetryConsumer    : ALARM: [CRITICAL] 地形碰撞 | 地形碰撞风险 | drone=null | pos=(40.128380933974604,116.54055029116492)
2026-06-13T01:07:01.941+08:00  WARN 35828 --- [uav-alarm-engine] [ntainer#0-0-C-1] com.uav.alarm.kafka.TelemetryConsumer    : ALARM: [CRITICAL] 地形碰撞 | 地形碰撞风险 | drone=null | pos=(40.14359992980973,116.54048428672445)
2026-06-13T01:07:01.955+08:00  WARN 35828 --- [uav-alarm-engine] [ntainer#0-0-C-1] com.uav.alarm.kafka.TelemetryConsumer    : ALARM: [CRITICAL] 地形碰撞 | 地形碰撞风险 | drone=null | pos=(39.99883916064877,116.49238236831577)
2026-06-13T01:07:01.967+08:00  WARN 35828 --- [uav-alarm-engine] [ntainer#0-0-C-1] com.uav.alarm.kafka.TelemetryConsumer    : ALARM: [CRITICAL] 地形碰撞 | 地形碰撞风险 | drone=null | pos=(40.10315128573105,116.44642352355466)
2026-06-13T01:07:01.979+08:00  WARN 35828 --- [uav-alarm-engine] [ntainer#0-0-C-1] com.uav.alarm.kafka.TelemetryConsumer    : ALARM: [CRITICAL] 地形碰撞 | 地形碰撞风险 | drone=null | pos=(39.86366401335129,116.04698330981402)
2026-06-13T01:07:01.992+08:00  WARN 35828 --- [uav-alarm-engine] [ntainer#0-0-C-1] com.uav.alarm.kafka.TelemetryConsumer    : ALARM: [CRITICAL] 地形碰撞 | 地形碰撞风险 | drone=null | pos=(40.113109622037996,116.30647654725561)
2026-06-13T01:07:02.005+08:00  WARN 35828 --- [uav-alarm-engine] [ntainer#0-0-C-1] com.uav.alarm.kafka.TelemetryConsumer    : ALARM: [CRITICAL] 地形碰撞 | 地形碰撞风险 | drone=null | pos=(39.80702004223923,116.28513869907731)
2026-06-13T01:07:02.017+08:00  WARN 35828 --- [uav-alarm-engine] [ntainer#0-0-C-1] com.uav.alarm.kafka.TelemetryConsumer    : ALARM: [CRITICAL] 地形碰撞 | 地形碰撞风险 | drone=null | pos=(39.555273722832716,116.31706212945039)
2026-06-13T01:07:02.029+08:00  WARN 35828 --- [uav-alarm-engine] [ntainer#0-0-C-1] com.uav.alarm.kafka.TelemetryConsumer    : ALARM: [CRITICAL] 地形碰撞 | 地形碰撞风险 | drone=null | pos=(39.63618975839008,116.27420484344249)
2026-06-13T01:07:02.042+08:00  WARN 35828 --- [uav-alarm-engine] [ntainer#0-0-C-1] com.uav.alarm.kafka.TelemetryConsumer    : ALARM: [CRITICAL] 地形碰撞 | 地形碰撞风险 | drone=null | pos=(40.01610307870752,116.53364623018292)
2026-06-13T01:07:02.054+08:00  WARN 35828 --- [uav-alarm-engine] [ntainer#0-0-C-1] com.uav.alarm.kafka.TelemetryConsumer    : ALARM: [CRITICAL] 地形碰撞 | 地形碰撞风险 | drone=null | pos=(39.75512007673792,116.11487972958376)
2026-06-13T01:07:02.067+08:00  WARN 35828 --- [uav-alarm-engine] [ntainer#0-0-C-1] com.uav.alarm.kafka.TelemetryConsumer    : ALARM: [CRITICAL] 地形碰撞 | 地形碰撞风险 | drone=null | pos=(40.04479483621348,116.35388245413114)
2026-06-13T01:07:02.079+08:00  WARN 35828 --- [uav-alarm-engine] [ntainer#0-0-C-1] com.uav.alarm.kafka.TelemetryConsumer    : ALARM: [CRITICAL] 地形碰撞 | 地形碰撞风险 | drone=null | pos=(39.94981898783625,116.30851148136514)
2026-06-13T01:07:02.091+08:00  WARN 35828 --- [uav-alarm-engine] [ntainer#0-0-C-1] com.uav.alarm.kafka.TelemetryConsumer    : ALARM: [CRITICAL] 地形碰撞 | 地形碰撞风险 | drone=null | pos=(40.0207687013874,115.98109954534183)
2026-06-13T01:07:02.105+08:00  WARN 35828 --- [uav-alarm-engine] [ntainer#0-0-C-1] com.uav.alarm.kafka.TelemetryConsumer    : ALARM: [CRITICAL] 地形碰撞 | 地形碰撞风险 | drone=null | pos=(39.95976047444325,116.65269133696015)
2026-06-13T01:07:02.117+08:00  WARN 35828 --- [uav-alarm-engine] [ntainer#0-0-C-1] com.uav.alarm.kafka.TelemetryConsumer    : ALARM: [CRITICAL] 地形碰撞 | 地形碰撞风险 | drone=null | pos=(39.691230538647446,116.32211790793869)
2026-06-13T01:07:02.131+08:00  WARN 35828 --- [uav-alarm-engine] [ntainer#0-0-C-1] com.uav.alarm.kafka.TelemetryConsumer    : ALARM: [CRITICAL] 地形碰撞 | 地形碰撞风险 | drone=null | pos=(40.21018922779554,116.50645706425327)
2026-06-13T01:07:02.144+08:00  WARN 35828 --- [uav-alarm-engine] [ntainer#0-0-C-1] com.uav.alarm.kafka.TelemetryConsumer    : ALARM: [CRITICAL] 地形碰撞 | 地形碰撞风险 | drone=null | pos=(39.886731836268176,116.3480091582979)
2026-06-13T01:07:02.157+08:00  WARN 35828 --- [uav-alarm-engine] [ntainer#0-0-C-1] com.uav.alarm.kafka.TelemetryConsumer    : ALARM: [CRITICAL] 地形碰撞 | 地形碰撞风险 | drone=null | pos=(39.728852544019546,116.64590326247931)
2026-06-13T01:07:02.170+08:00  WARN 35828 --- [uav-alarm-engine] [ntainer#0-0-C-1] com.uav.alarm.kafka.TelemetryConsumer    : ALARM: [CRITICAL] 地形碰撞 | 地形碰撞风险 | drone=null | pos=(40.12295537467241,116.33346309809488)
2026-06-13T01:07:02.183+08:00  WARN 35828 --- [uav-alarm-engine] [ntainer#0-0-C-1] com.uav.alarm.kafka.TelemetryConsumer    : ALARM: [CRITICAL] 地形碰撞 | 地形碰撞风险 | drone=null | pos=(39.999212610653764,116.47188169943611)
2026-06-13T01:07:02.196+08:00  WARN 35828 --- [uav-alarm-engine] [ntainer#0-0-C-1] com.uav.alarm.kafka.TelemetryConsumer    : ALARM: [CRITICAL] 地形碰撞 | 地形碰撞风险 | drone=null | pos=(39.86122912276351,116.34678929979636)
2026-06-13T01:07:02.207+08:00  WARN 35828 --- [uav-alarm-engine] [ntainer#0-0-C-1] com.uav.alarm.kafka.TelemetryConsumer    : ALARM: [CRITICAL] 地形碰撞 | 地形碰撞风险 | drone=null | pos=(39.916229351550314,116.39602701494687)
2026-06-13T01:07:02.220+08:00  WARN 35828 --- [uav-alarm-engine] [ntainer#0-0-C-1] com.uav.alarm.kafka.TelemetryConsumer    : ALARM: [CRITICAL] 地形碰撞 | 地形碰撞风险 | drone=null | pos=(39.89031760191231,116.40206157399739)
2026-06-13T01:07:02.232+08:00  WARN 35828 --- [uav-alarm-engine] [ntainer#0-0-C-1] com.uav.alarm.kafka.TelemetryConsumer    : ALARM: [CRITICAL] 地形碰撞 | 地形碰撞风险 | drone=null | pos=(39.939670050394504,116.47618263498235)
2026-06-13T01:07:02.245+08:00  WARN 35828 --- [uav-alarm-engine] [ntainer#0-0-C-1] com.uav.alarm.kafka.TelemetryConsumer    : ALARM: [CRITICAL] 地形碰撞 | 地形碰撞风险 | drone=null | pos=(40.100955039209985,116.58596359279804)
2026-06-13T01:07:02.256+08:00  WARN 35828 --- [uav-alarm-engine] [ntainer#0-0-C-1] com.uav.alarm.kafka.TelemetryConsumer    : ALARM: [CRITICAL] 地形碰撞 | 地形碰撞风险 | drone=null | pos=(39.74462290448871,116.08524576849861)
2026-06-13T01:07:02.269+08:00  WARN 35828 --- [uav-alarm-engine] [ntainer#0-0-C-1] com.uav.alarm.kafka.TelemetryConsumer    : ALARM: [CRITICAL] 地形碰撞 | 地形碰撞风险 | drone=null | pos=(40.13575425348055,116.5158055030874)
2026-06-13T01:07:02.282+08:00  WARN 35828 --- [uav-alarm-engine] [ntainer#0-0-C-1] com.uav.alarm.kafka.TelemetryConsumer    : ALARM: [CRITICAL] 地形碰撞 | 地形碰撞风险 | drone=null | pos=(39.98335922666868,116.38992511127339)
2026-06-13T01:25:17.186+08:00  WARN 35828 --- [uav-alarm-engine] [ntainer#0-0-C-1] com.uav.alarm.kafka.TelemetryConsumer    : ALARM: [CRITICAL] 地形碰撞 | 地形碰撞风险 | drone=null | pos=(39.97750126119858,116.54136529354459)
2026-06-13T01:25:17.192+08:00  WARN 35828 --- [uav-alarm-engine] [ntainer#0-0-C-1] com.uav.alarm.kafka.TelemetryConsumer    : ALARM: [CRITICAL] 地形碰撞 | 地形碰撞风险 | drone=null | pos=(39.81493987247291,116.45733420285335)
2026-06-13T01:25:17.205+08:00  WARN 35828 --- [uav-alarm-engine] [ntainer#0-0-C-1] com.uav.alarm.kafka.TelemetryConsumer    : ALARM: [CRITICAL] 地形碰撞 | 地形碰撞风险 | drone=null | pos=(39.654476984800276,116.68001190919452)
2026-06-13T01:25:17.219+08:00  WARN 35828 --- [uav-alarm-engine] [ntainer#0-0-C-1] com.uav.alarm.kafka.TelemetryConsumer    : ALARM: [CRITICAL] 地形碰撞 | 地形碰撞风险 | drone=null | pos=(39.90973508309508,116.28798015910556)
2026-06-13T01:25:17.233+08:00  WARN 35828 --- [uav-alarm-engine] [ntainer#0-0-C-1] com.uav.alarm.kafka.TelemetryConsumer    : ALARM: [CRITICAL] 地形碰撞 | 地形碰撞风险 | drone=null | pos=(39.71582233608759,116.75314335434595)
2026-06-13T01:25:17.245+08:00  WARN 35828 --- [uav-alarm-engine] [ntainer#0-0-C-1] com.uav.alarm.kafka.TelemetryConsumer    : ALARM: [CRITICAL] 地形碰撞 | 地形碰撞风险 | drone=null | pos=(39.944262593530254,116.43124375577166)
2026-06-13T01:25:17.258+08:00  WARN 35828 --- [uav-alarm-engine] [ntainer#0-0-C-1] com.uav.alarm.kafka.TelemetryConsumer    : ALARM: [CRITICAL] 地形碰撞 | 地形碰撞风险 | drone=null | pos=(39.99192711990169,116.42820405843968)
2026-06-13T01:25:17.277+08:00  WARN 35828 --- [uav-alarm-engine] [ntainer#0-0-C-1] com.uav.alarm.kafka.TelemetryConsumer    : ALARM: [CRITICAL] 地形碰撞 | 地形碰撞风险 | drone=null | pos=(39.88641803905503,116.18177777677165)
2026-06-13T01:25:17.290+08:00  WARN 35828 --- [uav-alarm-engine] [ntainer#0-0-C-1] com.uav.alarm.kafka.TelemetryConsumer    : ALARM: [CRITICAL] 地形碰撞 | 地形碰撞风险 | drone=null | pos=(39.60252161381394,116.54578586817318)
2026-06-13T01:25:17.303+08:00  WARN 35828 --- [uav-alarm-engine] [ntainer#0-0-C-1] com.uav.alarm.kafka.TelemetryConsumer    : ALARM: [CRITICAL] 地形碰撞 | 地形碰撞风险 | drone=null | pos=(40.0413286001137,116.567726982242)
2026-06-13T01:25:17.316+08:00  WARN 35828 --- [uav-alarm-engine] [ntainer#0-0-C-1] com.uav.alarm.kafka.TelemetryConsumer    : ALARM: [CRITICAL] 地形碰撞 | 地形碰撞风险 | drone=null | pos=(39.98887662142653,116.42591642418745)
2026-06-13T01:25:17.328+08:00  WARN 35828 --- [uav-alarm-engine] [ntainer#0-0-C-1] com.uav.alarm.kafka.TelemetryConsumer    : ALARM: [CRITICAL] 地形碰撞 | 地形碰撞风险 | drone=null | pos=(39.899844997107515,116.19148209277827)
2026-06-13T01:25:17.341+08:00  WARN 35828 --- [uav-alarm-engine] [ntainer#0-0-C-1] com.uav.alarm.kafka.TelemetryConsumer    : ALARM: [CRITICAL] 地形碰撞 | 地形碰撞风险 | drone=null | pos=(39.79426167545796,116.39196341262026)
2026-06-13T01:25:17.353+08:00  WARN 35828 --- [uav-alarm-engine] [ntainer#0-0-C-1] com.uav.alarm.kafka.TelemetryConsumer    : ALARM: [CRITICAL] 地形碰撞 | 地形碰撞风险 | drone=null | pos=(39.943330418345916,116.3158684957413)
2026-06-13T01:25:17.366+08:00  WARN 35828 --- [uav-alarm-engine] [ntainer#0-0-C-1] com.uav.alarm.kafka.TelemetryConsumer    : ALARM: [CRITICAL] 地形碰撞 | 地形碰撞风险 | drone=null | pos=(40.144436684868964,116.71568067949933)
2026-06-13T01:25:17.379+08:00  WARN 35828 --- [uav-alarm-engine] [ntainer#0-0-C-1] com.uav.alarm.kafka.TelemetryConsumer    : ALARM: [CRITICAL] 地形碰撞 | 地形碰撞风险 | drone=null | pos=(39.77921021381843,116.34567738989453)
2026-06-13T01:25:17.393+08:00  WARN 35828 --- [uav-alarm-engine] [ntainer#0-0-C-1] com.uav.alarm.kafka.TelemetryConsumer    : ALARM: [CRITICAL] 地形碰撞 | 地形碰撞风险 | drone=null | pos=(39.56992248099035,116.24147470127086)
2026-06-13T01:25:17.406+08:00  WARN 35828 --- [uav-alarm-engine] [ntainer#0-0-C-1] com.uav.alarm.kafka.TelemetryConsumer    : ALARM: [CRITICAL] 地形碰撞 | 地形碰撞风险 | drone=null | pos=(39.63150661241164,116.2723153233385)
2026-06-13T01:25:17.420+08:00  WARN 35828 --- [uav-alarm-engine] [ntainer#0-0-C-1] com.uav.alarm.kafka.TelemetryConsumer    : ALARM: [CRITICAL] 地形碰撞 | 地形碰撞风险 | drone=null | pos=(40.04669328410315,116.30346746281307)
2026-06-13T01:25:17.433+08:00  WARN 35828 --- [uav-alarm-engine] [ntainer#0-0-C-1] com.uav.alarm.kafka.TelemetryConsumer    : ALARM: [CRITICAL] 地形碰撞 | 地形碰撞风险 | drone=null | pos=(39.936501791239465,116.45857455325542)
2026-06-13T01:25:17.444+08:00  WARN 35828 --- [uav-alarm-engine] [ntainer#0-0-C-1] com.uav.alarm.kafka.TelemetryConsumer    : ALARM: [CRITICAL] 地形碰撞 | 地形碰撞风险 | drone=null | pos=(39.857408027001874,115.97696844359109)
2026-06-13T01:25:17.458+08:00  WARN 35828 --- [uav-alarm-engine] [ntainer#0-0-C-1] com.uav.alarm.kafka.TelemetryConsumer    : ALARM: [CRITICAL] 地形碰撞 | 地形碰撞风险 | drone=null | pos=(39.98332878218144,116.32458900514303)
2026-06-13T01:25:17.470+08:00  WARN 35828 --- [uav-alarm-engine] [ntainer#0-0-C-1] com.uav.alarm.kafka.TelemetryConsumer    : ALARM: [CRITICAL] 地形碰撞 | 地形碰撞风险 | drone=null | pos=(40.01562738968819,116.82062325081212)
2026-06-13T01:25:17.484+08:00  WARN 35828 --- [uav-alarm-engine] [ntainer#0-0-C-1] com.uav.alarm.kafka.TelemetryConsumer    : ALARM: [CRITICAL] 地形碰撞 | 地形碰撞风险 | drone=null | pos=(39.6071456623176,116.34013415045823)
2026-06-13T01:25:17.496+08:00  WARN 35828 --- [uav-alarm-engine] [ntainer#0-0-C-1] com.uav.alarm.kafka.TelemetryConsumer    : ALARM: [CRITICAL] 地形碰撞 | 地形碰撞风险 | drone=null | pos=(39.90540058463333,116.54797662249716)
2026-06-13T01:25:17.509+08:00  WARN 35828 --- [uav-alarm-engine] [ntainer#0-0-C-1] com.uav.alarm.kafka.TelemetryConsumer    : ALARM: [CRITICAL] 地形碰撞 | 地形碰撞风险 | drone=null | pos=(39.845400923643886,116.27828316963995)
2026-06-13T01:25:17.522+08:00  WARN 35828 --- [uav-alarm-engine] [ntainer#0-0-C-1] com.uav.alarm.kafka.TelemetryConsumer    : ALARM: [CRITICAL] 地形碰撞 | 地形碰撞风险 | drone=null | pos=(39.809818421974995,116.4255809848804)
2026-06-13T01:25:17.536+08:00  WARN 35828 --- [uav-alarm-engine] [ntainer#0-0-C-1] com.uav.alarm.kafka.TelemetryConsumer    : ALARM: [CRITICAL] 地形碰撞 | 地形碰撞风险 | drone=null | pos=(40.12314964100095,116.30614234614873)
2026-06-13T01:25:17.549+08:00  WARN 35828 --- [uav-alarm-engine] [ntainer#0-0-C-1] com.uav.alarm.kafka.TelemetryConsumer    : ALARM: [CRITICAL] 地形碰撞 | 地形碰撞风险 | drone=null | pos=(39.90014915451152,116.24622803117582)
2026-06-13T01:25:17.563+08:00  WARN 35828 --- [uav-alarm-engine] [ntainer#0-0-C-1] com.uav.alarm.kafka.TelemetryConsumer    : ALARM: [CRITICAL] 地形碰撞 | 地形碰撞风险 | drone=null | pos=(39.93685626278197,116.32804589154587)
2026-06-13T01:25:17.575+08:00  WARN 35828 --- [uav-alarm-engine] [ntainer#0-0-C-1] com.uav.alarm.kafka.TelemetryConsumer    : ALARM: [CRITICAL] 地形碰撞 | 地形碰撞风险 | drone=null | pos=(40.017438111297785,116.08751940042514)
2026-06-13T01:25:17.588+08:00  WARN 35828 --- [uav-alarm-engine] [ntainer#0-0-C-1] com.uav.alarm.kafka.TelemetryConsumer    : ALARM: [CRITICAL] 地形碰撞 | 地形碰撞风险 | drone=null | pos=(40.09808320689631,116.48333704263057)
2026-06-13T01:25:17.601+08:00  WARN 35828 --- [uav-alarm-engine] [ntainer#0-0-C-1] com.uav.alarm.kafka.TelemetryConsumer    : ALARM: [CRITICAL] 地形碰撞 | 地形碰撞风险 | drone=null | pos=(39.74462290448871,116.0859844525979)
2026-06-13T01:25:17.614+08:00  WARN 35828 --- [uav-alarm-engine] [ntainer#0-0-C-1] com.uav.alarm.kafka.TelemetryConsumer    : ALARM: [CRITICAL] 地形碰撞 | 地形碰撞风险 | drone=null | pos=(39.6734974926851,116.48875806757212)
2026-06-13T01:25:17.627+08:00  WARN 35828 --- [uav-alarm-engine] [ntainer#0-0-C-1] com.uav.alarm.kafka.TelemetryConsumer    : ALARM: [CRITICAL] 地形碰撞 | 地形碰撞风险 | drone=null | pos=(39.87472342388846,116.42073214901848)
2026-06-13T01:25:17.639+08:00  WARN 35828 --- [uav-alarm-engine] [ntainer#0-0-C-1] com.uav.alarm.kafka.TelemetryConsumer    : ALARM: [CRITICAL] 地形碰撞 | 地形碰撞风险 | drone=null | pos=(39.555273722832716,116.31749656756026)
2026-06-13T01:25:17.653+08:00  WARN 35828 --- [uav-alarm-engine] [ntainer#0-0-C-1] com.uav.alarm.kafka.TelemetryConsumer    : ALARM: [CRITICAL] 地形碰撞 | 地形碰撞风险 | drone=null | pos=(39.99340526105947,116.25577670531722)
2026-06-13T01:25:17.665+08:00  WARN 35828 --- [uav-alarm-engine] [ntainer#0-0-C-1] com.uav.alarm.kafka.TelemetryConsumer    : ALARM: [CRITICAL] 地形碰撞 | 地形碰撞风险 | drone=null | pos=(39.88507021492959,116.36734204321787)
2026-06-13T01:25:17.678+08:00  WARN 35828 --- [uav-alarm-engine] [ntainer#0-0-C-1] com.uav.alarm.kafka.TelemetryConsumer    : ALARM: [CRITICAL] 地形碰撞 | 地形碰撞风险 | drone=null | pos=(39.888599459789695,116.46125137332194)
2026-06-13T01:25:17.691+08:00  WARN 35828 --- [uav-alarm-engine] [ntainer#0-0-C-1] com.uav.alarm.kafka.TelemetryConsumer    : ALARM: [CRITICAL] 地形碰撞 | 地形碰撞风险 | drone=null | pos=(39.83048267515181,116.02024324034784)
2026-06-13T01:25:17.703+08:00  WARN 35828 --- [uav-alarm-engine] [ntainer#0-0-C-1] com.uav.alarm.kafka.TelemetryConsumer    : ALARM: [CRITICAL] 地形碰撞 | 地形碰撞风险 | drone=null | pos=(40.01582840686595,116.68557809772561)
2026-06-13T01:25:17.716+08:00  WARN 35828 --- [uav-alarm-engine] [ntainer#0-0-C-1] com.uav.alarm.kafka.TelemetryConsumer    : ALARM: [CRITICAL] 地形碰撞 | 地形碰撞风险 | drone=null | pos=(39.65134615435775,116.27518218353374)
2026-06-13T01:25:17.730+08:00  WARN 35828 --- [uav-alarm-engine] [ntainer#0-0-C-1] com.uav.alarm.kafka.TelemetryConsumer    : ALARM: [CRITICAL] 地形碰撞 | 地形碰撞风险 | drone=null | pos=(39.87865685204128,116.76775773061287)
2026-06-13T01:25:17.744+08:00  WARN 35828 --- [uav-alarm-engine] [ntainer#0-0-C-1] com.uav.alarm.kafka.TelemetryConsumer    : ALARM: [CRITICAL] 地形碰撞 | 地形碰撞风险 | drone=null | pos=(40.1235865071345,116.42601209405879)
2026-06-13T01:25:17.756+08:00  WARN 35828 --- [uav-alarm-engine] [ntainer#0-0-C-1] com.uav.alarm.kafka.TelemetryConsumer    : ALARM: [CRITICAL] 地形碰撞 | 地形碰撞风险 | drone=null | pos=(39.744040741205865,116.52834714975783)
2026-06-13T01:25:17.818+08:00  WARN 35828 --- [uav-alarm-engine] [ntainer#0-0-C-1] com.uav.alarm.kafka.TelemetryConsumer    : ALARM: [CRITICAL] 地形碰撞 | 地形碰撞风险 | drone=null | pos=(39.650416543729634,116.54506932263327)
2026-06-13T01:25:17.847+08:00  WARN 35828 --- [uav-alarm-engine] [ntainer#0-0-C-1] com.uav.alarm.kafka.TelemetryConsumer    : ALARM: [CRITICAL] 地形碰撞 | 地形碰撞风险 | drone=null | pos=(40.03559693399104,116.77140077161093)
2026-06-13T01:25:17.916+08:00  WARN 35828 --- [uav-alarm-engine] [ntainer#0-0-C-1] com.uav.alarm.kafka.TelemetryConsumer    : ALARM: [CRITICAL] 地形碰撞 | 地形碰撞风险 | drone=null | pos=(39.92834767537788,116.82024654364207)
2026-06-13T01:25:17.983+08:00  WARN 35828 --- [uav-alarm-engine] [ntainer#0-0-C-1] com.uav.alarm.kafka.TelemetryConsumer    : ALARM: [CRITICAL] 地形碰撞 | 地形碰撞风险 | drone=null | pos=(39.76625527466797,116.73961561473875)
2026-06-13T01:25:18.017+08:00  WARN 35828 --- [uav-alarm-engine] [ntainer#0-0-C-1] com.uav.alarm.kafka.TelemetryConsumer    : ALARM: [CRITICAL] 地形碰撞 | 地形碰撞风险 | drone=null | pos=(40.14660386652698,116.51209815103486)
2026-06-13T01:25:18.086+08:00  WARN 35828 --- [uav-alarm-engine] [ntainer#0-0-C-1] com.uav.alarm.kafka.TelemetryConsumer    : ALARM: [CRITICAL] 地形碰撞 | 地形碰撞风险 | drone=null | pos=(39.79652757186705,116.34163981133979)
2026-06-13T01:25:18.118+08:00  WARN 35828 --- [uav-alarm-engine] [ntainer#0-0-C-1] com.uav.alarm.kafka.TelemetryConsumer    : ALARM: [CRITICAL] 地形碰撞 | 地形碰撞风险 | drone=null | pos=(39.848825929115,116.44416450400571)
2026-06-13T01:25:18.187+08:00  WARN 35828 --- [uav-alarm-engine] [ntainer#0-0-C-1] com.uav.alarm.kafka.TelemetryConsumer    : ALARM: [CRITICAL] 地形碰撞 | 地形碰撞风险 | drone=null | pos=(40.07389902754068,116.002816639622)
2026-06-13T01:25:18.216+08:00  WARN 35828 --- [uav-alarm-engine] [ntainer#0-0-C-1] com.uav.alarm.kafka.TelemetryConsumer    : ALARM: [CRITICAL] 地形碰撞 | 地形碰撞风险 | drone=null | pos=(40.053160606730756,116.45301425814128)
2026-06-13T01:25:18.284+08:00  WARN 35828 --- [uav-alarm-engine] [ntainer#0-0-C-1] com.uav.alarm.kafka.TelemetryConsumer    : ALARM: [CRITICAL] 地形碰撞 | 地形碰撞风险 | drone=null | pos=(40.08334821313751,116.78509610008665)
2026-06-13T01:25:18.344+08:00  WARN 35828 --- [uav-alarm-engine] [ntainer#0-0-C-1] com.uav.alarm.kafka.TelemetryConsumer    : ALARM: [CRITICAL] 地形碰撞 | 地形碰撞风险 | drone=null | pos=(39.93884486997386,116.70712610746052)
2026-06-13T01:25:18.372+08:00  WARN 35828 --- [uav-alarm-engine] [ntainer#0-0-C-1] com.uav.alarm.kafka.TelemetryConsumer    : ALARM: [CRITICAL] 地形碰撞 | 地形碰撞风险 | drone=null | pos=(39.67415596620094,116.12367961938473)
2026-06-13T01:25:18.436+08:00  WARN 35828 --- [uav-alarm-engine] [ntainer#0-0-C-1] com.uav.alarm.kafka.TelemetryConsumer    : ALARM: [CRITICAL] 地形碰撞 | 地形碰撞风险 | drone=null | pos=(39.932750979569185,115.99836903661836)
2026-06-13T01:25:18.467+08:00  WARN 35828 --- [uav-alarm-engine] [ntainer#0-0-C-1] com.uav.alarm.kafka.TelemetryConsumer    : ALARM: [CRITICAL] 地形碰撞 | 地形碰撞风险 | drone=null | pos=(39.85473097211134,116.50779847839598)
2026-06-13T01:25:18.528+08:00  WARN 35828 --- [uav-alarm-engine] [ntainer#0-0-C-1] com.uav.alarm.kafka.TelemetryConsumer    : ALARM: [CRITICAL] 地形碰撞 | 地形碰撞风险 | drone=null | pos=(39.813107994426026,116.34250466659398)
2026-06-13T01:25:18.592+08:00  WARN 35828 --- [uav-alarm-engine] [ntainer#0-0-C-1] com.uav.alarm.kafka.TelemetryConsumer    : ALARM: [CRITICAL] 地形碰撞 | 地形碰撞风险 | drone=null | pos=(39.81826300843328,116.1747261531762)
2026-06-13T01:25:18.622+08:00  WARN 35828 --- [uav-alarm-engine] [ntainer#0-0-C-1] com.uav.alarm.kafka.TelemetryConsumer    : ALARM: [CRITICAL] 地形碰撞 | 地形碰撞风险 | drone=null | pos=(40.13992626560046,116.70214943313105)
2026-06-13T01:25:18.678+08:00  WARN 35828 --- [uav-alarm-engine] [ntainer#0-0-C-1] com.uav.alarm.kafka.TelemetryConsumer    : ALARM: [CRITICAL] 地形碰撞 | 地形碰撞风险 | drone=null | pos=(39.9398334269018,116.2677487568713)
2026-06-13T01:25:18.736+08:00  WARN 35828 --- [uav-alarm-engine] [ntainer#0-0-C-1] com.uav.alarm.kafka.TelemetryConsumer    : ALARM: [CRITICAL] 地形碰撞 | 地形碰撞风险 | drone=null | pos=(39.9774711329806,116.6244923204357)
2026-06-13T01:25:18.795+08:00  WARN 35828 --- [uav-alarm-engine] [ntainer#0-0-C-1] com.uav.alarm.kafka.TelemetryConsumer    : ALARM: [CRITICAL] 地形碰撞 | 地形碰撞风险 | drone=null | pos=(39.73487606536492,116.65399813655324)
2026-06-13T01:25:18.825+08:00  WARN 35828 --- [uav-alarm-engine] [ntainer#0-0-C-1] com.uav.alarm.kafka.TelemetryConsumer    : ALARM: [CRITICAL] 地形碰撞 | 地形碰撞风险 | drone=null | pos=(40.09083660450741,116.23362686099013)
2026-06-13T01:25:18.894+08:00  WARN 35828 --- [uav-alarm-engine] [ntainer#0-0-C-1] com.uav.alarm.kafka.TelemetryConsumer    : ALARM: [CRITICAL] 地形碰撞 | 地形碰撞风险 | drone=null | pos=(40.241867305867814,116.53551233615423)
2026-06-13T01:25:18.977+08:00  WARN 35828 --- [uav-alarm-engine] [ntainer#0-0-C-1] com.uav.alarm.kafka.TelemetryConsumer    : ALARM: [CRITICAL] 地形碰撞 | 地形碰撞风险 | drone=null | pos=(39.796169238388984,116.49305301899369)
2026-06-13T01:25:19.016+08:00  WARN 35828 --- [uav-alarm-engine] [ntainer#0-0-C-1] com.uav.alarm.kafka.TelemetryConsumer    : ALARM: [CRITICAL] 地形碰撞 | 地形碰撞风险 | drone=null | pos=(39.772969840953785,116.0443964521763)
2026-06-13T01:25:19.087+08:00  WARN 35828 --- [uav-alarm-engine] [ntainer#0-0-C-1] com.uav.alarm.kafka.TelemetryConsumer    : ALARM: [CRITICAL] 地形碰撞 | 地形碰撞风险 | drone=null | pos=(40.135857363358696,116.57705911925495)
2026-06-13T01:25:19.119+08:00  WARN 35828 --- [uav-alarm-engine] [ntainer#0-0-C-1] com.uav.alarm.kafka.TelemetryConsumer    : ALARM: [CRITICAL] 地形碰撞 | 地形碰撞风险 | drone=null | pos=(39.61272663292763,116.575939283859)
2026-06-13T01:25:19.251+08:00  WARN 35828 --- [uav-alarm-engine] [ntainer#0-0-C-1] com.uav.alarm.kafka.TelemetryConsumer    : ALARM: [CRITICAL] 地形碰撞 | 地形碰撞风险 | drone=null | pos=(39.87353392447144,116.45913776488803)
2026-06-13T01:25:19.287+08:00  WARN 35828 --- [uav-alarm-engine] [ntainer#0-0-C-1] com.uav.alarm.kafka.TelemetryConsumer    : ALARM: [CRITICAL] 地形碰撞 | 地形碰撞风险 | drone=null | pos=(39.643059126421505,116.5630658804931)
2026-06-13T01:25:19.353+08:00  WARN 35828 --- [uav-alarm-engine] [ntainer#0-0-C-1] com.uav.alarm.kafka.TelemetryConsumer    : ALARM: [CRITICAL] 地形碰撞 | 地形碰撞风险 | drone=null | pos=(39.87290631137923,116.54594089943362)
2026-06-13T01:25:19.382+08:00  WARN 35828 --- [uav-alarm-engine] [ntainer#0-0-C-1] com.uav.alarm.kafka.TelemetryConsumer    : ALARM: [CRITICAL] 地形碰撞 | 地形碰撞风险 | drone=null | pos=(39.82282784322318,116.43018398489778)
2026-06-13T01:25:19.437+08:00  WARN 35828 --- [uav-alarm-engine] [ntainer#0-0-C-1] com.uav.alarm.kafka.TelemetryConsumer    : ALARM: [CRITICAL] 地形碰撞 | 地形碰撞风险 | drone=null | pos=(40.010870761305014,116.41355693689793)
2026-06-13T01:25:19.669+08:00  WARN 35828 --- [uav-alarm-engine] [ntainer#0-0-C-1] com.uav.alarm.kafka.TelemetryConsumer    : ALARM: [CRITICAL] 地形碰撞 | 地形碰撞风险 | drone=null | pos=(39.828233145492824,116.360590323953)
2026-06-13T01:25:19.767+08:00  WARN 35828 --- [uav-alarm-engine] [ntainer#0-0-C-1] com.uav.alarm.kafka.TelemetryConsumer    : ALARM: [CRITICAL] 地形碰撞 | 地形碰撞风险 | drone=null | pos=(39.84594242762335,116.4826638116696)
2026-06-13T01:25:20.098+08:00  WARN 35828 --- [uav-alarm-engine] [ntainer#0-0-C-1] com.uav.alarm.kafka.TelemetryConsumer    : ALARM: [CRITICAL] 地形碰撞 | 地形碰撞风险 | drone=null | pos=(40.00143966025924,116.17914297555234)
2026-06-13T01:25:20.225+08:00  WARN 35828 --- [uav-alarm-engine] [ntainer#0-0-C-1] com.uav.alarm.kafka.TelemetryConsumer    : ALARM: [CRITICAL] 地形碰撞 | 地形碰撞风险 | drone=null | pos=(40.11531474511894,116.72441512190798)
2026-06-13T01:25:20.239+08:00  WARN 35828 --- [uav-alarm-engine] [ntainer#0-0-C-1] com.uav.alarm.kafka.TelemetryConsumer    : ALARM: [CRITICAL] 地形碰撞 | 地形碰撞风险 | drone=null | pos=(39.982940314435936,116.53569693400397)
2026-06-13T01:25:20.252+08:00  WARN 35828 --- [uav-alarm-engine] [ntainer#0-0-C-1] com.uav.alarm.kafka.TelemetryConsumer    : ALARM: [CRITICAL] 地形碰撞 | 地形碰撞风险 | drone=null | pos=(39.73522268815689,116.44874509014636)
2026-06-13T01:25:20.263+08:00  WARN 35828 --- [uav-alarm-engine] [ntainer#0-0-C-1] com.uav.alarm.kafka.TelemetryConsumer    : ALARM: [CRITICAL] 地形碰撞 | 地形碰撞风险 | drone=null | pos=(39.62781448962476,116.42797312746366)
2026-06-13T01:25:20.276+08:00  WARN 35828 --- [uav-alarm-engine] [ntainer#0-0-C-1] com.uav.alarm.kafka.TelemetryConsumer    : ALARM: [CRITICAL] 地形碰撞 | 地形碰撞风险 | drone=null | pos=(40.08080544205645,116.70048273725965)
2026-06-13T01:25:20.289+08:00  WARN 35828 --- [uav-alarm-engine] [ntainer#0-0-C-1] com.uav.alarm.kafka.TelemetryConsumer    : ALARM: [CRITICAL] 地形碰撞 | 地形碰撞风险 | drone=null | pos=(39.970620707227845,116.54260204201343)
2026-06-13T01:25:20.301+08:00  WARN 35828 --- [uav-alarm-engine] [ntainer#0-0-C-1] com.uav.alarm.kafka.TelemetryConsumer    : ALARM: [CRITICAL] 地形碰撞 | 地形碰撞风险 | drone=null | pos=(39.71975914366037,116.70875702169255)
2026-06-13T01:25:20.314+08:00  WARN 35828 --- [uav-alarm-engine] [ntainer#0-0-C-1] com.uav.alarm.kafka.TelemetryConsumer    : ALARM: [CRITICAL] 地形碰撞 | 地形碰撞风险 | drone=null | pos=(39.95079592581509,116.37114104412721)
2026-06-13T01:25:20.326+08:00  WARN 35828 --- [uav-alarm-engine] [ntainer#0-0-C-1] com.uav.alarm.kafka.TelemetryConsumer    : ALARM: [CRITICAL] 地形碰撞 | 地形碰撞风险 | drone=null | pos=(39.85357719730842,116.31582292404978)
2026-06-13T01:25:20.339+08:00  WARN 35828 --- [uav-alarm-engine] [ntainer#0-0-C-1] com.uav.alarm.kafka.TelemetryConsumer    : ALARM: [CRITICAL] 地形碰撞 | 地形碰撞风险 | drone=null | pos=(39.98381898034034,116.51414475375216)
2026-06-13T01:25:20.351+08:00  WARN 35828 --- [uav-alarm-engine] [ntainer#0-0-C-1] com.uav.alarm.kafka.TelemetryConsumer    : ALARM: [CRITICAL] 地形碰撞 | 地形碰撞风险 | drone=null | pos=(40.150605987687605,116.44775162115893)
2026-06-13T01:25:20.364+08:00  WARN 35828 --- [uav-alarm-engine] [ntainer#0-0-C-1] com.uav.alarm.kafka.TelemetryConsumer    : ALARM: [CRITICAL] 地形碰撞 | 地形碰撞风险 | drone=null | pos=(39.90602131103193,115.99210209129117)
2026-06-13T01:25:20.376+08:00  WARN 35828 --- [uav-alarm-engine] [ntainer#0-0-C-1] com.uav.alarm.kafka.TelemetryConsumer    : ALARM: [CRITICAL] 地形碰撞 | 地形碰撞风险 | drone=null | pos=(39.66132252018917,116.42555150447524)
2026-06-13T01:25:20.389+08:00  WARN 35828 --- [uav-alarm-engine] [ntainer#0-0-C-1] com.uav.alarm.kafka.TelemetryConsumer    : ALARM: [CRITICAL] 地形碰撞 | 地形碰撞风险 | drone=null | pos=(39.758034591017136,116.30425261985458)
2026-06-13T01:25:20.402+08:00  WARN 35828 --- [uav-alarm-engine] [ntainer#0-0-C-1] com.uav.alarm.kafka.TelemetryConsumer    : ALARM: [CRITICAL] 地形碰撞 | 地形碰撞风险 | drone=null | pos=(39.998953034608725,116.17162704484454)
2026-06-13T01:25:20.414+08:00  WARN 35828 --- [uav-alarm-engine] [ntainer#0-0-C-1] com.uav.alarm.kafka.TelemetryConsumer    : ALARM: [CRITICAL] 地形碰撞 | 地形碰撞风险 | drone=null | pos=(40.08537925051854,116.26922711341476)
2026-06-13T01:25:20.427+08:00  WARN 35828 --- [uav-alarm-engine] [ntainer#0-0-C-1] com.uav.alarm.kafka.TelemetryConsumer    : ALARM: [CRITICAL] 地形碰撞 | 地形碰撞风险 | drone=null | pos=(40.132213136293835,116.32159977604614)
2026-06-13T01:25:20.439+08:00  WARN 35828 --- [uav-alarm-engine] [ntainer#0-0-C-1] com.uav.alarm.kafka.TelemetryConsumer    : ALARM: [CRITICAL] 地形碰撞 | 地形碰撞风险 | drone=null | pos=(40.122102651940295,116.30438864238303)
2026-06-13T01:25:20.451+08:00  WARN 35828 --- [uav-alarm-engine] [ntainer#0-0-C-1] com.uav.alarm.kafka.TelemetryConsumer    : ALARM: [CRITICAL] 地形碰撞 | 地形碰撞风险 | drone=null | pos=(40.19503526211922,116.24546189664399)
2026-06-13T01:25:20.464+08:00  WARN 35828 --- [uav-alarm-engine] [ntainer#0-0-C-1] com.uav.alarm.kafka.TelemetryConsumer    : ALARM: [CRITICAL] 地形碰撞 | 地形碰撞风险 | drone=null | pos=(40.23618274926038,116.5258092283491)
2026-06-13T01:25:20.476+08:00  WARN 35828 --- [uav-alarm-engine] [ntainer#0-0-C-1] com.uav.alarm.kafka.TelemetryConsumer    : ALARM: [CRITICAL] 地形碰撞 | 地形碰撞风险 | drone=null | pos=(39.60544664740848,116.59270733522578)
2026-06-13T01:25:20.488+08:00  WARN 35828 --- [uav-alarm-engine] [ntainer#0-0-C-1] com.uav.alarm.kafka.TelemetryConsumer    : ALARM: [CRITICAL] 地形碰撞 | 地形碰撞风险 | drone=null | pos=(39.701511011163916,116.77448750228665)
2026-06-13T01:25:20.501+08:00  WARN 35828 --- [uav-alarm-engine] [ntainer#0-0-C-1] com.uav.alarm.kafka.TelemetryConsumer    : ALARM: [CRITICAL] 地形碰撞 | 地形碰撞风险 | drone=null | pos=(39.91569564170241,116.21347488084805)
2026-06-13T01:25:20.513+08:00  WARN 35828 --- [uav-alarm-engine] [ntainer#0-0-C-1] com.uav.alarm.kafka.TelemetryConsumer    : ALARM: [CRITICAL] 地形碰撞 | 地形碰撞风险 | drone=null | pos=(39.576520435887275,116.44726879148276)
2026-06-13T01:25:20.526+08:00  WARN 35828 --- [uav-alarm-engine] [ntainer#0-0-C-1] com.uav.alarm.kafka.TelemetryConsumer    : ALARM: [CRITICAL] 地形碰撞 | 地形碰撞风险 | drone=null | pos=(39.90269560712979,116.40789817515297)
2026-06-13T01:25:20.538+08:00  WARN 35828 --- [uav-alarm-engine] [ntainer#0-0-C-1] com.uav.alarm.kafka.TelemetryConsumer    : ALARM: [CRITICAL] 地形碰撞 | 地形碰撞风险 | drone=null | pos=(40.07489651583819,116.32604448182929)
2026-06-13T01:25:20.551+08:00  WARN 35828 --- [uav-alarm-engine] [ntainer#0-0-C-1] com.uav.alarm.kafka.TelemetryConsumer    : ALARM: [CRITICAL] 地形碰撞 | 地形碰撞风险 | drone=null | pos=(39.89479359492412,115.94438920543656)
2026-06-13T01:25:20.563+08:00  WARN 35828 --- [uav-alarm-engine] [ntainer#0-0-C-1] com.uav.alarm.kafka.TelemetryConsumer    : ALARM: [CRITICAL] 地形碰撞 | 地形碰撞风险 | drone=null | pos=(39.623340514313426,116.46628956611735)
2026-06-13T01:25:20.576+08:00  WARN 35828 --- [uav-alarm-engine] [ntainer#0-0-C-1] com.uav.alarm.kafka.TelemetryConsumer    : ALARM: [CRITICAL] 地形碰撞 | 地形碰撞风险 | drone=null | pos=(39.90850655481565,116.1018443385058)
2026-06-13T01:25:20.588+08:00  WARN 35828 --- [uav-alarm-engine] [ntainer#0-0-C-1] com.uav.alarm.kafka.TelemetryConsumer    : ALARM: [CRITICAL] 地形碰撞 | 地形碰撞风险 | drone=null | pos=(39.8397782224705,116.81976196866637)
2026-06-13T01:25:20.600+08:00  WARN 35828 --- [uav-alarm-engine] [ntainer#0-0-C-1] com.uav.alarm.kafka.TelemetryConsumer    : ALARM: [CRITICAL] 地形碰撞 | 地形碰撞风险 | drone=null | pos=(39.916587476640146,116.39697660250583)
2026-06-13T01:25:20.614+08:00  WARN 35828 --- [uav-alarm-engine] [ntainer#0-0-C-1] com.uav.alarm.kafka.TelemetryConsumer    : ALARM: [CRITICAL] 地形碰撞 | 地形碰撞风险 | drone=null | pos=(39.863569476495925,116.05213029861656)
2026-06-13T01:25:20.625+08:00  WARN 35828 --- [uav-alarm-engine] [ntainer#0-0-C-1] com.uav.alarm.kafka.TelemetryConsumer    : ALARM: [CRITICAL] 地形碰撞 | 地形碰撞风险 | drone=null | pos=(39.71619842152678,116.47171666746294)
2026-06-13T01:25:20.637+08:00  WARN 35828 --- [uav-alarm-engine] [ntainer#0-0-C-1] com.uav.alarm.kafka.TelemetryConsumer    : ALARM: [CRITICAL] 地形碰撞 | 地形碰撞风险 | drone=null | pos=(39.89170976545976,116.77374101561996)
2026-06-13T01:25:20.649+08:00  WARN 35828 --- [uav-alarm-engine] [ntainer#0-0-C-1] com.uav.alarm.kafka.TelemetryConsumer    : ALARM: [CRITICAL] 地形碰撞 | 地形碰撞风险 | drone=null | pos=(39.91509711760121,116.27730292830849)
2026-06-13T01:25:20.662+08:00  WARN 35828 --- [uav-alarm-engine] [ntainer#0-0-C-1] com.uav.alarm.kafka.TelemetryConsumer    : ALARM: [CRITICAL] 地形碰撞 | 地形碰撞风险 | drone=null | pos=(40.01244366328147,116.22815516582877)
2026-06-13T01:25:20.674+08:00  WARN 35828 --- [uav-alarm-engine] [ntainer#0-0-C-1] com.uav.alarm.kafka.TelemetryConsumer    : ALARM: [CRITICAL] 地形碰撞 | 地形碰撞风险 | drone=null | pos=(40.070145084213166,116.21563965611439)
2026-06-13T01:25:20.687+08:00  WARN 35828 --- [uav-alarm-engine] [ntainer#0-0-C-1] com.uav.alarm.kafka.TelemetryConsumer    : ALARM: [CRITICAL] 地形碰撞 | 地形碰撞风险 | drone=null | pos=(40.23747897262821,116.24677830595056)
2026-06-13T01:25:20.699+08:00  WARN 35828 --- [uav-alarm-engine] [ntainer#0-0-C-1] com.uav.alarm.kafka.TelemetryConsumer    : ALARM: [CRITICAL] 地形碰撞 | 地形碰撞风险 | drone=null | pos=(39.95427538847957,116.36863814960553)
2026-06-13T01:25:20.712+08:00  WARN 35828 --- [uav-alarm-engine] [ntainer#0-0-C-1] com.uav.alarm.kafka.TelemetryConsumer    : ALARM: [CRITICAL] 地形碰撞 | 地形碰撞风险 | drone=null | pos=(39.999851345226084,116.7448300076392)
2026-06-13T01:25:20.726+08:00  WARN 35828 --- [uav-alarm-engine] [ntainer#0-0-C-1] com.uav.alarm.kafka.TelemetryConsumer    : ALARM: [CRITICAL] 地形碰撞 | 地形碰撞风险 | drone=null | pos=(40.17570017106862,116.26116378136685)
2026-06-13T01:25:20.737+08:00  WARN 35828 --- [uav-alarm-engine] [ntainer#0-0-C-1] com.uav.alarm.kafka.TelemetryConsumer    : ALARM: [CRITICAL] 地形碰撞 | 地形碰撞风险 | drone=null | pos=(39.65490551969069,116.70763302507864)
2026-06-13T01:25:20.762+08:00  WARN 35828 --- [uav-alarm-engine] [ntainer#0-0-C-1] com.uav.alarm.kafka.TelemetryConsumer    : ALARM: [CRITICAL] 地形碰撞 | 地形碰撞风险 | drone=null | pos=(40.113109622037996,116.30707853135415)
2026-06-13T01:25:20.775+08:00  WARN 35828 --- [uav-alarm-engine] [ntainer#0-0-C-1] com.uav.alarm.kafka.TelemetryConsumer    : ALARM: [CRITICAL] 地形碰撞 | 地形碰撞风险 | drone=null | pos=(39.98374902425512,116.48212484967387)
2026-06-13T01:25:20.787+08:00  WARN 35828 --- [uav-alarm-engine] [ntainer#0-0-C-1] com.uav.alarm.kafka.TelemetryConsumer    : ALARM: [CRITICAL] 地形碰撞 | 地形碰撞风险 | drone=null | pos=(39.888152414286154,116.2967717376836)
2026-06-13T01:25:20.800+08:00  WARN 35828 --- [uav-alarm-engine] [ntainer#0-0-C-1] com.uav.alarm.kafka.TelemetryConsumer    : ALARM: [CRITICAL] 地形碰撞 | 地形碰撞风险 | drone=null | pos=(39.94084749239162,116.53855616139016)
2026-06-13T01:25:20.812+08:00  WARN 35828 --- [uav-alarm-engine] [ntainer#0-0-C-1] com.uav.alarm.kafka.TelemetryConsumer    : ALARM: [CRITICAL] 地形碰撞 | 地形碰撞风险 | drone=null | pos=(39.86946029212037,116.4764595071695)
2026-06-13T01:25:20.824+08:00  WARN 35828 --- [uav-alarm-engine] [ntainer#0-0-C-1] com.uav.alarm.kafka.TelemetryConsumer    : ALARM: [CRITICAL] 地形碰撞 | 地形碰撞风险 | drone=null | pos=(39.93046195437281,116.82166895026647)
2026-06-13T01:25:20.837+08:00  WARN 35828 --- [uav-alarm-engine] [ntainer#0-0-C-1] com.uav.alarm.kafka.TelemetryConsumer    : ALARM: [CRITICAL] 地形碰撞 | 地形碰撞风险 | drone=null | pos=(40.01967493644709,116.42745509253463)
2026-06-13T01:25:20.849+08:00  WARN 35828 --- [uav-alarm-engine] [ntainer#0-0-C-1] com.uav.alarm.kafka.TelemetryConsumer    : ALARM: [CRITICAL] 地形碰撞 | 地形碰撞风险 | drone=null | pos=(39.88759586826495,116.69616038700698)
2026-06-13T01:25:20.862+08:00  WARN 35828 --- [uav-alarm-engine] [ntainer#0-0-C-1] com.uav.alarm.kafka.TelemetryConsumer    : ALARM: [CRITICAL] 地形碰撞 | 地形碰撞风险 | drone=null | pos=(39.78018469667828,116.40331855462945)
2026-06-13T01:25:20.874+08:00  WARN 35828 --- [uav-alarm-engine] [ntainer#0-0-C-1] com.uav.alarm.kafka.TelemetryConsumer    : ALARM: [CRITICAL] 地形碰撞 | 地形碰撞风险 | drone=null | pos=(40.15359756173199,116.20872334754125)
2026-06-13T01:25:20.887+08:00  WARN 35828 --- [uav-alarm-engine] [ntainer#0-0-C-1] com.uav.alarm.kafka.TelemetryConsumer    : ALARM: [CRITICAL] 地形碰撞 | 地形碰撞风险 | drone=null | pos=(39.953209120902855,116.37219390791356)
2026-06-13T01:25:20.900+08:00  WARN 35828 --- [uav-alarm-engine] [ntainer#0-0-C-1] com.uav.alarm.kafka.TelemetryConsumer    : ALARM: [CRITICAL] 地形碰撞 | 地形碰撞风险 | drone=null | pos=(40.17842466198287,116.57741705236764)
2026-06-13T01:25:20.913+08:00  WARN 35828 --- [uav-alarm-engine] [ntainer#0-0-C-1] com.uav.alarm.kafka.TelemetryConsumer    : ALARM: [CRITICAL] 地形碰撞 | 地形碰撞风险 | drone=null | pos=(40.12960465774598,116.47927827029869)
2026-06-13T01:25:20.925+08:00  WARN 35828 --- [uav-alarm-engine] [ntainer#0-0-C-1] com.uav.alarm.kafka.TelemetryConsumer    : ALARM: [CRITICAL] 地形碰撞 | 地形碰撞风险 | drone=null | pos=(39.660375789606626,116.07174156435967)
2026-06-13T01:25:20.938+08:00  WARN 35828 --- [uav-alarm-engine] [ntainer#0-0-C-1] com.uav.alarm.kafka.TelemetryConsumer    : ALARM: [CRITICAL] 地形碰撞 | 地形碰撞风险 | drone=null | pos=(39.690864882027206,116.14698329203681)
2026-06-13T01:25:20.950+08:00  WARN 35828 --- [uav-alarm-engine] [ntainer#0-0-C-1] com.uav.alarm.kafka.TelemetryConsumer    : ALARM: [CRITICAL] 地形碰撞 | 地形碰撞风险 | drone=null | pos=(39.89206766870794,116.22750369343834)
2026-06-13T01:25:20.963+08:00  WARN 35828 --- [uav-alarm-engine] [ntainer#0-0-C-1] com.uav.alarm.kafka.TelemetryConsumer    : ALARM: [CRITICAL] 地形碰撞 | 地形碰撞风险 | drone=null | pos=(40.18207329909697,116.48492757389116)
2026-06-13T01:25:20.976+08:00  WARN 35828 --- [uav-alarm-engine] [ntainer#0-0-C-1] com.uav.alarm.kafka.TelemetryConsumer    : ALARM: [CRITICAL] 地形碰撞 | 地形碰撞风险 | drone=null | pos=(39.88864227669288,116.40369982892345)
2026-06-13T01:25:20.988+08:00  WARN 35828 --- [uav-alarm-engine] [ntainer#0-0-C-1] com.uav.alarm.kafka.TelemetryConsumer    : ALARM: [CRITICAL] 地形碰撞 | 地形碰撞风险 | drone=null | pos=(40.19110170864021,116.12737037779361)
2026-06-13T01:25:21.001+08:00  WARN 35828 --- [uav-alarm-engine] [ntainer#0-0-C-1] com.uav.alarm.kafka.TelemetryConsumer    : ALARM: [CRITICAL] 地形碰撞 | 地形碰撞风险 | drone=null | pos=(40.1041409586096,116.70722765126914)
2026-06-13T01:25:21.014+08:00  WARN 35828 --- [uav-alarm-engine] [ntainer#0-0-C-1] com.uav.alarm.kafka.TelemetryConsumer    : ALARM: [CRITICAL] 地形碰撞 | 地形碰撞风险 | drone=null | pos=(40.09465043313834,116.52302099931788)
2026-06-13T01:25:21.025+08:00  WARN 35828 --- [uav-alarm-engine] [ntainer#0-0-C-1] com.uav.alarm.kafka.TelemetryConsumer    : ALARM: [CRITICAL] 地形碰撞 | 地形碰撞风险 | drone=null | pos=(39.89027432087191,116.42529589404644)
2026-06-13T01:25:21.039+08:00  WARN 35828 --- [uav-alarm-engine] [ntainer#0-0-C-1] com.uav.alarm.kafka.TelemetryConsumer    : ALARM: [CRITICAL] 地形碰撞 | 地形碰撞风险 | drone=null | pos=(39.97565387048316,116.09900836495217)
2026-06-13T01:25:21.051+08:00  WARN 35828 --- [uav-alarm-engine] [ntainer#0-0-C-1] com.uav.alarm.kafka.TelemetryConsumer    : ALARM: [CRITICAL] 地形碰撞 | 地形碰撞风险 | drone=null | pos=(39.90670141375744,116.3240132710423)
2026-06-13T01:25:21.062+08:00  WARN 35828 --- [uav-alarm-engine] [ntainer#0-0-C-1] com.uav.alarm.kafka.TelemetryConsumer    : ALARM: [CRITICAL] 地形碰撞 | 地形碰撞风险 | drone=null | pos=(39.953239087884775,116.45564315337103)
2026-06-13T01:25:21.075+08:00  WARN 35828 --- [uav-alarm-engine] [ntainer#0-0-C-1] com.uav.alarm.kafka.TelemetryConsumer    : ALARM: [CRITICAL] 地形碰撞 | 地形碰撞风险 | drone=null | pos=(39.872455052251915,116.01698692642637)
2026-06-13T01:25:21.087+08:00  WARN 35828 --- [uav-alarm-engine] [ntainer#0-0-C-1] com.uav.alarm.kafka.TelemetryConsumer    : ALARM: [CRITICAL] 地形碰撞 | 地形碰撞风险 | drone=null | pos=(39.92569659780268,116.67132871768966)
2026-06-13T01:25:21.100+08:00  WARN 35828 --- [uav-alarm-engine] [ntainer#0-0-C-1] com.uav.alarm.kafka.TelemetryConsumer    : ALARM: [CRITICAL] 地形碰撞 | 地形碰撞风险 | drone=null | pos=(39.78663410169444,116.11443646275524)
2026-06-13T01:25:21.113+08:00  WARN 35828 --- [uav-alarm-engine] [ntainer#0-0-C-1] com.uav.alarm.kafka.TelemetryConsumer    : ALARM: [CRITICAL] 地形碰撞 | 地形碰撞风险 | drone=null | pos=(39.75527597945738,116.41378264576291)
2026-06-13T01:25:21.125+08:00  WARN 35828 --- [uav-alarm-engine] [ntainer#0-0-C-1] com.uav.alarm.kafka.TelemetryConsumer    : ALARM: [CRITICAL] 地形碰撞 | 地形碰撞风险 | drone=null | pos=(40.20977133684014,116.3052216574991)
2026-06-13T01:25:21.137+08:00  WARN 35828 --- [uav-alarm-engine] [ntainer#0-0-C-1] com.uav.alarm.kafka.TelemetryConsumer    : ALARM: [CRITICAL] 地形碰撞 | 地形碰撞风险 | drone=null | pos=(39.923821037936,116.39146541124332)
2026-06-13T01:25:21.150+08:00  WARN 35828 --- [uav-alarm-engine] [ntainer#0-0-C-1] com.uav.alarm.kafka.TelemetryConsumer    : ALARM: [CRITICAL] 地形碰撞 | 地形碰撞风险 | drone=null | pos=(40.02980845246891,115.98262080617583)
2026-06-13T01:25:21.163+08:00  WARN 35828 --- [uav-alarm-engine] [ntainer#0-0-C-1] com.uav.alarm.kafka.TelemetryConsumer    : ALARM: [CRITICAL] 地形碰撞 | 地形碰撞风险 | drone=null | pos=(39.930489307062615,116.35955799467534)
2026-06-13T01:25:21.175+08:00  WARN 35828 --- [uav-alarm-engine] [ntainer#0-0-C-1] com.uav.alarm.kafka.TelemetryConsumer    : ALARM: [CRITICAL] 地形碰撞 | 地形碰撞风险 | drone=null | pos=(39.93927025914446,116.01901583336185)
2026-06-13T01:25:21.187+08:00  WARN 35828 --- [uav-alarm-engine] [ntainer#0-0-C-1] com.uav.alarm.kafka.TelemetryConsumer    : ALARM: [CRITICAL] 地形碰撞 | 地形碰撞风险 | drone=null | pos=(39.940440632727665,116.41117213316411)
2026-06-13T01:25:21.200+08:00  WARN 35828 --- [uav-alarm-engine] [ntainer#0-0-C-1] com.uav.alarm.kafka.TelemetryConsumer    : ALARM: [CRITICAL] 地形碰撞 | 地形碰撞风险 | drone=null | pos=(39.905952286005245,116.41868721241853)
2026-06-13T01:25:21.212+08:00  WARN 35828 --- [uav-alarm-engine] [ntainer#0-0-C-1] com.uav.alarm.kafka.TelemetryConsumer    : ALARM: [CRITICAL] 地形碰撞 | 地形碰撞风险 | drone=null | pos=(39.90113921085215,116.40346561399805)
2026-06-13T01:25:21.225+08:00  WARN 35828 --- [uav-alarm-engine] [ntainer#0-0-C-1] com.uav.alarm.kafka.TelemetryConsumer    : ALARM: [CRITICAL] 地形碰撞 | 地形碰撞风险 | drone=null | pos=(39.89394863761187,116.39366401821873)
2026-06-13T01:25:21.238+08:00  WARN 35828 --- [uav-alarm-engine] [ntainer#0-0-C-1] com.uav.alarm.kafka.TelemetryConsumer    : ALARM: [CRITICAL] 地形碰撞 | 地形碰撞风险 | drone=null | pos=(40.186940882179535,116.26205449943166)
2026-06-13T01:25:21.250+08:00  WARN 35828 --- [uav-alarm-engine] [ntainer#0-0-C-1] com.uav.alarm.kafka.TelemetryConsumer    : ALARM: [CRITICAL] 地形碰撞 | 地形碰撞风险 | drone=null | pos=(39.67790576488133,116.2715339742927)
2026-06-13T01:25:21.263+08:00  WARN 35828 --- [uav-alarm-engine] [ntainer#0-0-C-1] com.uav.alarm.kafka.TelemetryConsumer    : ALARM: [CRITICAL] 地形碰撞 | 地形碰撞风险 | drone=null | pos=(39.78530611129365,116.61821910274503)
2026-06-13T01:25:21.276+08:00  WARN 35828 --- [uav-alarm-engine] [ntainer#0-0-C-1] com.uav.alarm.kafka.TelemetryConsumer    : ALARM: [CRITICAL] 地形碰撞 | 地形碰撞风险 | drone=null | pos=(39.92252786687139,116.74588532153345)
2026-06-13T01:25:21.288+08:00  WARN 35828 --- [uav-alarm-engine] [ntainer#0-0-C-1] com.uav.alarm.kafka.TelemetryConsumer    : ALARM: [CRITICAL] 地形碰撞 | 地形碰撞风险 | drone=null | pos=(40.260079708123364,116.45445713977213)
2026-06-13T01:25:21.300+08:00  WARN 35828 --- [uav-alarm-engine] [ntainer#0-0-C-1] com.uav.alarm.kafka.TelemetryConsumer    : ALARM: [CRITICAL] 地形碰撞 | 地形碰撞风险 | drone=null | pos=(39.81074750965302,116.53226896248937)
2026-06-13T01:25:21.313+08:00  WARN 35828 --- [uav-alarm-engine] [ntainer#0-0-C-1] com.uav.alarm.kafka.TelemetryConsumer    : ALARM: [CRITICAL] 地形碰撞 | 地形碰撞风险 | drone=null | pos=(39.7751905930819,116.29167812242038)
2026-06-13T01:25:21.325+08:00  WARN 35828 --- [uav-alarm-engine] [ntainer#0-0-C-1] com.uav.alarm.kafka.TelemetryConsumer    : ALARM: [CRITICAL] 地形碰撞 | 地形碰撞风险 | drone=null | pos=(39.78523495850508,116.21375744918433)
2026-06-13T01:25:21.338+08:00  WARN 35828 --- [uav-alarm-engine] [ntainer#0-0-C-1] com.uav.alarm.kafka.TelemetryConsumer    : ALARM: [CRITICAL] 地形碰撞 | 地形碰撞风险 | drone=null | pos=(40.21479331439941,116.50833648652377)
2026-06-13T01:25:21.351+08:00  WARN 35828 --- [uav-alarm-engine] [ntainer#0-0-C-1] com.uav.alarm.kafka.TelemetryConsumer    : ALARM: [CRITICAL] 地形碰撞 | 地形碰撞风险 | drone=null | pos=(39.86789838502549,116.33839369744162)
2026-06-13T01:25:21.363+08:00  WARN 35828 --- [uav-alarm-engine] [ntainer#0-0-C-1] com.uav.alarm.kafka.TelemetryConsumer    : ALARM: [CRITICAL] 地形碰撞 | 地形碰撞风险 | drone=null | pos=(39.9725361639634,116.50598547483091)
2026-06-13T01:25:21.376+08:00  WARN 35828 --- [uav-alarm-engine] [ntainer#0-0-C-1] com.uav.alarm.kafka.TelemetryConsumer    : ALARM: [CRITICAL] 地形碰撞 | 地形碰撞风险 | drone=null | pos=(40.186549812325495,116.50903206759706)
2026-06-13T01:25:21.388+08:00  WARN 35828 --- [uav-alarm-engine] [ntainer#0-0-C-1] com.uav.alarm.kafka.TelemetryConsumer    : ALARM: [CRITICAL] 地形碰撞 | 地形碰撞风险 | drone=null | pos=(39.818936319428964,116.48073629500203)
2026-06-13T01:25:21.402+08:00  WARN 35828 --- [uav-alarm-engine] [ntainer#0-0-C-1] com.uav.alarm.kafka.TelemetryConsumer    : ALARM: [CRITICAL] 地形碰撞 | 地形碰撞风险 | drone=null | pos=(39.916229351550314,116.39676237270814)
2026-06-13T01:25:21.415+08:00  WARN 35828 --- [uav-alarm-engine] [ntainer#0-0-C-1] com.uav.alarm.kafka.TelemetryConsumer    : ALARM: [CRITICAL] 地形碰撞 | 地形碰撞风险 | drone=null | pos=(39.9244918420377,116.0497733750041)
2026-06-13T01:25:21.427+08:00  WARN 35828 --- [uav-alarm-engine] [ntainer#0-0-C-1] com.uav.alarm.kafka.TelemetryConsumer    : ALARM: [CRITICAL] 地形碰撞 | 地形碰撞风险 | drone=null | pos=(39.94432883677059,116.21271506671826)
2026-06-13T01:25:21.440+08:00  WARN 35828 --- [uav-alarm-engine] [ntainer#0-0-C-1] com.uav.alarm.kafka.TelemetryConsumer    : ALARM: [CRITICAL] 地形碰撞 | 地形碰撞风险 | drone=null | pos=(39.71295386952956,116.49025064046126)
2026-06-13T01:25:21.453+08:00  WARN 35828 --- [uav-alarm-engine] [ntainer#0-0-C-1] com.uav.alarm.kafka.TelemetryConsumer    : ALARM: [CRITICAL] 地形碰撞 | 地形碰撞风险 | drone=null | pos=(39.95989101133768,116.39199687079545)
2026-06-13T01:25:21.466+08:00  WARN 35828 --- [uav-alarm-engine] [ntainer#0-0-C-1] com.uav.alarm.kafka.TelemetryConsumer    : ALARM: [CRITICAL] 地形碰撞 | 地形碰撞风险 | drone=null | pos=(39.61434047641262,116.2661843464097)
2026-06-13T01:25:21.479+08:00  WARN 35828 --- [uav-alarm-engine] [ntainer#0-0-C-1] com.uav.alarm.kafka.TelemetryConsumer    : ALARM: [CRITICAL] 地形碰撞 | 地形碰撞风险 | drone=null | pos=(39.881825250520855,116.4415998287755)
2026-06-13T01:25:21.492+08:00  WARN 35828 --- [uav-alarm-engine] [ntainer#0-0-C-1] com.uav.alarm.kafka.TelemetryConsumer    : ALARM: [CRITICAL] 地形碰撞 | 地形碰撞风险 | drone=null | pos=(40.13830848685477,116.28268749904528)
2026-06-13T01:25:21.505+08:00  WARN 35828 --- [uav-alarm-engine] [ntainer#0-0-C-1] com.uav.alarm.kafka.TelemetryConsumer    : ALARM: [CRITICAL] 地形碰撞 | 地形碰撞风险 | drone=null | pos=(39.89817936494159,116.45980224305211)
2026-06-13T01:25:21.518+08:00  WARN 35828 --- [uav-alarm-engine] [ntainer#0-0-C-1] com.uav.alarm.kafka.TelemetryConsumer    : ALARM: [CRITICAL] 地形碰撞 | 地形碰撞风险 | drone=null | pos=(40.063118132774754,116.11635872473154)
2026-06-13T01:25:21.531+08:00  WARN 35828 --- [uav-alarm-engine] [ntainer#0-0-C-1] com.uav.alarm.kafka.TelemetryConsumer    : ALARM: [CRITICAL] 地形碰撞 | 地形碰撞风险 | drone=null | pos=(39.754665921180916,116.64992524660683)
2026-06-13T01:25:21.543+08:00  WARN 35828 --- [uav-alarm-engine] [ntainer#0-0-C-1] com.uav.alarm.kafka.TelemetryConsumer    : ALARM: [CRITICAL] 地形碰撞 | 地形碰撞风险 | drone=null | pos=(40.128600256105386,116.76682390576093)
2026-06-13T01:25:21.557+08:00  WARN 35828 --- [uav-alarm-engine] [ntainer#0-0-C-1] com.uav.alarm.kafka.TelemetryConsumer    : ALARM: [CRITICAL] 地形碰撞 | 地形碰撞风险 | drone=null | pos=(39.78328969788172,116.83937984660885)
2026-06-13T01:25:21.569+08:00  WARN 35828 --- [uav-alarm-engine] [ntainer#0-0-C-1] com.uav.alarm.kafka.TelemetryConsumer    : ALARM: [CRITICAL] 地形碰撞 | 地形碰撞风险 | drone=null | pos=(39.781732729576525,116.21243928204704)
2026-06-13T01:25:21.581+08:00  WARN 35828 --- [uav-alarm-engine] [ntainer#0-0-C-1] com.uav.alarm.kafka.TelemetryConsumer    : ALARM: [CRITICAL] 地形碰撞 | 地形碰撞风险 | drone=null | pos=(39.7960967494874,116.31614116183341)
2026-06-13T01:25:21.594+08:00  WARN 35828 --- [uav-alarm-engine] [ntainer#0-0-C-1] com.uav.alarm.kafka.TelemetryConsumer    : ALARM: [CRITICAL] 地形碰撞 | 地形碰撞风险 | drone=null | pos=(40.10309596351421,116.56586525278051)
2026-06-13T01:25:21.606+08:00  WARN 35828 --- [uav-alarm-engine] [ntainer#0-0-C-1] com.uav.alarm.kafka.TelemetryConsumer    : ALARM: [CRITICAL] 地形碰撞 | 地形碰撞风险 | drone=null | pos=(39.97570446834058,116.39459679264915)
2026-06-13T01:25:21.619+08:00  WARN 35828 --- [uav-alarm-engine] [ntainer#0-0-C-1] com.uav.alarm.kafka.TelemetryConsumer    : ALARM: [CRITICAL] 地形碰撞 | 地形碰撞风险 | drone=null | pos=(39.9777823056513,116.37027772314792)
2026-06-13T01:25:21.632+08:00  WARN 35828 --- [uav-alarm-engine] [ntainer#0-0-C-1] com.uav.alarm.kafka.TelemetryConsumer    : ALARM: [CRITICAL] 地形碰撞 | 地形碰撞风险 | drone=null | pos=(39.91073373685033,116.41398012989467)
2026-06-13T01:25:21.643+08:00  WARN 35828 --- [uav-alarm-engine] [ntainer#0-0-C-1] com.uav.alarm.kafka.TelemetryConsumer    : ALARM: [CRITICAL] 地形碰撞 | 地形碰撞风险 | drone=null | pos=(39.64297733106383,116.4173301093516)
2026-06-13T01:25:21.655+08:00  WARN 35828 --- [uav-alarm-engine] [ntainer#0-0-C-1] com.uav.alarm.kafka.TelemetryConsumer    : ALARM: [CRITICAL] 地形碰撞 | 地形碰撞风险 | drone=null | pos=(39.99554908834192,116.30867582490514)
2026-06-13T01:25:21.668+08:00  WARN 35828 --- [uav-alarm-engine] [ntainer#0-0-C-1] com.uav.alarm.kafka.TelemetryConsumer    : ALARM: [CRITICAL] 地形碰撞 | 地形碰撞风险 | drone=null | pos=(39.90472588102558,116.46392810742668)
2026-06-13T01:25:21.680+08:00  WARN 35828 --- [uav-alarm-engine] [ntainer#0-0-C-1] com.uav.alarm.kafka.TelemetryConsumer    : ALARM: [CRITICAL] 地形碰撞 | 地形碰撞风险 | drone=null | pos=(40.15453842158988,116.35993891545202)
2026-06-13T01:25:21.693+08:00  WARN 35828 --- [uav-alarm-engine] [ntainer#0-0-C-1] com.uav.alarm.kafka.TelemetryConsumer    : ALARM: [CRITICAL] 地形碰撞 | 地形碰撞风险 | drone=null | pos=(39.960587442883295,115.96052311823252)
2026-06-13T01:25:21.705+08:00  WARN 35828 --- [uav-alarm-engine] [ntainer#0-0-C-1] com.uav.alarm.kafka.TelemetryConsumer    : ALARM: [CRITICAL] 地形碰撞 | 地形碰撞风险 | drone=null | pos=(39.96487159848084,116.76153060214625)
2026-06-13T01:25:21.718+08:00  WARN 35828 --- [uav-alarm-engine] [ntainer#0-0-C-1] com.uav.alarm.kafka.TelemetryConsumer    : ALARM: [CRITICAL] 地形碰撞 | 地形碰撞风险 | drone=null | pos=(39.947626102129696,116.65951217411231)
2026-06-13T01:25:21.730+08:00  WARN 35828 --- [uav-alarm-engine] [ntainer#0-0-C-1] com.uav.alarm.kafka.TelemetryConsumer    : ALARM: [CRITICAL] 地形碰撞 | 地形碰撞风险 | drone=null | pos=(39.63285578119784,116.28830100947512)
2026-06-13T01:25:21.742+08:00  WARN 35828 --- [uav-alarm-engine] [ntainer#0-0-C-1] com.uav.alarm.kafka.TelemetryConsumer    : ALARM: [CRITICAL] 地形碰撞 | 地形碰撞风险 | drone=null | pos=(39.976163893857226,116.845892220309)
2026-06-13T01:25:21.754+08:00  WARN 35828 --- [uav-alarm-engine] [ntainer#0-0-C-1] com.uav.alarm.kafka.TelemetryConsumer    : ALARM: [CRITICAL] 地形碰撞 | 地形碰撞风险 | drone=null | pos=(39.84553688602559,116.66549483567526)
2026-06-13T01:25:21.767+08:00  WARN 35828 --- [uav-alarm-engine] [ntainer#0-0-C-1] com.uav.alarm.kafka.TelemetryConsumer    : ALARM: [CRITICAL] 地形碰撞 | 地形碰撞风险 | drone=null | pos=(39.98793955092805,116.74333581237954)
2026-06-13T01:25:21.779+08:00  WARN 35828 --- [uav-alarm-engine] [ntainer#0-0-C-1] com.uav.alarm.kafka.TelemetryConsumer    : ALARM: [CRITICAL] 地形碰撞 | 地形碰撞风险 | drone=null | pos=(39.758136235564336,116.18142618093148)
2026-06-13T01:25:21.791+08:00  WARN 35828 --- [uav-alarm-engine] [ntainer#0-0-C-1] com.uav.alarm.kafka.TelemetryConsumer    : ALARM: [CRITICAL] 地形碰撞 | 地形碰撞风险 | drone=null | pos=(39.83511651470924,116.3003188422594)
2026-06-13T01:25:21.803+08:00  WARN 35828 --- [uav-alarm-engine] [ntainer#0-0-C-1] com.uav.alarm.kafka.TelemetryConsumer    : ALARM: [CRITICAL] 地形碰撞 | 地形碰撞风险 | drone=null | pos=(40.0281314996239,116.60328410586116)
2026-06-13T01:25:21.816+08:00  WARN 35828 --- [uav-alarm-engine] [ntainer#0-0-C-1] com.uav.alarm.kafka.TelemetryConsumer    : ALARM: [CRITICAL] 地形碰撞 | 地形碰撞风险 | drone=null | pos=(39.85835787123728,116.52499064474732)
2026-06-13T01:25:21.829+08:00  WARN 35828 --- [uav-alarm-engine] [ntainer#0-0-C-1] com.uav.alarm.kafka.TelemetryConsumer    : ALARM: [CRITICAL] 地形碰撞 | 地形碰撞风险 | drone=null | pos=(39.83750769463677,116.48265747923782)
2026-06-13T01:25:21.841+08:00  WARN 35828 --- [uav-alarm-engine] [ntainer#0-0-C-1] com.uav.alarm.kafka.TelemetryConsumer    : ALARM: [CRITICAL] 地形碰撞 | 地形碰撞风险 | drone=null | pos=(39.90351291541548,116.46353906238387)
2026-06-13T01:25:21.854+08:00  WARN 35828 --- [uav-alarm-engine] [ntainer#0-0-C-1] com.uav.alarm.kafka.TelemetryConsumer    : ALARM: [CRITICAL] 地形碰撞 | 地形碰撞风险 | drone=null | pos=(39.83319918652996,116.46777983259899)
2026-06-13T01:25:21.867+08:00  WARN 35828 --- [uav-alarm-engine] [ntainer#0-0-C-1] com.uav.alarm.kafka.TelemetryConsumer    : ALARM: [CRITICAL] 地形碰撞 | 地形碰撞风险 | drone=null | pos=(39.83507036867767,116.66787677217188)
2026-06-13T01:25:21.879+08:00  WARN 35828 --- [uav-alarm-engine] [ntainer#0-0-C-1] com.uav.alarm.kafka.TelemetryConsumer    : ALARM: [CRITICAL] 地形碰撞 | 地形碰撞风险 | drone=null | pos=(39.658566317471596,116.20469434402887)
2026-06-13T01:25:21.892+08:00  WARN 35828 --- [uav-alarm-engine] [ntainer#0-0-C-1] com.uav.alarm.kafka.TelemetryConsumer    : ALARM: [CRITICAL] 地形碰撞 | 地形碰撞风险 | drone=null | pos=(39.904678292603634,116.49162506193494)
2026-06-13T01:25:21.903+08:00  WARN 35828 --- [uav-alarm-engine] [ntainer#0-0-C-1] com.uav.alarm.kafka.TelemetryConsumer    : ALARM: [CRITICAL] 地形碰撞 | 地形碰撞风险 | drone=null | pos=(39.79817726022669,116.66159328500918)
2026-06-13T01:25:21.917+08:00  WARN 35828 --- [uav-alarm-engine] [ntainer#0-0-C-1] com.uav.alarm.kafka.TelemetryConsumer    : ALARM: [CRITICAL] 地形碰撞 | 地形碰撞风险 | drone=null | pos=(39.78490552640084,116.0487485933568)
2026-06-13T01:25:21.928+08:00  WARN 35828 --- [uav-alarm-engine] [ntainer#0-0-C-1] com.uav.alarm.kafka.TelemetryConsumer    : ALARM: [CRITICAL] 地形碰撞 | 地形碰撞风险 | drone=null | pos=(40.079729923571776,116.74774166616406)
2026-06-13T01:25:21.954+08:00  WARN 35828 --- [uav-alarm-engine] [ntainer#0-0-C-1] com.uav.alarm.kafka.TelemetryConsumer    : ALARM: [CRITICAL] 地形碰撞 | 地形碰撞风险 | drone=null | pos=(39.82936850151904,116.80671798326603)
2026-06-13T01:25:21.956+08:00  WARN 35828 --- [uav-alarm-engine] [ntainer#0-0-C-1] com.uav.alarm.kafka.TelemetryConsumer    : ALARM: [CRITICAL] 地形碰撞 | 地形碰撞风险 | drone=null | pos=(40.12871000739186,116.14415542975833)
2026-06-13T01:25:21.966+08:00  WARN 35828 --- [uav-alarm-engine] [ntainer#0-0-C-1] com.uav.alarm.kafka.TelemetryConsumer    : ALARM: [CRITICAL] 地形碰撞 | 地形碰撞风险 | drone=null | pos=(39.90768378343711,116.49240610905488)
2026-06-13T01:25:21.977+08:00  WARN 35828 --- [uav-alarm-engine] [ntainer#0-0-C-1] com.uav.alarm.kafka.TelemetryConsumer    : ALARM: [CRITICAL] 地形碰撞 | 地形碰撞风险 | drone=null | pos=(39.74775856452581,116.49505121302658)
2026-06-13T01:25:21.991+08:00  WARN 35828 --- [uav-alarm-engine] [ntainer#0-0-C-1] com.uav.alarm.kafka.TelemetryConsumer    : ALARM: [CRITICAL] 地形碰撞 | 地形碰撞风险 | drone=null | pos=(39.77567958188689,116.37759524172807)
2026-06-13T01:25:22.003+08:00  WARN 35828 --- [uav-alarm-engine] [ntainer#0-0-C-1] com.uav.alarm.kafka.TelemetryConsumer    : ALARM: [CRITICAL] 地形碰撞 | 地形碰撞风险 | drone=null | pos=(39.6451282679507,116.41942922058931)
2026-06-13T01:25:22.017+08:00  WARN 35828 --- [uav-alarm-engine] [ntainer#0-0-C-1] com.uav.alarm.kafka.TelemetryConsumer    : ALARM: [CRITICAL] 地形碰撞 | 地形碰撞风险 | drone=null | pos=(39.88060522357131,116.35059059124968)
2026-06-13T01:25:22.029+08:00  WARN 35828 --- [uav-alarm-engine] [ntainer#0-0-C-1] com.uav.alarm.kafka.TelemetryConsumer    : ALARM: [CRITICAL] 地形碰撞 | 地形碰撞风险 | drone=null | pos=(39.80730621839809,116.57349167563245)
2026-06-13T01:25:22.042+08:00  WARN 35828 --- [uav-alarm-engine] [ntainer#0-0-C-1] com.uav.alarm.kafka.TelemetryConsumer    : ALARM: [CRITICAL] 地形碰撞 | 地形碰撞风险 | drone=null | pos=(39.787351783050006,116.58417115996217)
2026-06-13T01:25:22.054+08:00  WARN 35828 --- [uav-alarm-engine] [ntainer#0-0-C-1] com.uav.alarm.kafka.TelemetryConsumer    : ALARM: [CRITICAL] 地形碰撞 | 地形碰撞风险 | drone=null | pos=(40.142552261788225,116.39961684065558)
2026-06-13T01:25:22.067+08:00  WARN 35828 --- [uav-alarm-engine] [ntainer#0-0-C-1] com.uav.alarm.kafka.TelemetryConsumer    : ALARM: [CRITICAL] 地形碰撞 | 地形碰撞风险 | drone=null | pos=(39.705467539321695,116.49604364097253)
2026-06-13T01:25:22.080+08:00  WARN 35828 --- [uav-alarm-engine] [ntainer#0-0-C-1] com.uav.alarm.kafka.TelemetryConsumer    : ALARM: [CRITICAL] 地形碰撞 | 地形碰撞风险 | drone=null | pos=(39.90327187306053,116.40678444799592)
2026-06-13T01:25:22.106+08:00  WARN 35828 --- [uav-alarm-engine] [ntainer#0-0-C-1] com.uav.alarm.kafka.TelemetryConsumer    : ALARM: [CRITICAL] 地形碰撞 | 地形碰撞风险 | drone=null | pos=(39.86292613508977,116.1651847370149)
2026-06-13T01:25:22.118+08:00  WARN 35828 --- [uav-alarm-engine] [ntainer#0-0-C-1] com.uav.alarm.kafka.TelemetryConsumer    : ALARM: [CRITICAL] 地形碰撞 | 地形碰撞风险 | drone=null | pos=(39.94651841987518,116.58872899071675)
2026-06-13T01:25:22.129+08:00  WARN 35828 --- [uav-alarm-engine] [ntainer#0-0-C-1] com.uav.alarm.kafka.TelemetryConsumer    : ALARM: [CRITICAL] 地形碰撞 | 地形碰撞风险 | drone=null | pos=(39.87405324264735,116.33279936138554)
2026-06-13T01:25:22.141+08:00  WARN 35828 --- [uav-alarm-engine] [ntainer#0-0-C-1] com.uav.alarm.kafka.TelemetryConsumer    : ALARM: [CRITICAL] 地形碰撞 | 地形碰撞风险 | drone=null | pos=(39.907683697265796,116.4006513264622)
2026-06-13T01:25:22.153+08:00  WARN 35828 --- [uav-alarm-engine] [ntainer#0-0-C-1] com.uav.alarm.kafka.TelemetryConsumer    : ALARM: [CRITICAL] 地形碰撞 | 地形碰撞风险 | drone=null | pos=(39.896251588204535,116.21251926900828)
2026-06-13T01:25:22.166+08:00  WARN 35828 --- [uav-alarm-engine] [ntainer#0-0-C-1] com.uav.alarm.kafka.TelemetryConsumer    : ALARM: [CRITICAL] 地形碰撞 | 地形碰撞风险 | drone=null | pos=(39.650668834019264,116.5821732476095)
2026-06-13T01:25:22.178+08:00  WARN 35828 --- [uav-alarm-engine] [ntainer#0-0-C-1] com.uav.alarm.kafka.TelemetryConsumer    : ALARM: [CRITICAL] 地形碰撞 | 地形碰撞风险 | drone=null | pos=(39.902257402396664,116.35656192078568)
2026-06-13T01:25:22.190+08:00  WARN 35828 --- [uav-alarm-engine] [ntainer#0-0-C-1] com.uav.alarm.kafka.TelemetryConsumer    : ALARM: [CRITICAL] 地形碰撞 | 地形碰撞风险 | drone=null | pos=(39.964392303094414,116.06485422011238)
2026-06-13T01:25:22.203+08:00  WARN 35828 --- [uav-alarm-engine] [ntainer#0-0-C-1] com.uav.alarm.kafka.TelemetryConsumer    : ALARM: [CRITICAL] 地形碰撞 | 地形碰撞风险 | drone=null | pos=(39.901654063322106,116.4077966625475)
2026-06-13T01:25:22.215+08:00  WARN 35828 --- [uav-alarm-engine] [ntainer#0-0-C-1] com.uav.alarm.kafka.TelemetryConsumer    : ALARM: [CRITICAL] 地形碰撞 | 地形碰撞风险 | drone=null | pos=(39.80282141697779,116.52435190795447)
2026-06-13T01:25:22.227+08:00  WARN 35828 --- [uav-alarm-engine] [ntainer#0-0-C-1] com.uav.alarm.kafka.TelemetryConsumer    : ALARM: [CRITICAL] 地形碰撞 | 地形碰撞风险 | drone=null | pos=(39.896912111914496,116.27778591214222)
2026-06-13T01:25:22.240+08:00  WARN 35828 --- [uav-alarm-engine] [ntainer#0-0-C-1] com.uav.alarm.kafka.TelemetryConsumer    : ALARM: [CRITICAL] 地形碰撞 | 地形碰撞风险 | drone=null | pos=(39.61409393929963,116.34894001896511)
2026-06-13T01:25:22.252+08:00  WARN 35828 --- [uav-alarm-engine] [ntainer#0-0-C-1] com.uav.alarm.kafka.TelemetryConsumer    : ALARM: [CRITICAL] 地形碰撞 | 地形碰撞风险 | drone=null | pos=(40.06686842041923,116.52932062326317)
2026-06-13T01:25:22.265+08:00  WARN 35828 --- [uav-alarm-engine] [ntainer#0-0-C-1] com.uav.alarm.kafka.TelemetryConsumer    : ALARM: [CRITICAL] 地形碰撞 | 地形碰撞风险 | drone=null | pos=(39.90683568702786,116.41508260781319)
2026-06-13T01:25:22.278+08:00  WARN 35828 --- [uav-alarm-engine] [ntainer#0-0-C-1] com.uav.alarm.kafka.TelemetryConsumer    : ALARM: [CRITICAL] 地形碰撞 | 地形碰撞风险 | drone=null | pos=(39.89596470272566,116.58440333388808)
2026-06-13T01:25:22.290+08:00  WARN 35828 --- [uav-alarm-engine] [ntainer#0-0-C-1] com.uav.alarm.kafka.TelemetryConsumer    : ALARM: [CRITICAL] 地形碰撞 | 地形碰撞风险 | drone=null | pos=(39.670688018510376,116.41763593885833)
2026-06-13T01:25:22.303+08:00  WARN 35828 --- [uav-alarm-engine] [ntainer#0-0-C-1] com.uav.alarm.kafka.TelemetryConsumer    : ALARM: [CRITICAL] 地形碰撞 | 地形碰撞风险 | drone=null | pos=(39.86048229140095,116.54296220082729)
2026-06-13T01:25:22.315+08:00  WARN 35828 --- [uav-alarm-engine] [ntainer#0-0-C-1] com.uav.alarm.kafka.TelemetryConsumer    : ALARM: [CRITICAL] 地形碰撞 | 地形碰撞风险 | drone=null | pos=(40.15336733487939,116.19617407533143)
2026-06-13T01:25:22.327+08:00  WARN 35828 --- [uav-alarm-engine] [ntainer#0-0-C-1] com.uav.alarm.kafka.TelemetryConsumer    : ALARM: [CRITICAL] 地形碰撞 | 地形碰撞风险 | drone=null | pos=(39.70750327082938,116.0944381678734)
2026-06-13T01:25:22.340+08:00  WARN 35828 --- [uav-alarm-engine] [ntainer#0-0-C-1] com.uav.alarm.kafka.TelemetryConsumer    : ALARM: [CRITICAL] 地形碰撞 | 地形碰撞风险 | drone=null | pos=(39.96017942148764,116.37339134743557)
2026-06-13T01:25:22.352+08:00  WARN 35828 --- [uav-alarm-engine] [ntainer#0-0-C-1] com.uav.alarm.kafka.TelemetryConsumer    : ALARM: [CRITICAL] 地形碰撞 | 地形碰撞风险 | drone=null | pos=(39.90450600689698,116.54215678376617)
2026-06-13T01:25:22.365+08:00  WARN 35828 --- [uav-alarm-engine] [ntainer#0-0-C-1] com.uav.alarm.kafka.TelemetryConsumer    : ALARM: [CRITICAL] 地形碰撞 | 地形碰撞风险 | drone=null | pos=(39.83272375583498,116.26442714131205)
2026-06-13T01:25:22.378+08:00  WARN 35828 --- [uav-alarm-engine] [ntainer#0-0-C-1] com.uav.alarm.kafka.TelemetryConsumer    : ALARM: [CRITICAL] 地形碰撞 | 地形碰撞风险 | drone=null | pos=(39.81558340361332,116.44613815791918)
2026-06-13T01:25:22.390+08:00  WARN 35828 --- [uav-alarm-engine] [ntainer#0-0-C-1] com.uav.alarm.kafka.TelemetryConsumer    : ALARM: [CRITICAL] 地形碰撞 | 地形碰撞风险 | drone=null | pos=(39.88129928477683,116.5615827330848)
2026-06-13T01:25:22.403+08:00  WARN 35828 --- [uav-alarm-engine] [ntainer#0-0-C-1] com.uav.alarm.kafka.TelemetryConsumer    : ALARM: [CRITICAL] 地形碰撞 | 地形碰撞风险 | drone=null | pos=(39.86619056336997,116.44616906647805)
2026-06-13T01:25:22.416+08:00  WARN 35828 --- [uav-alarm-engine] [ntainer#0-0-C-1] com.uav.alarm.kafka.TelemetryConsumer    : ALARM: [CRITICAL] 地形碰撞 | 地形碰撞风险 | drone=null | pos=(39.77922623468351,116.75012927805103)
2026-06-13T01:25:22.427+08:00  WARN 35828 --- [uav-alarm-engine] [ntainer#0-0-C-1] com.uav.alarm.kafka.TelemetryConsumer    : ALARM: [CRITICAL] 地形碰撞 | 地形碰撞风险 | drone=null | pos=(39.81919763098154,116.04606125401878)
2026-06-13T01:25:22.439+08:00  WARN 35828 --- [uav-alarm-engine] [ntainer#0-0-C-1] com.uav.alarm.kafka.TelemetryConsumer    : ALARM: [CRITICAL] 地形碰撞 | 地形碰撞风险 | drone=null | pos=(39.97144668913352,116.43988291243839)
2026-06-13T01:25:22.451+08:00  WARN 35828 --- [uav-alarm-engine] [ntainer#0-0-C-1] com.uav.alarm.kafka.TelemetryConsumer    : ALARM: [CRITICAL] 地形碰撞 | 地形碰撞风险 | drone=null | pos=(39.76835068760606,116.40332932200127)
2026-06-13T01:25:22.464+08:00  WARN 35828 --- [uav-alarm-engine] [ntainer#0-0-C-1] com.uav.alarm.kafka.TelemetryConsumer    : ALARM: [CRITICAL] 地形碰撞 | 地形碰撞风险 | drone=null | pos=(39.92221225683231,116.67012363369933)
2026-06-13T01:25:22.476+08:00  WARN 35828 --- [uav-alarm-engine] [ntainer#0-0-C-1] com.uav.alarm.kafka.TelemetryConsumer    : ALARM: [CRITICAL] 地形碰撞 | 地形碰撞风险 | drone=null | pos=(40.18910533149121,116.43128873963424)
2026-06-13T01:25:22.489+08:00  WARN 35828 --- [uav-alarm-engine] [ntainer#0-0-C-1] com.uav.alarm.kafka.TelemetryConsumer    : ALARM: [CRITICAL] 地形碰撞 | 地形碰撞风险 | drone=null | pos=(39.89993882407651,116.71100095505066)
2026-06-13T01:25:22.501+08:00  WARN 35828 --- [uav-alarm-engine] [ntainer#0-0-C-1] com.uav.alarm.kafka.TelemetryConsumer    : ALARM: [CRITICAL] 地形碰撞 | 地形碰撞风险 | drone=null | pos=(39.62190846933255,116.1581877399053)
2026-06-13T01:25:22.512+08:00  WARN 35828 --- [uav-alarm-engine] [ntainer#0-0-C-1] com.uav.alarm.kafka.TelemetryConsumer    : ALARM: [CRITICAL] 地形碰撞 | 地形碰撞风险 | drone=null | pos=(40.02986792439289,116.41583171953992)
2026-06-13T01:25:22.525+08:00  WARN 35828 --- [uav-alarm-engine] [ntainer#0-0-C-1] com.uav.alarm.kafka.TelemetryConsumer    : ALARM: [CRITICAL] 地形碰撞 | 地形碰撞风险 | drone=null | pos=(39.77239296123344,116.83076111393017)
2026-06-13T01:25:22.537+08:00  WARN 35828 --- [uav-alarm-engine] [ntainer#0-0-C-1] com.uav.alarm.kafka.TelemetryConsumer    : ALARM: [CRITICAL] 地形碰撞 | 地形碰撞风险 | drone=null | pos=(39.97824452988336,116.46818293003919)
2026-06-13T01:25:22.550+08:00  WARN 35828 --- [uav-alarm-engine] [ntainer#0-0-C-1] com.uav.alarm.kafka.TelemetryConsumer    : ALARM: [CRITICAL] 地形碰撞 | 地形碰撞风险 | drone=null | pos=(39.878858022872116,116.32392990601915)
2026-06-13T01:25:22.561+08:00  WARN 35828 --- [uav-alarm-engine] [ntainer#0-0-C-1] com.uav.alarm.kafka.TelemetryConsumer    : ALARM: [CRITICAL] 地形碰撞 | 地形碰撞风险 | drone=null | pos=(39.816970203773714,116.2868933268613)
2026-06-13T01:25:22.574+08:00  WARN 35828 --- [uav-alarm-engine] [ntainer#0-0-C-1] com.uav.alarm.kafka.TelemetryConsumer    : ALARM: [CRITICAL] 地形碰撞 | 地形碰撞风险 | drone=null | pos=(39.794259736148746,116.31136941347599)
2026-06-13T01:25:22.586+08:00  WARN 35828 --- [uav-alarm-engine] [ntainer#0-0-C-1] com.uav.alarm.kafka.TelemetryConsumer    : ALARM: [CRITICAL] 地形碰撞 | 地形碰撞风险 | drone=null | pos=(39.8932226792665,116.42701749025312)
2026-06-13T01:25:22.598+08:00  WARN 35828 --- [uav-alarm-engine] [ntainer#0-0-C-1] com.uav.alarm.kafka.TelemetryConsumer    : ALARM: [CRITICAL] 地形碰撞 | 地形碰撞风险 | drone=null | pos=(40.177748508058976,116.61478846828237)
2026-06-13T01:25:22.610+08:00  WARN 35828 --- [uav-alarm-engine] [ntainer#0-0-C-1] com.uav.alarm.kafka.TelemetryConsumer    : ALARM: [CRITICAL] 地形碰撞 | 地形碰撞风险 | drone=null | pos=(39.94889098444925,116.32876760744482)
2026-06-13T01:25:22.623+08:00  WARN 35828 --- [uav-alarm-engine] [ntainer#0-0-C-1] com.uav.alarm.kafka.TelemetryConsumer    : ALARM: [CRITICAL] 地形碰撞 | 地形碰撞风险 | drone=null | pos=(39.93483787205595,116.59628568828785)
2026-06-13T01:25:22.635+08:00  WARN 35828 --- [uav-alarm-engine] [ntainer#0-0-C-1] com.uav.alarm.kafka.TelemetryConsumer    : ALARM: [CRITICAL] 地形碰撞 | 地形碰撞风险 | drone=null | pos=(40.187128979234444,116.14591111169807)
2026-06-13T01:25:22.647+08:00  WARN 35828 --- [uav-alarm-engine] [ntainer#0-0-C-1] com.uav.alarm.kafka.TelemetryConsumer    : ALARM: [CRITICAL] 地形碰撞 | 地形碰撞风险 | drone=null | pos=(39.94681336212996,116.31467676452537)
2026-06-13T01:25:22.660+08:00  WARN 35828 --- [uav-alarm-engine] [ntainer#0-0-C-1] com.uav.alarm.kafka.TelemetryConsumer    : ALARM: [CRITICAL] 地形碰撞 | 地形碰撞风险 | drone=null | pos=(39.76668438504348,116.54307784462063)
2026-06-13T01:25:22.672+08:00  WARN 35828 --- [uav-alarm-engine] [ntainer#0-0-C-1] com.uav.alarm.kafka.TelemetryConsumer    : ALARM: [CRITICAL] 地形碰撞 | 地形碰撞风险 | drone=null | pos=(39.90732932935839,116.74209121354436)
2026-06-13T01:25:22.684+08:00  WARN 35828 --- [uav-alarm-engine] [ntainer#0-0-C-1] com.uav.alarm.kafka.TelemetryConsumer    : ALARM: [CRITICAL] 地形碰撞 | 地形碰撞风险 | drone=null | pos=(39.77370956411389,116.30696091392223)
2026-06-13T01:25:22.697+08:00  WARN 35828 --- [uav-alarm-engine] [ntainer#0-0-C-1] com.uav.alarm.kafka.TelemetryConsumer    : ALARM: [CRITICAL] 地形碰撞 | 地形碰撞风险 | drone=null | pos=(39.755346680567015,116.13535622746703)
2026-06-13T01:25:22.710+08:00  WARN 35828 --- [uav-alarm-engine] [ntainer#0-0-C-1] com.uav.alarm.kafka.TelemetryConsumer    : ALARM: [CRITICAL] 地形碰撞 | 地形碰撞风险 | drone=null | pos=(39.951066004781815,116.46495513963296)
2026-06-13T01:25:22.723+08:00  WARN 35828 --- [uav-alarm-engine] [ntainer#0-0-C-1] com.uav.alarm.kafka.TelemetryConsumer    : ALARM: [CRITICAL] 地形碰撞 | 地形碰撞风险 | drone=null | pos=(39.9324651711867,116.12605368322718)
2026-06-13T01:25:22.734+08:00  WARN 35828 --- [uav-alarm-engine] [ntainer#0-0-C-1] com.uav.alarm.kafka.TelemetryConsumer    : ALARM: [CRITICAL] 地形碰撞 | 地形碰撞风险 | drone=null | pos=(39.81861679245525,116.15235760157351)
2026-06-13T01:25:22.746+08:00  WARN 35828 --- [uav-alarm-engine] [ntainer#0-0-C-1] com.uav.alarm.kafka.TelemetryConsumer    : ALARM: [CRITICAL] 地形碰撞 | 地形碰撞风险 | drone=null | pos=(39.82462041337705,116.10517013860668)
2026-06-13T01:25:22.759+08:00  WARN 35828 --- [uav-alarm-engine] [ntainer#0-0-C-1] com.uav.alarm.kafka.TelemetryConsumer    : ALARM: [CRITICAL] 地形碰撞 | 地形碰撞风险 | drone=null | pos=(39.894643152640406,116.16992868113724)
2026-06-13T01:25:22.771+08:00  WARN 35828 --- [uav-alarm-engine] [ntainer#0-0-C-1] com.uav.alarm.kafka.TelemetryConsumer    : ALARM: [CRITICAL] 地形碰撞 | 地形碰撞风险 | drone=null | pos=(39.89890115632101,116.41165338137802)
2026-06-13T01:25:22.784+08:00  WARN 35828 --- [uav-alarm-engine] [ntainer#0-0-C-1] com.uav.alarm.kafka.TelemetryConsumer    : ALARM: [CRITICAL] 地形碰撞 | 地形碰撞风险 | drone=null | pos=(39.93556993059258,116.43203921424582)
2026-06-13T01:25:22.796+08:00  WARN 35828 --- [uav-alarm-engine] [ntainer#0-0-C-1] com.uav.alarm.kafka.TelemetryConsumer    : ALARM: [CRITICAL] 地形碰撞 | 地形碰撞风险 | drone=null | pos=(40.14638462151721,116.07707358035626)
2026-06-13T01:25:22.809+08:00  WARN 35828 --- [uav-alarm-engine] [ntainer#0-0-C-1] com.uav.alarm.kafka.TelemetryConsumer    : ALARM: [CRITICAL] 地形碰撞 | 地形碰撞风险 | drone=null | pos=(40.045291171980246,116.43872734961869)
2026-06-13T01:25:22.821+08:00  WARN 35828 --- [uav-alarm-engine] [ntainer#0-0-C-1] com.uav.alarm.kafka.TelemetryConsumer    : ALARM: [CRITICAL] 地形碰撞 | 地形碰撞风险 | drone=null | pos=(39.85474533905718,116.42366661461672)
2026-06-13T01:25:22.834+08:00  WARN 35828 --- [uav-alarm-engine] [ntainer#0-0-C-1] com.uav.alarm.kafka.TelemetryConsumer    : ALARM: [CRITICAL] 地形碰撞 | 地形碰撞风险 | drone=null | pos=(39.84879976178923,116.43530010173953)
2026-06-13T01:25:22.848+08:00  WARN 35828 --- [uav-alarm-engine] [ntainer#0-0-C-1] com.uav.alarm.kafka.TelemetryConsumer    : ALARM: [CRITICAL] 地形碰撞 | 地形碰撞风险 | drone=null | pos=(39.76185118028211,116.43491701145211)
2026-06-13T01:25:22.873+08:00  WARN 35828 --- [uav-alarm-engine] [ntainer#0-0-C-1] com.uav.alarm.kafka.TelemetryConsumer    : ALARM: [CRITICAL] 地形碰撞 | 地形碰撞风险 | drone=null | pos=(39.74693244275021,116.50078574884107)
2026-06-13T01:25:22.885+08:00  WARN 35828 --- [uav-alarm-engine] [ntainer#0-0-C-1] com.uav.alarm.kafka.TelemetryConsumer    : ALARM: [CRITICAL] 地形碰撞 | 地形碰撞风险 | drone=null | pos=(39.87487768543476,115.99692203012346)
2026-06-13T01:25:22.898+08:00  WARN 35828 --- [uav-alarm-engine] [ntainer#0-0-C-1] com.uav.alarm.kafka.TelemetryConsumer    : ALARM: [CRITICAL] 地形碰撞 | 地形碰撞风险 | drone=null | pos=(39.948414611650385,116.38716115047148)
2026-06-13T01:25:22.909+08:00  WARN 35828 --- [uav-alarm-engine] [ntainer#0-0-C-1] com.uav.alarm.kafka.TelemetryConsumer    : ALARM: [CRITICAL] 地形碰撞 | 地形碰撞风险 | drone=null | pos=(39.765696196172556,116.64002132115728)
2026-06-13T01:25:22.923+08:00  WARN 35828 --- [uav-alarm-engine] [ntainer#0-0-C-1] com.uav.alarm.kafka.TelemetryConsumer    : ALARM: [CRITICAL] 地形碰撞 | 地形碰撞风险 | drone=null | pos=(39.866241324917894,116.85089892638987)
2026-06-13T01:25:22.935+08:00  WARN 35828 --- [uav-alarm-engine] [ntainer#0-0-C-1] com.uav.alarm.kafka.TelemetryConsumer    : ALARM: [CRITICAL] 地形碰撞 | 地形碰撞风险 | drone=null | pos=(39.99619166597375,116.67297280779955)
2026-06-13T01:25:22.959+08:00  WARN 35828 --- [uav-alarm-engine] [ntainer#0-0-C-1] com.uav.alarm.kafka.TelemetryConsumer    : ALARM: [CRITICAL] 地形碰撞 | 地形碰撞风险 | drone=null | pos=(39.64060983021632,116.48581008118636)
2026-06-13T01:25:22.973+08:00  WARN 35828 --- [uav-alarm-engine] [ntainer#0-0-C-1] com.uav.alarm.kafka.TelemetryConsumer    : ALARM: [CRITICAL] 地形碰撞 | 地形碰撞风险 | drone=null | pos=(40.06426814847485,116.62009518938788)
2026-06-13T01:25:22.986+08:00  WARN 35828 --- [uav-alarm-engine] [ntainer#0-0-C-1] com.uav.alarm.kafka.TelemetryConsumer    : ALARM: [CRITICAL] 地形碰撞 | 地形碰撞风险 | drone=null | pos=(39.90344007568976,116.40514446822422)
2026-06-13T01:25:22.998+08:00  WARN 35828 --- [uav-alarm-engine] [ntainer#0-0-C-1] com.uav.alarm.kafka.TelemetryConsumer    : ALARM: [CRITICAL] 地形碰撞 | 地形碰撞风险 | drone=null | pos=(39.91578579817353,116.40536256350478)
2026-06-13T01:25:23.010+08:00  WARN 35828 --- [uav-alarm-engine] [ntainer#0-0-C-1] com.uav.alarm.kafka.TelemetryConsumer    : ALARM: [CRITICAL] 地形碰撞 | 地形碰撞风险 | drone=null | pos=(39.93129892589366,116.70407218226838)
2026-06-13T01:25:23.022+08:00  WARN 35828 --- [uav-alarm-engine] [ntainer#0-0-C-1] com.uav.alarm.kafka.TelemetryConsumer    : ALARM: [CRITICAL] 地形碰撞 | 地形碰撞风险 | drone=null | pos=(39.93153605450766,115.99808559183016)
2026-06-13T01:25:23.035+08:00  WARN 35828 --- [uav-alarm-engine] [ntainer#0-0-C-1] com.uav.alarm.kafka.TelemetryConsumer    : ALARM: [CRITICAL] 地形碰撞 | 地形碰撞风险 | drone=null | pos=(39.965378998810735,116.17370834478237)
2026-06-13T01:25:23.048+08:00  WARN 35828 --- [uav-alarm-engine] [ntainer#0-0-C-1] com.uav.alarm.kafka.TelemetryConsumer    : ALARM: [CRITICAL] 地形碰撞 | 地形碰撞风险 | drone=null | pos=(39.87414449839722,116.36556954053005)
2026-06-13T01:25:23.060+08:00  WARN 35828 --- [uav-alarm-engine] [ntainer#0-0-C-1] com.uav.alarm.kafka.TelemetryConsumer    : ALARM: [CRITICAL] 地形碰撞 | 地形碰撞风险 | drone=null | pos=(40.10289572481019,116.40655180906427)
2026-06-13T01:25:23.073+08:00  WARN 35828 --- [uav-alarm-engine] [ntainer#0-0-C-1] com.uav.alarm.kafka.TelemetryConsumer    : ALARM: [CRITICAL] 地形碰撞 | 地形碰撞风险 | drone=null | pos=(40.01200577250167,116.38283027403918)
2026-06-13T01:25:23.086+08:00  WARN 35828 --- [uav-alarm-engine] [ntainer#0-0-C-1] com.uav.alarm.kafka.TelemetryConsumer    : ALARM: [CRITICAL] 地形碰撞 | 地形碰撞风险 | drone=null | pos=(39.937182326779556,116.40823570180875)
2026-06-13T01:25:23.098+08:00  WARN 35828 --- [uav-alarm-engine] [ntainer#0-0-C-1] com.uav.alarm.kafka.TelemetryConsumer    : ALARM: [CRITICAL] 地形碰撞 | 地形碰撞风险 | drone=null | pos=(39.729907126621804,116.5365271100833)
2026-06-13T01:25:23.110+08:00  WARN 35828 --- [uav-alarm-engine] [ntainer#0-0-C-1] com.uav.alarm.kafka.TelemetryConsumer    : ALARM: [CRITICAL] 地形碰撞 | 地形碰撞风险 | drone=null | pos=(39.87832323282444,116.60003120635045)
2026-06-13T01:25:23.123+08:00  WARN 35828 --- [uav-alarm-engine] [ntainer#0-0-C-1] com.uav.alarm.kafka.TelemetryConsumer    : ALARM: [CRITICAL] 地形碰撞 | 地形碰撞风险 | drone=null | pos=(40.21446583374169,116.27884661629675)
2026-06-13T01:25:23.135+08:00  WARN 35828 --- [uav-alarm-engine] [ntainer#0-0-C-1] com.uav.alarm.kafka.TelemetryConsumer    : ALARM: [CRITICAL] 地形碰撞 | 地形碰撞风险 | drone=null | pos=(40.12949682345688,116.18639538611644)
2026-06-13T01:25:23.147+08:00  WARN 35828 --- [uav-alarm-engine] [ntainer#0-0-C-1] com.uav.alarm.kafka.TelemetryConsumer    : ALARM: [CRITICAL] 地形碰撞 | 地形碰撞风险 | drone=null | pos=(40.066591644142875,116.25782024137322)
2026-06-13T01:25:23.160+08:00  WARN 35828 --- [uav-alarm-engine] [ntainer#0-0-C-1] com.uav.alarm.kafka.TelemetryConsumer    : ALARM: [CRITICAL] 地形碰撞 | 地形碰撞风险 | drone=null | pos=(39.814424445723766,116.10325708772298)
2026-06-13T01:25:23.172+08:00  WARN 35828 --- [uav-alarm-engine] [ntainer#0-0-C-1] com.uav.alarm.kafka.TelemetryConsumer    : ALARM: [CRITICAL] 地形碰撞 | 地形碰撞风险 | drone=null | pos=(39.93721577184663,116.29850855840527)
2026-06-13T01:25:23.184+08:00  WARN 35828 --- [uav-alarm-engine] [ntainer#0-0-C-1] com.uav.alarm.kafka.TelemetryConsumer    : ALARM: [CRITICAL] 地形碰撞 | 地形碰撞风险 | drone=null | pos=(39.88628290558588,116.69390243529959)
2026-06-13T01:25:23.207+08:00  WARN 35828 --- [uav-alarm-engine] [ntainer#0-0-C-1] com.uav.alarm.kafka.TelemetryConsumer    : ALARM: [CRITICAL] 地形碰撞 | 地形碰撞风险 | drone=null | pos=(39.82627658765661,116.39346938105345)
2026-06-13T01:25:23.221+08:00  WARN 35828 --- [uav-alarm-engine] [ntainer#0-0-C-1] com.uav.alarm.kafka.TelemetryConsumer    : ALARM: [CRITICAL] 地形碰撞 | 地形碰撞风险 | drone=null | pos=(39.79239844732139,116.38758785723957)
2026-06-13T01:25:23.234+08:00  WARN 35828 --- [uav-alarm-engine] [ntainer#0-0-C-1] com.uav.alarm.kafka.TelemetryConsumer    : ALARM: [CRITICAL] 地形碰撞 | 地形碰撞风险 | drone=null | pos=(39.74717835633403,116.68016580560206)
2026-06-13T01:25:23.246+08:00  WARN 35828 --- [uav-alarm-engine] [ntainer#0-0-C-1] com.uav.alarm.kafka.TelemetryConsumer    : ALARM: [CRITICAL] 地形碰撞 | 地形碰撞风险 | drone=null | pos=(40.05187984850672,116.28229021971563)
2026-06-13T01:25:23.258+08:00  WARN 35828 --- [uav-alarm-engine] [ntainer#0-0-C-1] com.uav.alarm.kafka.TelemetryConsumer    : ALARM: [CRITICAL] 地形碰撞 | 地形碰撞风险 | drone=null | pos=(39.865862333395626,116.44435038734784)
2026-06-13T01:25:23.271+08:00  WARN 35828 --- [uav-alarm-engine] [ntainer#0-0-C-1] com.uav.alarm.kafka.TelemetryConsumer    : ALARM: [CRITICAL] 地形碰撞 | 地形碰撞风险 | drone=null | pos=(40.00891510692848,116.36102721526025)
2026-06-13T01:25:23.284+08:00  WARN 35828 --- [uav-alarm-engine] [ntainer#0-0-C-1] com.uav.alarm.kafka.TelemetryConsumer    : ALARM: [CRITICAL] 地形碰撞 | 地形碰撞风险 | drone=null | pos=(39.78653323868821,116.05701680588139)
2026-06-13T01:25:23.296+08:00  WARN 35828 --- [uav-alarm-engine] [ntainer#0-0-C-1] com.uav.alarm.kafka.TelemetryConsumer    : ALARM: [CRITICAL] 地形碰撞 | 地形碰撞风险 | drone=null | pos=(39.59274395481585,116.603833907934)
2026-06-13T01:25:23.308+08:00  WARN 35828 --- [uav-alarm-engine] [ntainer#0-0-C-1] com.uav.alarm.kafka.TelemetryConsumer    : ALARM: [CRITICAL] 地形碰撞 | 地形碰撞风险 | drone=null | pos=(39.99909242435434,116.31789832398063)
2026-06-13T01:25:23.321+08:00  WARN 35828 --- [uav-alarm-engine] [ntainer#0-0-C-1] com.uav.alarm.kafka.TelemetryConsumer    : ALARM: [CRITICAL] 地形碰撞 | 地形碰撞风险 | drone=null | pos=(40.20888340032031,116.29829158731776)
2026-06-13T01:25:23.333+08:00  WARN 35828 --- [uav-alarm-engine] [ntainer#0-0-C-1] com.uav.alarm.kafka.TelemetryConsumer    : ALARM: [CRITICAL] 地形碰撞 | 地形碰撞风险 | drone=null | pos=(39.864048487807636,116.22705159309561)
2026-06-13T01:25:23.345+08:00  WARN 35828 --- [uav-alarm-engine] [ntainer#0-0-C-1] com.uav.alarm.kafka.TelemetryConsumer    : ALARM: [CRITICAL] 地形碰撞 | 地形碰撞风险 | drone=null | pos=(39.95012740480771,116.424718768917)
2026-06-13T01:25:23.358+08:00  WARN 35828 --- [uav-alarm-engine] [ntainer#0-0-C-1] com.uav.alarm.kafka.TelemetryConsumer    : ALARM: [CRITICAL] 地形碰撞 | 地形碰撞风险 | drone=null | pos=(39.88485823145363,116.30793252449715)
2026-06-13T01:25:23.369+08:00  WARN 35828 --- [uav-alarm-engine] [ntainer#0-0-C-1] com.uav.alarm.kafka.TelemetryConsumer    : ALARM: [CRITICAL] 地形碰撞 | 地形碰撞风险 | drone=null | pos=(39.852214592148,116.34635859640306)
2026-06-13T01:25:23.383+08:00  WARN 35828 --- [uav-alarm-engine] [ntainer#0-0-C-1] com.uav.alarm.kafka.TelemetryConsumer    : ALARM: [CRITICAL] 地形碰撞 | 地形碰撞风险 | drone=null | pos=(39.82025689294195,116.8618412108181)
2026-06-13T01:25:23.395+08:00  WARN 35828 --- [uav-alarm-engine] [ntainer#0-0-C-1] com.uav.alarm.kafka.TelemetryConsumer    : ALARM: [CRITICAL] 地形碰撞 | 地形碰撞风险 | drone=null | pos=(39.57758369832386,116.29542610953843)
2026-06-13T01:25:23.408+08:00  WARN 35828 --- [uav-alarm-engine] [ntainer#0-0-C-1] com.uav.alarm.kafka.TelemetryConsumer    : ALARM: [CRITICAL] 地形碰撞 | 地形碰撞风险 | drone=null | pos=(39.92678732437077,116.48656289525111)
2026-06-13T01:25:23.420+08:00  WARN 35828 --- [uav-alarm-engine] [ntainer#0-0-C-1] com.uav.alarm.kafka.TelemetryConsumer    : ALARM: [CRITICAL] 地形碰撞 | 地形碰撞风险 | drone=null | pos=(39.85737201459395,115.998521746732)
2026-06-13T01:25:23.432+08:00  WARN 35828 --- [uav-alarm-engine] [ntainer#0-0-C-1] com.uav.alarm.kafka.TelemetryConsumer    : ALARM: [CRITICAL] 地形碰撞 | 地形碰撞风险 | drone=null | pos=(39.9962695466153,116.2432977709961)
2026-06-13T01:25:23.444+08:00  WARN 35828 --- [uav-alarm-engine] [ntainer#0-0-C-1] com.uav.alarm.kafka.TelemetryConsumer    : ALARM: [CRITICAL] 地形碰撞 | 地形碰撞风险 | drone=null | pos=(39.93852586310808,116.42139089410828)
2026-06-13T01:25:23.457+08:00  WARN 35828 --- [uav-alarm-engine] [ntainer#0-0-C-1] com.uav.alarm.kafka.TelemetryConsumer    : ALARM: [CRITICAL] 地形碰撞 | 地形碰撞风险 | drone=null | pos=(39.89651265148319,116.69107709647267)
2026-06-13T01:25:23.469+08:00  WARN 35828 --- [uav-alarm-engine] [ntainer#0-0-C-1] com.uav.alarm.kafka.TelemetryConsumer    : ALARM: [CRITICAL] 地形碰撞 | 地形碰撞风险 | drone=null | pos=(39.947028646177046,116.57457813426619)
2026-06-13T01:25:23.482+08:00  WARN 35828 --- [uav-alarm-engine] [ntainer#0-0-C-1] com.uav.alarm.kafka.TelemetryConsumer    : ALARM: [CRITICAL] 地形碰撞 | 地形碰撞风险 | drone=null | pos=(39.99217562573618,116.26824936620382)
2026-06-13T01:25:23.494+08:00  WARN 35828 --- [uav-alarm-engine] [ntainer#0-0-C-1] com.uav.alarm.kafka.TelemetryConsumer    : ALARM: [CRITICAL] 地形碰撞 | 地形碰撞风险 | drone=null | pos=(39.979899596055546,116.3521261749523)
2026-06-13T01:25:23.507+08:00  WARN 35828 --- [uav-alarm-engine] [ntainer#0-0-C-1] com.uav.alarm.kafka.TelemetryConsumer    : ALARM: [CRITICAL] 地形碰撞 | 地形碰撞风险 | drone=null | pos=(39.712940047362274,116.42843922182199)
2026-06-13T01:25:23.519+08:00  WARN 35828 --- [uav-alarm-engine] [ntainer#0-0-C-1] com.uav.alarm.kafka.TelemetryConsumer    : ALARM: [CRITICAL] 地形碰撞 | 地形碰撞风险 | drone=null | pos=(39.8523224204888,116.17333697457538)
2026-06-13T01:25:23.532+08:00  WARN 35828 --- [uav-alarm-engine] [ntainer#0-0-C-1] com.uav.alarm.kafka.TelemetryConsumer    : ALARM: [CRITICAL] 地形碰撞 | 地形碰撞风险 | drone=null | pos=(39.98678593478888,116.7995241502631)
2026-06-13T01:25:23.544+08:00  WARN 35828 --- [uav-alarm-engine] [ntainer#0-0-C-1] com.uav.alarm.kafka.TelemetryConsumer    : ALARM: [CRITICAL] 地形碰撞 | 地形碰撞风险 | drone=null | pos=(39.59594782896013,116.52826666204554)
2026-06-13T01:25:23.557+08:00  WARN 35828 --- [uav-alarm-engine] [ntainer#0-0-C-1] com.uav.alarm.kafka.TelemetryConsumer    : ALARM: [CRITICAL] 地形碰撞 | 地形碰撞风险 | drone=null | pos=(39.60157237604504,116.37629916937702)
2026-06-13T01:25:23.569+08:00  WARN 35828 --- [uav-alarm-engine] [ntainer#0-0-C-1] com.uav.alarm.kafka.TelemetryConsumer    : ALARM: [CRITICAL] 地形碰撞 | 地形碰撞风险 | drone=null | pos=(39.82550634980659,116.09176154882425)
2026-06-13T01:25:23.582+08:00  WARN 35828 --- [uav-alarm-engine] [ntainer#0-0-C-1] com.uav.alarm.kafka.TelemetryConsumer    : ALARM: [CRITICAL] 地形碰撞 | 地形碰撞风险 | drone=null | pos=(40.05203754841132,116.2265610157815)
2026-06-13T01:25:23.594+08:00  WARN 35828 --- [uav-alarm-engine] [ntainer#0-0-C-1] com.uav.alarm.kafka.TelemetryConsumer    : ALARM: [CRITICAL] 地形碰撞 | 地形碰撞风险 | drone=null | pos=(40.183737872788534,116.48774808785076)
2026-06-13T01:25:23.607+08:00  WARN 35828 --- [uav-alarm-engine] [ntainer#0-0-C-1] com.uav.alarm.kafka.TelemetryConsumer    : ALARM: [CRITICAL] 地形碰撞 | 地形碰撞风险 | drone=null | pos=(39.94646512756386,116.28716079335808)
2026-06-13T01:25:23.619+08:00  WARN 35828 --- [uav-alarm-engine] [ntainer#0-0-C-1] com.uav.alarm.kafka.TelemetryConsumer    : ALARM: [CRITICAL] 地形碰撞 | 地形碰撞风险 | drone=null | pos=(39.922267159299615,116.34259952970444)
2026-06-13T01:25:23.632+08:00  WARN 35828 --- [uav-alarm-engine] [ntainer#0-0-C-1] com.uav.alarm.kafka.TelemetryConsumer    : ALARM: [CRITICAL] 地形碰撞 | 地形碰撞风险 | drone=null | pos=(39.74382605271548,116.59432246652507)
2026-06-13T01:25:23.644+08:00  WARN 35828 --- [uav-alarm-engine] [ntainer#0-0-C-1] com.uav.alarm.kafka.TelemetryConsumer    : ALARM: [CRITICAL] 地形碰撞 | 地形碰撞风险 | drone=null | pos=(39.96021094630857,116.40224743126585)
2026-06-13T01:25:23.656+08:00  WARN 35828 --- [uav-alarm-engine] [ntainer#0-0-C-1] com.uav.alarm.kafka.TelemetryConsumer    : ALARM: [CRITICAL] 地形碰撞 | 地形碰撞风险 | drone=null | pos=(39.91704021468366,116.4639819010457)
2026-06-13T01:25:23.669+08:00  WARN 35828 --- [uav-alarm-engine] [ntainer#0-0-C-1] com.uav.alarm.kafka.TelemetryConsumer    : ALARM: [CRITICAL] 地形碰撞 | 地形碰撞风险 | drone=null | pos=(39.90375934816779,116.35209904324464)
2026-06-13T01:25:23.681+08:00  WARN 35828 --- [uav-alarm-engine] [ntainer#0-0-C-1] com.uav.alarm.kafka.TelemetryConsumer    : ALARM: [CRITICAL] 地形碰撞 | 地形碰撞风险 | drone=null | pos=(39.89253998524695,116.37332513593793)
2026-06-13T01:25:23.694+08:00  WARN 35828 --- [uav-alarm-engine] [ntainer#0-0-C-1] com.uav.alarm.kafka.TelemetryConsumer    : ALARM: [CRITICAL] 地形碰撞 | 地形碰撞风险 | drone=null | pos=(39.70428365655025,116.43679363836691)
2026-06-13T01:25:23.707+08:00  WARN 35828 --- [uav-alarm-engine] [ntainer#0-0-C-1] com.uav.alarm.kafka.TelemetryConsumer    : ALARM: [CRITICAL] 地形碰撞 | 地形碰撞风险 | drone=null | pos=(39.93083981916377,116.33938516095887)
2026-06-13T01:25:23.719+08:00  WARN 35828 --- [uav-alarm-engine] [ntainer#0-0-C-1] com.uav.alarm.kafka.TelemetryConsumer    : ALARM: [CRITICAL] 地形碰撞 | 地形碰撞风险 | drone=null | pos=(39.916792346223325,116.40881624673442)
2026-06-13T01:25:23.733+08:00  WARN 35828 --- [uav-alarm-engine] [ntainer#0-0-C-1] com.uav.alarm.kafka.TelemetryConsumer    : ALARM: [CRITICAL] 地形碰撞 | 地形碰撞风险 | drone=null | pos=(39.97931543951365,115.97633496481376)
2026-06-13T01:25:23.744+08:00  WARN 35828 --- [uav-alarm-engine] [ntainer#0-0-C-1] com.uav.alarm.kafka.TelemetryConsumer    : ALARM: [CRITICAL] 地形碰撞 | 地形碰撞风险 | drone=null | pos=(39.84055096376908,116.61831129862688)
2026-06-13T01:25:23.757+08:00  WARN 35828 --- [uav-alarm-engine] [ntainer#0-0-C-1] com.uav.alarm.kafka.TelemetryConsumer    : ALARM: [CRITICAL] 地形碰撞 | 地形碰撞风险 | drone=null | pos=(40.031723137867324,116.58284205479468)
2026-06-13T01:25:23.770+08:00  WARN 35828 --- [uav-alarm-engine] [ntainer#0-0-C-1] com.uav.alarm.kafka.TelemetryConsumer    : ALARM: [CRITICAL] 地形碰撞 | 地形碰撞风险 | drone=null | pos=(39.648493059508,116.44612306195447)
2026-06-13T01:25:23.782+08:00  WARN 35828 --- [uav-alarm-engine] [ntainer#0-0-C-1] com.uav.alarm.kafka.TelemetryConsumer    : ALARM: [CRITICAL] 地形碰撞 | 地形碰撞风险 | drone=null | pos=(39.720777114432465,116.55481471260681)
2026-06-13T01:25:23.795+08:00  WARN 35828 --- [uav-alarm-engine] [ntainer#0-0-C-1] com.uav.alarm.kafka.TelemetryConsumer    : ALARM: [CRITICAL] 地形碰撞 | 地形碰撞风险 | drone=null | pos=(39.91883935186667,116.43950227859487)
2026-06-13T01:25:23.807+08:00  WARN 35828 --- [uav-alarm-engine] [ntainer#0-0-C-1] com.uav.alarm.kafka.TelemetryConsumer    : ALARM: [CRITICAL] 地形碰撞 | 地形碰撞风险 | drone=null | pos=(40.14175460930551,116.19419313848833)
2026-06-13T01:25:23.818+08:00  WARN 35828 --- [uav-alarm-engine] [ntainer#0-0-C-1] com.uav.alarm.kafka.TelemetryConsumer    : ALARM: [CRITICAL] 地形碰撞 | 地形碰撞风险 | drone=null | pos=(40.00216241887275,116.3343981026918)
2026-06-13T01:25:23.832+08:00  WARN 35828 --- [uav-alarm-engine] [ntainer#0-0-C-1] com.uav.alarm.kafka.TelemetryConsumer    : ALARM: [CRITICAL] 地形碰撞 | 地形碰撞风险 | drone=null | pos=(39.80075826904859,116.50180787426797)
2026-06-13T01:25:23.844+08:00  WARN 35828 --- [uav-alarm-engine] [ntainer#0-0-C-1] com.uav.alarm.kafka.TelemetryConsumer    : ALARM: [CRITICAL] 地形碰撞 | 地形碰撞风险 | drone=null | pos=(39.8807609703571,116.34386269833207)
2026-06-13T01:25:23.856+08:00  WARN 35828 --- [uav-alarm-engine] [ntainer#0-0-C-1] com.uav.alarm.kafka.TelemetryConsumer    : ALARM: [CRITICAL] 地形碰撞 | 地形碰撞风险 | drone=null | pos=(39.95831266741249,116.56251569560236)
2026-06-13T01:25:23.868+08:00  WARN 35828 --- [uav-alarm-engine] [ntainer#0-0-C-1] com.uav.alarm.kafka.TelemetryConsumer    : ALARM: [CRITICAL] 地形碰撞 | 地形碰撞风险 | drone=null | pos=(40.07281850491671,116.44905146720562)
2026-06-13T01:25:23.881+08:00  WARN 35828 --- [uav-alarm-engine] [ntainer#0-0-C-1] com.uav.alarm.kafka.TelemetryConsumer    : ALARM: [CRITICAL] 地形碰撞 | 地形碰撞风险 | drone=null | pos=(39.90814386281029,116.4056974614258)
2026-06-13T01:25:23.894+08:00  WARN 35828 --- [uav-alarm-engine] [ntainer#0-0-C-1] com.uav.alarm.kafka.TelemetryConsumer    : ALARM: [CRITICAL] 地形碰撞 | 地形碰撞风险 | drone=null | pos=(39.9318930080621,116.37522732467696)
2026-06-13T01:25:23.906+08:00  WARN 35828 --- [uav-alarm-engine] [ntainer#0-0-C-1] com.uav.alarm.kafka.TelemetryConsumer    : ALARM: [CRITICAL] 地形碰撞 | 地形碰撞风险 | drone=null | pos=(39.948682544620304,116.75764652824309)
2026-06-13T01:25:23.918+08:00  WARN 35828 --- [uav-alarm-engine] [ntainer#0-0-C-1] com.uav.alarm.kafka.TelemetryConsumer    : ALARM: [CRITICAL] 地形碰撞 | 地形碰撞风险 | drone=null | pos=(39.856101819225174,116.08801033394539)
2026-06-13T01:25:23.930+08:00  WARN 35828 --- [uav-alarm-engine] [ntainer#0-0-C-1] com.uav.alarm.kafka.TelemetryConsumer    : ALARM: [CRITICAL] 地形碰撞 | 地形碰撞风险 | drone=null | pos=(39.96067855891235,116.66605518832918)
2026-06-13T01:25:23.942+08:00  WARN 35828 --- [uav-alarm-engine] [ntainer#0-0-C-1] com.uav.alarm.kafka.TelemetryConsumer    : ALARM: [CRITICAL] 地形碰撞 | 地形碰撞风险 | drone=null | pos=(39.95873410095967,116.5926443974129)
2026-06-13T01:25:23.954+08:00  WARN 35828 --- [uav-alarm-engine] [ntainer#0-0-C-1] com.uav.alarm.kafka.TelemetryConsumer    : ALARM: [CRITICAL] 地形碰撞 | 地形碰撞风险 | drone=null | pos=(39.86984641916218,116.20307109097408)
2026-06-13T01:25:23.966+08:00  WARN 35828 --- [uav-alarm-engine] [ntainer#0-0-C-1] com.uav.alarm.kafka.TelemetryConsumer    : ALARM: [CRITICAL] 地形碰撞 | 地形碰撞风险 | drone=null | pos=(39.891553901527615,116.32710217163088)
2026-06-13T01:25:23.979+08:00  WARN 35828 --- [uav-alarm-engine] [ntainer#0-0-C-1] com.uav.alarm.kafka.TelemetryConsumer    : ALARM: [CRITICAL] 地形碰撞 | 地形碰撞风险 | drone=null | pos=(39.88372142427708,116.34559375279751)
2026-06-13T01:25:23.991+08:00  WARN 35828 --- [uav-alarm-engine] [ntainer#0-0-C-1] com.uav.alarm.kafka.TelemetryConsumer    : ALARM: [CRITICAL] 地形碰撞 | 地形碰撞风险 | drone=null | pos=(40.17136722956125,116.09512896616667)
2026-06-13T01:25:24.003+08:00  WARN 35828 --- [uav-alarm-engine] [ntainer#0-0-C-1] com.uav.alarm.kafka.TelemetryConsumer    : ALARM: [CRITICAL] 地形碰撞 | 地形碰撞风险 | drone=null | pos=(39.93773411457471,116.34741827755538)
2026-06-13T01:25:24.016+08:00  WARN 35828 --- [uav-alarm-engine] [ntainer#0-0-C-1] com.uav.alarm.kafka.TelemetryConsumer    : ALARM: [CRITICAL] 地形碰撞 | 地形碰撞风险 | drone=null | pos=(39.7791757853549,116.25303182141099)
2026-06-13T01:25:24.028+08:00  WARN 35828 --- [uav-alarm-engine] [ntainer#0-0-C-1] com.uav.alarm.kafka.TelemetryConsumer    : ALARM: [CRITICAL] 地形碰撞 | 地形碰撞风险 | drone=null | pos=(39.974550674856005,116.40419293233869)
2026-06-13T01:25:24.041+08:00  WARN 35828 --- [uav-alarm-engine] [ntainer#0-0-C-1] com.uav.alarm.kafka.TelemetryConsumer    : ALARM: [CRITICAL] 地形碰撞 | 地形碰撞风险 | drone=null | pos=(39.858597341132075,116.41211180524562)
2026-06-13T01:25:24.053+08:00  WARN 35828 --- [uav-alarm-engine] [ntainer#0-0-C-1] com.uav.alarm.kafka.TelemetryConsumer    : ALARM: [CRITICAL] 地形碰撞 | 地形碰撞风险 | drone=null | pos=(39.98381296597091,116.18844912336952)
2026-06-13T01:25:24.066+08:00  WARN 35828 --- [uav-alarm-engine] [ntainer#0-0-C-1] com.uav.alarm.kafka.TelemetryConsumer    : ALARM: [CRITICAL] 地形碰撞 | 地形碰撞风险 | drone=null | pos=(39.91038853156119,116.75781853055886)
2026-06-13T01:25:24.078+08:00  WARN 35828 --- [uav-alarm-engine] [ntainer#0-0-C-1] com.uav.alarm.kafka.TelemetryConsumer    : ALARM: [CRITICAL] 地形碰撞 | 地形碰撞风险 | drone=null | pos=(39.81336632565524,116.716774440852)
2026-06-13T01:25:24.092+08:00  WARN 35828 --- [uav-alarm-engine] [ntainer#0-0-C-1] com.uav.alarm.kafka.TelemetryConsumer    : ALARM: [CRITICAL] 地形碰撞 | 地形碰撞风险 | drone=null | pos=(39.58617349791644,116.5980899842806)
2026-06-13T01:25:24.103+08:00  WARN 35828 --- [uav-alarm-engine] [ntainer#0-0-C-1] com.uav.alarm.kafka.TelemetryConsumer    : ALARM: [CRITICAL] 地形碰撞 | 地形碰撞风险 | drone=null | pos=(39.80218960473822,116.21076436187339)
2026-06-13T01:25:24.116+08:00  WARN 35828 --- [uav-alarm-engine] [ntainer#0-0-C-1] com.uav.alarm.kafka.TelemetryConsumer    : ALARM: [CRITICAL] 地形碰撞 | 地形碰撞风险 | drone=null | pos=(39.79168574727905,116.35254317552317)
2026-06-13T01:25:24.128+08:00  WARN 35828 --- [uav-alarm-engine] [ntainer#0-0-C-1] com.uav.alarm.kafka.TelemetryConsumer    : ALARM: [CRITICAL] 地形碰撞 | 地形碰撞风险 | drone=null | pos=(40.141519513773815,116.49452019667434)
2026-06-13T01:25:24.140+08:00  WARN 35828 --- [uav-alarm-engine] [ntainer#0-0-C-1] com.uav.alarm.kafka.TelemetryConsumer    : ALARM: [CRITICAL] 地形碰撞 | 地形碰撞风险 | drone=null | pos=(39.811202319864776,116.09147494731718)
2026-06-13T01:25:24.153+08:00  WARN 35828 --- [uav-alarm-engine] [ntainer#0-0-C-1] com.uav.alarm.kafka.TelemetryConsumer    : ALARM: [CRITICAL] 地形碰撞 | 地形碰撞风险 | drone=null | pos=(39.911637258204564,116.74669355938704)
2026-06-13T01:25:24.166+08:00  WARN 35828 --- [uav-alarm-engine] [ntainer#0-0-C-1] com.uav.alarm.kafka.TelemetryConsumer    : ALARM: [CRITICAL] 地形碰撞 | 地形碰撞风险 | drone=null | pos=(40.155085830823886,116.4511876405068)
2026-06-13T01:25:24.178+08:00  WARN 35828 --- [uav-alarm-engine] [ntainer#0-0-C-1] com.uav.alarm.kafka.TelemetryConsumer    : ALARM: [CRITICAL] 地形碰撞 | 地形碰撞风险 | drone=null | pos=(39.99183465683045,116.38698427503203)
2026-06-13T01:25:24.191+08:00  WARN 35828 --- [uav-alarm-engine] [ntainer#0-0-C-1] com.uav.alarm.kafka.TelemetryConsumer    : ALARM: [CRITICAL] 地形碰撞 | 地形碰撞风险 | drone=null | pos=(39.9600913801677,115.96925867063807)
2026-06-13T01:25:24.203+08:00  WARN 35828 --- [uav-alarm-engine] [ntainer#0-0-C-1] com.uav.alarm.kafka.TelemetryConsumer    : ALARM: [CRITICAL] 地形碰撞 | 地形碰撞风险 | drone=null | pos=(39.9015265754508,116.40859728478775)
2026-06-13T01:25:24.216+08:00  WARN 35828 --- [uav-alarm-engine] [ntainer#0-0-C-1] com.uav.alarm.kafka.TelemetryConsumer    : ALARM: [CRITICAL] 地形碰撞 | 地形碰撞风险 | drone=null | pos=(39.87582456279434,116.70460292759333)
2026-06-13T01:25:24.227+08:00  WARN 35828 --- [uav-alarm-engine] [ntainer#0-0-C-1] com.uav.alarm.kafka.TelemetryConsumer    : ALARM: [CRITICAL] 地形碰撞 | 地形碰撞风险 | drone=null | pos=(39.625105126055374,116.60122265667003)
2026-06-13T01:25:24.239+08:00  WARN 35828 --- [uav-alarm-engine] [ntainer#0-0-C-1] com.uav.alarm.kafka.TelemetryConsumer    : ALARM: [CRITICAL] 地形碰撞 | 地形碰撞风险 | drone=null | pos=(39.793576068112685,116.20242511334693)
2026-06-13T01:25:24.252+08:00  WARN 35828 --- [uav-alarm-engine] [ntainer#0-0-C-1] com.uav.alarm.kafka.TelemetryConsumer    : ALARM: [CRITICAL] 地形碰撞 | 地形碰撞风险 | drone=null | pos=(40.0962146727855,116.43093132138053)
2026-06-13T01:25:24.264+08:00  WARN 35828 --- [uav-alarm-engine] [ntainer#0-0-C-1] com.uav.alarm.kafka.TelemetryConsumer    : ALARM: [CRITICAL] 地形碰撞 | 地形碰撞风险 | drone=null | pos=(40.02520272758234,116.73664056705596)
2026-06-13T01:25:24.277+08:00  WARN 35828 --- [uav-alarm-engine] [ntainer#0-0-C-1] com.uav.alarm.kafka.TelemetryConsumer    : ALARM: [CRITICAL] 地形碰撞 | 地形碰撞风险 | drone=null | pos=(39.86016297796943,116.28501995502815)
2026-06-13T01:25:24.289+08:00  WARN 35828 --- [uav-alarm-engine] [ntainer#0-0-C-1] com.uav.alarm.kafka.TelemetryConsumer    : ALARM: [CRITICAL] 地形碰撞 | 地形碰撞风险 | drone=null | pos=(39.68740703921075,116.25043463200205)
2026-06-13T01:25:24.300+08:00  WARN 35828 --- [uav-alarm-engine] [ntainer#0-0-C-1] com.uav.alarm.kafka.TelemetryConsumer    : ALARM: [CRITICAL] 地形碰撞 | 地形碰撞风险 | drone=null | pos=(39.797440325654556,116.27949604943281)
2026-06-13T01:25:24.313+08:00  WARN 35828 --- [uav-alarm-engine] [ntainer#0-0-C-1] com.uav.alarm.kafka.TelemetryConsumer    : ALARM: [CRITICAL] 地形碰撞 | 地形碰撞风险 | drone=null | pos=(39.89859208783483,116.3840464145298)
2026-06-13T01:25:24.325+08:00  WARN 35828 --- [uav-alarm-engine] [ntainer#0-0-C-1] com.uav.alarm.kafka.TelemetryConsumer    : ALARM: [CRITICAL] 地形碰撞 | 地形碰撞风险 | drone=null | pos=(39.90287920770738,116.34554287737039)
2026-06-13T01:25:24.337+08:00  WARN 35828 --- [uav-alarm-engine] [ntainer#0-0-C-1] com.uav.alarm.kafka.TelemetryConsumer    : ALARM: [CRITICAL] 地形碰撞 | 地形碰撞风险 | drone=null | pos=(39.924003523744275,116.31482206419109)
2026-06-13T01:25:24.350+08:00  WARN 35828 --- [uav-alarm-engine] [ntainer#0-0-C-1] com.uav.alarm.kafka.TelemetryConsumer    : ALARM: [CRITICAL] 地形碰撞 | 地形碰撞风险 | drone=null | pos=(39.91388526886075,116.42999900587044)
2026-06-13T01:25:24.361+08:00  WARN 35828 --- [uav-alarm-engine] [ntainer#0-0-C-1] com.uav.alarm.kafka.TelemetryConsumer    : ALARM: [CRITICAL] 地形碰撞 | 地形碰撞风险 | drone=null | pos=(39.94500670644855,116.31192399297174)
2026-06-13T01:25:24.374+08:00  WARN 35828 --- [uav-alarm-engine] [ntainer#0-0-C-1] com.uav.alarm.kafka.TelemetryConsumer    : ALARM: [CRITICAL] 地形碰撞 | 地形碰撞风险 | drone=null | pos=(39.94082504077855,116.48465187171621)
2026-06-13T01:25:24.386+08:00  WARN 35828 --- [uav-alarm-engine] [ntainer#0-0-C-1] com.uav.alarm.kafka.TelemetryConsumer    : ALARM: [CRITICAL] 地形碰撞 | 地形碰撞风险 | drone=null | pos=(39.899365338553736,116.39403282700718)
2026-06-13T01:25:24.399+08:00  WARN 35828 --- [uav-alarm-engine] [ntainer#0-0-C-1] com.uav.alarm.kafka.TelemetryConsumer    : ALARM: [CRITICAL] 地形碰撞 | 地形碰撞风险 | drone=null | pos=(39.85628668754678,116.35579011453372)
2026-06-13T01:25:24.411+08:00  WARN 35828 --- [uav-alarm-engine] [ntainer#0-0-C-1] com.uav.alarm.kafka.TelemetryConsumer    : ALARM: [CRITICAL] 地形碰撞 | 地形碰撞风险 | drone=null | pos=(40.071894877759284,116.72563789067465)
2026-06-13T01:25:24.424+08:00  WARN 35828 --- [uav-alarm-engine] [ntainer#0-0-C-1] com.uav.alarm.kafka.TelemetryConsumer    : ALARM: [CRITICAL] 地形碰撞 | 地形碰撞风险 | drone=null | pos=(39.91591882636016,116.44963449207403)
2026-06-13T01:25:24.436+08:00  WARN 35828 --- [uav-alarm-engine] [ntainer#0-0-C-1] com.uav.alarm.kafka.TelemetryConsumer    : ALARM: [CRITICAL] 地形碰撞 | 地形碰撞风险 | drone=null | pos=(39.84367357606007,116.1684489646898)
2026-06-13T01:25:24.449+08:00  WARN 35828 --- [uav-alarm-engine] [ntainer#0-0-C-1] com.uav.alarm.kafka.TelemetryConsumer    : ALARM: [CRITICAL] 地形碰撞 | 地形碰撞风险 | drone=null | pos=(39.692176935998106,116.50978566421568)
2026-06-13T01:25:24.461+08:00  WARN 35828 --- [uav-alarm-engine] [ntainer#0-0-C-1] com.uav.alarm.kafka.TelemetryConsumer    : ALARM: [CRITICAL] 地形碰撞 | 地形碰撞风险 | drone=null | pos=(39.96437080043607,116.32518494100793)
2026-06-13T01:25:24.474+08:00  WARN 35828 --- [uav-alarm-engine] [ntainer#0-0-C-1] com.uav.alarm.kafka.TelemetryConsumer    : ALARM: [CRITICAL] 地形碰撞 | 地形碰撞风险 | drone=null | pos=(40.131724450971575,116.04672380315627)
2026-06-13T01:25:24.486+08:00  WARN 35828 --- [uav-alarm-engine] [ntainer#0-0-C-1] com.uav.alarm.kafka.TelemetryConsumer    : ALARM: [CRITICAL] 地形碰撞 | 地形碰撞风险 | drone=null | pos=(40.09591597785514,116.61797157701726)
2026-06-13T01:25:24.499+08:00  WARN 35828 --- [uav-alarm-engine] [ntainer#0-0-C-1] com.uav.alarm.kafka.TelemetryConsumer    : ALARM: [CRITICAL] 地形碰撞 | 地形碰撞风险 | drone=null | pos=(39.972415061892406,116.54878477712681)
2026-06-13T01:25:24.523+08:00  WARN 35828 --- [uav-alarm-engine] [ntainer#0-0-C-1] com.uav.alarm.kafka.TelemetryConsumer    : ALARM: [CRITICAL] 地形碰撞 | 地形碰撞风险 | drone=null | pos=(39.88514484904634,116.37869069512384)
2026-06-13T01:25:24.536+08:00  WARN 35828 --- [uav-alarm-engine] [ntainer#0-0-C-1] com.uav.alarm.kafka.TelemetryConsumer    : ALARM: [CRITICAL] 地形碰撞 | 地形碰撞风险 | drone=null | pos=(39.96294988568591,116.6434703246356)
2026-06-13T01:25:24.548+08:00  WARN 35828 --- [uav-alarm-engine] [ntainer#0-0-C-1] com.uav.alarm.kafka.TelemetryConsumer    : ALARM: [CRITICAL] 地形碰撞 | 地形碰撞风险 | drone=null | pos=(39.85395035338164,116.31742132017683)
2026-06-13T01:25:24.561+08:00  WARN 35828 --- [uav-alarm-engine] [ntainer#0-0-C-1] com.uav.alarm.kafka.TelemetryConsumer    : ALARM: [CRITICAL] 地形碰撞 | 地形碰撞风险 | drone=null | pos=(39.92903108027001,116.29454016907988)
2026-06-13T01:25:24.574+08:00  WARN 35828 --- [uav-alarm-engine] [ntainer#0-0-C-1] com.uav.alarm.kafka.TelemetryConsumer    : ALARM: [CRITICAL] 地形碰撞 | 地形碰撞风险 | drone=null | pos=(40.00454484441218,116.82358929425209)
2026-06-13T01:25:24.586+08:00  WARN 35828 --- [uav-alarm-engine] [ntainer#0-0-C-1] com.uav.alarm.kafka.TelemetryConsumer    : ALARM: [CRITICAL] 地形碰撞 | 地形碰撞风险 | drone=null | pos=(40.18625337940601,116.21467291175841)
2026-06-13T01:25:24.598+08:00  WARN 35828 --- [uav-alarm-engine] [ntainer#0-0-C-1] com.uav.alarm.kafka.TelemetryConsumer    : ALARM: [CRITICAL] 地形碰撞 | 地形碰撞风险 | drone=null | pos=(40.06683207829756,116.3397022394972)
2026-06-13T01:25:24.611+08:00  WARN 35828 --- [uav-alarm-engine] [ntainer#0-0-C-1] com.uav.alarm.kafka.TelemetryConsumer    : ALARM: [CRITICAL] 地形碰撞 | 地形碰撞风险 | drone=null | pos=(39.935798660363915,116.38606168017425)
2026-06-13T01:25:24.623+08:00  WARN 35828 --- [uav-alarm-engine] [ntainer#0-0-C-1] com.uav.alarm.kafka.TelemetryConsumer    : ALARM: [CRITICAL] 地形碰撞 | 地形碰撞风险 | drone=null | pos=(39.722841815304854,116.06144583543043)
2026-06-13T01:25:24.635+08:00  WARN 35828 --- [uav-alarm-engine] [ntainer#0-0-C-1] com.uav.alarm.kafka.TelemetryConsumer    : ALARM: [CRITICAL] 地形碰撞 | 地形碰撞风险 | drone=null | pos=(39.976083191150714,116.36409846055344)
2026-06-13T01:25:24.648+08:00  WARN 35828 --- [uav-alarm-engine] [ntainer#0-0-C-1] com.uav.alarm.kafka.TelemetryConsumer    : ALARM: [CRITICAL] 地形碰撞 | 地形碰撞风险 | drone=null | pos=(39.822749432473714,116.38881185830098)
2026-06-13T01:25:24.659+08:00  WARN 35828 --- [uav-alarm-engine] [ntainer#0-0-C-1] com.uav.alarm.kafka.TelemetryConsumer    : ALARM: [CRITICAL] 地形碰撞 | 地形碰撞风险 | drone=null | pos=(40.081399535375816,116.52085121352754)
2026-06-13T01:25:24.672+08:00  WARN 35828 --- [uav-alarm-engine] [ntainer#0-0-C-1] com.uav.alarm.kafka.TelemetryConsumer    : ALARM: [CRITICAL] 地形碰撞 | 地形碰撞风险 | drone=null | pos=(40.23843458040061,116.25070038355594)
2026-06-13T01:25:24.685+08:00  WARN 35828 --- [uav-alarm-engine] [ntainer#0-0-C-1] com.uav.alarm.kafka.TelemetryConsumer    : ALARM: [CRITICAL] 地形碰撞 | 地形碰撞风险 | drone=null | pos=(39.64148695765377,116.2331874692588)
2026-06-13T01:25:24.696+08:00  WARN 35828 --- [uav-alarm-engine] [ntainer#0-0-C-1] com.uav.alarm.kafka.TelemetryConsumer    : ALARM: [CRITICAL] 地形碰撞 | 地形碰撞风险 | drone=null | pos=(39.87055968905689,116.42309439938194)
2026-06-13T01:25:24.709+08:00  WARN 35828 --- [uav-alarm-engine] [ntainer#0-0-C-1] com.uav.alarm.kafka.TelemetryConsumer    : ALARM: [CRITICAL] 地形碰撞 | 地形碰撞风险 | drone=null | pos=(40.0919891824432,116.39864603256818)
2026-06-13T01:25:24.723+08:00  WARN 35828 --- [uav-alarm-engine] [ntainer#0-0-C-1] com.uav.alarm.kafka.TelemetryConsumer    : ALARM: [CRITICAL] 地形碰撞 | 地形碰撞风险 | drone=null | pos=(40.11934325620983,116.673762742974)
2026-06-13T01:25:24.734+08:00  WARN 35828 --- [uav-alarm-engine] [ntainer#0-0-C-1] com.uav.alarm.kafka.TelemetryConsumer    : ALARM: [CRITICAL] 地形碰撞 | 地形碰撞风险 | drone=null | pos=(40.0248638670874,116.41211950016412)
2026-06-13T01:25:24.747+08:00  WARN 35828 --- [uav-alarm-engine] [ntainer#0-0-C-1] com.uav.alarm.kafka.TelemetryConsumer    : ALARM: [CRITICAL] 地形碰撞 | 地形碰撞风险 | drone=null | pos=(39.92191543001343,116.38177794881722)
2026-06-13T01:25:24.758+08:00  WARN 35828 --- [uav-alarm-engine] [ntainer#0-0-C-1] com.uav.alarm.kafka.TelemetryConsumer    : ALARM: [CRITICAL] 地形碰撞 | 地形碰撞风险 | drone=null | pos=(39.7022723923074,116.34784360122222)
2026-06-13T01:25:24.770+08:00  WARN 35828 --- [uav-alarm-engine] [ntainer#0-0-C-1] com.uav.alarm.kafka.TelemetryConsumer    : ALARM: [CRITICAL] 地形碰撞 | 地形碰撞风险 | drone=null | pos=(40.11797964501138,116.16589825694784)
2026-06-13T01:25:24.783+08:00  WARN 35828 --- [uav-alarm-engine] [ntainer#0-0-C-1] com.uav.alarm.kafka.TelemetryConsumer    : ALARM: [CRITICAL] 地形碰撞 | 地形碰撞风险 | drone=null | pos=(39.90790213995399,116.30441340742651)
2026-06-13T01:25:24.795+08:00  WARN 35828 --- [uav-alarm-engine] [ntainer#0-0-C-1] com.uav.alarm.kafka.TelemetryConsumer    : ALARM: [CRITICAL] 地形碰撞 | 地形碰撞风险 | drone=null | pos=(39.639350662683036,116.1398222253978)
2026-06-13T01:25:24.808+08:00  WARN 35828 --- [uav-alarm-engine] [ntainer#0-0-C-1] com.uav.alarm.kafka.TelemetryConsumer    : ALARM: [CRITICAL] 地形碰撞 | 地形碰撞风险 | drone=null | pos=(39.950834222518466,116.61948143515713)
2026-06-13T01:25:24.820+08:00  WARN 35828 --- [uav-alarm-engine] [ntainer#0-0-C-1] com.uav.alarm.kafka.TelemetryConsumer    : ALARM: [CRITICAL] 地形碰撞 | 地形碰撞风险 | drone=null | pos=(39.9132662178843,116.64170277827466)
2026-06-13T01:25:24.833+08:00  WARN 35828 --- [uav-alarm-engine] [ntainer#0-0-C-1] com.uav.alarm.kafka.TelemetryConsumer    : ALARM: [CRITICAL] 地形碰撞 | 地形碰撞风险 | drone=null | pos=(39.76129055502155,116.74940798096182)
2026-06-13T01:25:24.844+08:00  WARN 35828 --- [uav-alarm-engine] [ntainer#0-0-C-1] com.uav.alarm.kafka.TelemetryConsumer    : ALARM: [CRITICAL] 地形碰撞 | 地形碰撞风险 | drone=null | pos=(39.88011517631273,116.62853652384939)
2026-06-13T01:25:24.858+08:00  WARN 35828 --- [uav-alarm-engine] [ntainer#0-0-C-1] com.uav.alarm.kafka.TelemetryConsumer    : ALARM: [CRITICAL] 地形碰撞 | 地形碰撞风险 | drone=null | pos=(40.03321392025227,116.3693636265473)
2026-06-13T01:25:24.870+08:00  WARN 35828 --- [uav-alarm-engine] [ntainer#0-0-C-1] com.uav.alarm.kafka.TelemetryConsumer    : ALARM: [CRITICAL] 地形碰撞 | 地形碰撞风险 | drone=null | pos=(40.00802054787657,116.5295303912689)
2026-06-13T01:25:24.883+08:00  WARN 35828 --- [uav-alarm-engine] [ntainer#0-0-C-1] com.uav.alarm.kafka.TelemetryConsumer    : ALARM: [CRITICAL] 地形碰撞 | 地形碰撞风险 | drone=null | pos=(39.610011257798654,116.3746852159853)
2026-06-13T01:25:24.894+08:00  WARN 35828 --- [uav-alarm-engine] [ntainer#0-0-C-1] com.uav.alarm.kafka.TelemetryConsumer    : ALARM: [CRITICAL] 地形碰撞 | 地形碰撞风险 | drone=null | pos=(39.90138295530742,116.4071104487488)
2026-06-13T01:25:24.908+08:00  WARN 35828 --- [uav-alarm-engine] [ntainer#0-0-C-1] com.uav.alarm.kafka.TelemetryConsumer    : ALARM: [CRITICAL] 地形碰撞 | 地形碰撞风险 | drone=null | pos=(40.18431939578532,116.68600777143422)
2026-06-13T01:25:24.921+08:00  WARN 35828 --- [uav-alarm-engine] [ntainer#0-0-C-1] com.uav.alarm.kafka.TelemetryConsumer    : ALARM: [CRITICAL] 地形碰撞 | 地形碰撞风险 | drone=null | pos=(40.076443685448346,116.81271350025493)
2026-06-13T01:25:24.934+08:00  WARN 35828 --- [uav-alarm-engine] [ntainer#0-0-C-1] com.uav.alarm.kafka.TelemetryConsumer    : ALARM: [CRITICAL] 地形碰撞 | 地形碰撞风险 | drone=null | pos=(39.81154664578413,116.5947701618205)
2026-06-13T01:25:24.946+08:00  WARN 35828 --- [uav-alarm-engine] [ntainer#0-0-C-1] com.uav.alarm.kafka.TelemetryConsumer    : ALARM: [CRITICAL] 地形碰撞 | 地形碰撞风险 | drone=null | pos=(39.98026132164594,116.38609787477003)
2026-06-13T01:25:24.958+08:00  WARN 35828 --- [uav-alarm-engine] [ntainer#0-0-C-1] com.uav.alarm.kafka.TelemetryConsumer    : ALARM: [CRITICAL] 地形碰撞 | 地形碰撞风险 | drone=null | pos=(39.91195566234141,116.55466701145963)
2026-06-13T01:25:24.971+08:00  WARN 35828 --- [uav-alarm-engine] [ntainer#0-0-C-1] com.uav.alarm.kafka.TelemetryConsumer    : ALARM: [CRITICAL] 地形碰撞 | 地形碰撞风险 | drone=null | pos=(39.858308592618506,116.17429924039143)
2026-06-13T01:25:24.983+08:00  WARN 35828 --- [uav-alarm-engine] [ntainer#0-0-C-1] com.uav.alarm.kafka.TelemetryConsumer    : ALARM: [CRITICAL] 地形碰撞 | 地形碰撞风险 | drone=null | pos=(39.763565221200125,116.57810159064053)
2026-06-13T01:25:24.995+08:00  WARN 35828 --- [uav-alarm-engine] [ntainer#0-0-C-1] com.uav.alarm.kafka.TelemetryConsumer    : ALARM: [CRITICAL] 地形碰撞 | 地形碰撞风险 | drone=null | pos=(39.83364486144454,116.21316544401773)
2026-06-13T01:25:25.008+08:00  WARN 35828 --- [uav-alarm-engine] [ntainer#0-0-C-1] com.uav.alarm.kafka.TelemetryConsumer    : ALARM: [CRITICAL] 地形碰撞 | 地形碰撞风险 | drone=null | pos=(40.18853261023962,116.56272710909157)
2026-06-13T01:25:25.020+08:00  WARN 35828 --- [uav-alarm-engine] [ntainer#0-0-C-1] com.uav.alarm.kafka.TelemetryConsumer    : ALARM: [CRITICAL] 地形碰撞 | 地形碰撞风险 | drone=null | pos=(39.80262929876493,116.49466300152929)
2026-06-13T01:25:25.033+08:00  WARN 35828 --- [uav-alarm-engine] [ntainer#0-0-C-1] com.uav.alarm.kafka.TelemetryConsumer    : ALARM: [CRITICAL] 地形碰撞 | 地形碰撞风险 | drone=null | pos=(39.59726455630596,116.5116814414526)
2026-06-13T01:25:25.046+08:00  WARN 35828 --- [uav-alarm-engine] [ntainer#0-0-C-1] com.uav.alarm.kafka.TelemetryConsumer    : ALARM: [CRITICAL] 地形碰撞 | 地形碰撞风险 | drone=null | pos=(39.93021140700281,116.65976965449198)
2026-06-13T01:25:25.058+08:00  WARN 35828 --- [uav-alarm-engine] [ntainer#0-0-C-1] com.uav.alarm.kafka.TelemetryConsumer    : ALARM: [CRITICAL] 地形碰撞 | 地形碰撞风险 | drone=null | pos=(39.880357006852336,116.49922894858305)
2026-06-13T01:25:25.070+08:00  WARN 35828 --- [uav-alarm-engine] [ntainer#0-0-C-1] com.uav.alarm.kafka.TelemetryConsumer    : ALARM: [CRITICAL] 地形碰撞 | 地形碰撞风险 | drone=null | pos=(39.955626342006326,115.99626235279165)
2026-06-13T01:25:25.083+08:00  WARN 35828 --- [uav-alarm-engine] [ntainer#0-0-C-1] com.uav.alarm.kafka.TelemetryConsumer    : ALARM: [CRITICAL] 地形碰撞 | 地形碰撞风险 | drone=null | pos=(39.73844500133249,116.13200398170042)
2026-06-13T01:25:25.095+08:00  WARN 35828 --- [uav-alarm-engine] [ntainer#0-0-C-1] com.uav.alarm.kafka.TelemetryConsumer    : ALARM: [CRITICAL] 地形碰撞 | 地形碰撞风险 | drone=null | pos=(39.984879255611844,116.43427184277256)
2026-06-13T01:25:25.107+08:00  WARN 35828 --- [uav-alarm-engine] [ntainer#0-0-C-1] com.uav.alarm.kafka.TelemetryConsumer    : ALARM: [CRITICAL] 地形碰撞 | 地形碰撞风险 | drone=null | pos=(40.02547597131193,116.38957440428209)
2026-06-13T01:25:25.120+08:00  WARN 35828 --- [uav-alarm-engine] [ntainer#0-0-C-1] com.uav.alarm.kafka.TelemetryConsumer    : ALARM: [CRITICAL] 地形碰撞 | 地形碰撞风险 | drone=null | pos=(39.87554814792218,116.39960968481404)
2026-06-13T01:25:25.133+08:00  WARN 35828 --- [uav-alarm-engine] [ntainer#0-0-C-1] com.uav.alarm.kafka.TelemetryConsumer    : ALARM: [CRITICAL] 地形碰撞 | 地形碰撞风险 | drone=null | pos=(39.85504523036235,116.25329948096862)
2026-06-13T01:25:25.145+08:00  WARN 35828 --- [uav-alarm-engine] [ntainer#0-0-C-1] com.uav.alarm.kafka.TelemetryConsumer    : ALARM: [CRITICAL] 地形碰撞 | 地形碰撞风险 | drone=null | pos=(39.90642785967776,116.40195977183497)
2026-06-13T01:25:25.158+08:00  WARN 35828 --- [uav-alarm-engine] [ntainer#0-0-C-1] com.uav.alarm.kafka.TelemetryConsumer    : ALARM: [CRITICAL] 地形碰撞 | 地形碰撞风险 | drone=null | pos=(39.687096556381725,116.7283852662621)
2026-06-13T01:25:25.170+08:00  WARN 35828 --- [uav-alarm-engine] [ntainer#0-0-C-1] com.uav.alarm.kafka.TelemetryConsumer    : ALARM: [CRITICAL] 地形碰撞 | 地形碰撞风险 | drone=null | pos=(40.04744701143408,116.30479535096077)
2026-06-13T01:25:25.182+08:00  WARN 35828 --- [uav-alarm-engine] [ntainer#0-0-C-1] com.uav.alarm.kafka.TelemetryConsumer    : ALARM: [CRITICAL] 地形碰撞 | 地形碰撞风险 | drone=null | pos=(39.97742879236627,116.85802611563194)
2026-06-13T01:25:25.194+08:00  WARN 35828 --- [uav-alarm-engine] [ntainer#0-0-C-1] com.uav.alarm.kafka.TelemetryConsumer    : ALARM: [CRITICAL] 地形碰撞 | 地形碰撞风险 | drone=null | pos=(39.897461588602184,116.61623978176733)
2026-06-13T01:25:25.207+08:00  WARN 35828 --- [uav-alarm-engine] [ntainer#0-0-C-1] com.uav.alarm.kafka.TelemetryConsumer    : ALARM: [CRITICAL] 地形碰撞 | 地形碰撞风险 | drone=null | pos=(40.047175490927835,116.26178993166502)
2026-06-13T01:25:25.219+08:00  WARN 35828 --- [uav-alarm-engine] [ntainer#0-0-C-1] com.uav.alarm.kafka.TelemetryConsumer    : ALARM: [CRITICAL] 地形碰撞 | 地形碰撞风险 | drone=null | pos=(39.80638629255887,116.02331700100657)
2026-06-13T01:25:25.232+08:00  WARN 35828 --- [uav-alarm-engine] [ntainer#0-0-C-1] com.uav.alarm.kafka.TelemetryConsumer    : ALARM: [CRITICAL] 地形碰撞 | 地形碰撞风险 | drone=null | pos=(39.83414036894032,116.10928899887557)
2026-06-13T01:25:25.245+08:00  WARN 35828 --- [uav-alarm-engine] [ntainer#0-0-C-1] com.uav.alarm.kafka.TelemetryConsumer    : ALARM: [CRITICAL] 地形碰撞 | 地形碰撞风险 | drone=null | pos=(39.82877708336541,116.53108759736398)
2026-06-13T01:25:25.258+08:00  WARN 35828 --- [uav-alarm-engine] [ntainer#0-0-C-1] com.uav.alarm.kafka.TelemetryConsumer    : ALARM: [CRITICAL] 地形碰撞 | 地形碰撞风险 | drone=null | pos=(39.59462398658222,116.23680133443598)
2026-06-13T01:25:25.270+08:00  WARN 35828 --- [uav-alarm-engine] [ntainer#0-0-C-1] com.uav.alarm.kafka.TelemetryConsumer    : ALARM: [CRITICAL] 地形碰撞 | 地形碰撞风险 | drone=null | pos=(39.673331936899814,116.68384913823206)
2026-06-13T01:25:25.284+08:00  WARN 35828 --- [uav-alarm-engine] [ntainer#0-0-C-1] com.uav.alarm.kafka.TelemetryConsumer    : ALARM: [CRITICAL] 地形碰撞 | 地形碰撞风险 | drone=null | pos=(39.81146449706126,116.6188653191356)
2026-06-13T01:25:25.296+08:00  WARN 35828 --- [uav-alarm-engine] [ntainer#0-0-C-1] com.uav.alarm.kafka.TelemetryConsumer    : ALARM: [CRITICAL] 地形碰撞 | 地形碰撞风险 | drone=null | pos=(40.03567414345564,116.46751187062688)
2026-06-13T01:25:25.309+08:00  WARN 35828 --- [uav-alarm-engine] [ntainer#0-0-C-1] com.uav.alarm.kafka.TelemetryConsumer    : ALARM: [CRITICAL] 地形碰撞 | 地形碰撞风险 | drone=null | pos=(39.939250008850784,116.53639497688006)
2026-06-13T01:25:25.321+08:00  WARN 35828 --- [uav-alarm-engine] [ntainer#0-0-C-1] com.uav.alarm.kafka.TelemetryConsumer    : ALARM: [CRITICAL] 地形碰撞 | 地形碰撞风险 | drone=null | pos=(40.09500034626775,116.54483864179858)
2026-06-13T01:25:25.334+08:00  WARN 35828 --- [uav-alarm-engine] [ntainer#0-0-C-1] com.uav.alarm.kafka.TelemetryConsumer    : ALARM: [CRITICAL] 地形碰撞 | 地形碰撞风险 | drone=null | pos=(39.78074533211005,116.18013004230417)
2026-06-13T01:25:25.347+08:00  WARN 35828 --- [uav-alarm-engine] [ntainer#0-0-C-1] com.uav.alarm.kafka.TelemetryConsumer    : ALARM: [CRITICAL] 地形碰撞 | 地形碰撞风险 | drone=null | pos=(39.74930750241194,116.31283394566437)
2026-06-13T01:25:25.359+08:00  WARN 35828 --- [uav-alarm-engine] [ntainer#0-0-C-1] com.uav.alarm.kafka.TelemetryConsumer    : ALARM: [CRITICAL] 地形碰撞 | 地形碰撞风险 | drone=null | pos=(39.762583983718166,116.4349836176878)
2026-06-13T01:25:25.372+08:00  WARN 35828 --- [uav-alarm-engine] [ntainer#0-0-C-1] com.uav.alarm.kafka.TelemetryConsumer    : ALARM: [CRITICAL] 地形碰撞 | 地形碰撞风险 | drone=null | pos=(39.59124635849989,116.32417604461277)
2026-06-13T01:25:25.385+08:00  WARN 35828 --- [uav-alarm-engine] [ntainer#0-0-C-1] com.uav.alarm.kafka.TelemetryConsumer    : ALARM: [CRITICAL] 地形碰撞 | 地形碰撞风险 | drone=null | pos=(39.87343659460768,115.94536051961705)
2026-06-13T01:25:25.397+08:00  WARN 35828 --- [uav-alarm-engine] [ntainer#0-0-C-1] com.uav.alarm.kafka.TelemetryConsumer    : ALARM: [CRITICAL] 地形碰撞 | 地形碰撞风险 | drone=null | pos=(39.86727187459353,116.3121525641307)
2026-06-13T01:25:25.409+08:00  WARN 35828 --- [uav-alarm-engine] [ntainer#0-0-C-1] com.uav.alarm.kafka.TelemetryConsumer    : ALARM: [CRITICAL] 地形碰撞 | 地形碰撞风险 | drone=null | pos=(39.99763659311277,116.11114503663767)
2026-06-13T01:25:25.422+08:00  WARN 35828 --- [uav-alarm-engine] [ntainer#0-0-C-1] com.uav.alarm.kafka.TelemetryConsumer    : ALARM: [CRITICAL] 地形碰撞 | 地形碰撞风险 | drone=null | pos=(40.013978505991275,116.44041039718944)
2026-06-13T01:25:25.434+08:00  WARN 35828 --- [uav-alarm-engine] [ntainer#0-0-C-1] com.uav.alarm.kafka.TelemetryConsumer    : ALARM: [CRITICAL] 地形碰撞 | 地形碰撞风险 | drone=null | pos=(39.95505747620008,116.35001227319691)
2026-06-13T01:25:25.447+08:00  WARN 35828 --- [uav-alarm-engine] [ntainer#0-0-C-1] com.uav.alarm.kafka.TelemetryConsumer    : ALARM: [CRITICAL] 地形碰撞 | 地形碰撞风险 | drone=null | pos=(39.86864325013653,116.37487476513942)
2026-06-13T01:25:25.459+08:00  WARN 35828 --- [uav-alarm-engine] [ntainer#0-0-C-1] com.uav.alarm.kafka.TelemetryConsumer    : ALARM: [CRITICAL] 地形碰撞 | 地形碰撞风险 | drone=null | pos=(39.97863664653449,116.49095985765481)
2026-06-13T01:25:25.472+08:00  WARN 35828 --- [uav-alarm-engine] [ntainer#0-0-C-1] com.uav.alarm.kafka.TelemetryConsumer    : ALARM: [CRITICAL] 地形碰撞 | 地形碰撞风险 | drone=null | pos=(39.93664716815928,116.68528336759138)
2026-06-13T01:25:25.484+08:00  WARN 35828 --- [uav-alarm-engine] [ntainer#0-0-C-1] com.uav.alarm.kafka.TelemetryConsumer    : ALARM: [CRITICAL] 地形碰撞 | 地形碰撞风险 | drone=null | pos=(39.9886915572704,116.11498899052432)
2026-06-13T01:25:25.497+08:00  WARN 35828 --- [uav-alarm-engine] [ntainer#0-0-C-1] com.uav.alarm.kafka.TelemetryConsumer    : ALARM: [CRITICAL] 地形碰撞 | 地形碰撞风险 | drone=null | pos=(39.71188428252219,116.07402473700017)
2026-06-13T01:25:25.509+08:00  WARN 35828 --- [uav-alarm-engine] [ntainer#0-0-C-1] com.uav.alarm.kafka.TelemetryConsumer    : ALARM: [CRITICAL] 地形碰撞 | 地形碰撞风险 | drone=null | pos=(39.79808984086217,116.74089565956545)
2026-06-13T01:25:25.522+08:00  WARN 35828 --- [uav-alarm-engine] [ntainer#0-0-C-1] com.uav.alarm.kafka.TelemetryConsumer    : ALARM: [CRITICAL] 地形碰撞 | 地形碰撞风险 | drone=null | pos=(40.0067638889916,116.05167446722722)
2026-06-13T01:25:25.534+08:00  WARN 35828 --- [uav-alarm-engine] [ntainer#0-0-C-1] com.uav.alarm.kafka.TelemetryConsumer    : ALARM: [CRITICAL] 地形碰撞 | 地形碰撞风险 | drone=null | pos=(39.9158636460963,116.55151106683881)
2026-06-13T01:25:25.547+08:00  WARN 35828 --- [uav-alarm-engine] [ntainer#0-0-C-1] com.uav.alarm.kafka.TelemetryConsumer    : ALARM: [CRITICAL] 地形碰撞 | 地形碰撞风险 | drone=null | pos=(39.84155168818554,115.98824067881235)
2026-06-13T01:25:25.559+08:00  WARN 35828 --- [uav-alarm-engine] [ntainer#0-0-C-1] com.uav.alarm.kafka.TelemetryConsumer    : ALARM: [CRITICAL] 地形碰撞 | 地形碰撞风险 | drone=null | pos=(40.01119711125305,116.76587983965034)
2026-06-13T01:25:25.572+08:00  WARN 35828 --- [uav-alarm-engine] [ntainer#0-0-C-1] com.uav.alarm.kafka.TelemetryConsumer    : ALARM: [CRITICAL] 地形碰撞 | 地形碰撞风险 | drone=null | pos=(39.92256825498256,116.33739565773875)
2026-06-13T01:25:25.584+08:00  WARN 35828 --- [uav-alarm-engine] [ntainer#0-0-C-1] com.uav.alarm.kafka.TelemetryConsumer    : ALARM: [CRITICAL] 地形碰撞 | 地形碰撞风险 | drone=null | pos=(39.856947891144074,116.85385909567654)
2026-06-13T01:25:25.597+08:00  WARN 35828 --- [uav-alarm-engine] [ntainer#0-0-C-1] com.uav.alarm.kafka.TelemetryConsumer    : ALARM: [CRITICAL] 地形碰撞 | 地形碰撞风险 | drone=null | pos=(39.92404925125318,116.43438127341956)
2026-06-13T01:25:25.609+08:00  WARN 35828 --- [uav-alarm-engine] [ntainer#0-0-C-1] com.uav.alarm.kafka.TelemetryConsumer    : ALARM: [CRITICAL] 地形碰撞 | 地形碰撞风险 | drone=null | pos=(39.60938282091425,116.57688911019646)
2026-06-13T01:25:25.621+08:00  WARN 35828 --- [uav-alarm-engine] [ntainer#0-0-C-1] com.uav.alarm.kafka.TelemetryConsumer    : ALARM: [CRITICAL] 地形碰撞 | 地形碰撞风险 | drone=null | pos=(39.66236408510215,116.43948986885758)
2026-06-13T01:25:25.634+08:00  WARN 35828 --- [uav-alarm-engine] [ntainer#0-0-C-1] com.uav.alarm.kafka.TelemetryConsumer    : ALARM: [CRITICAL] 地形碰撞 | 地形碰撞风险 | drone=null | pos=(39.93706847030985,116.27776500006645)
2026-06-13T01:25:25.645+08:00  WARN 35828 --- [uav-alarm-engine] [ntainer#0-0-C-1] com.uav.alarm.kafka.TelemetryConsumer    : ALARM: [CRITICAL] 地形碰撞 | 地形碰撞风险 | drone=null | pos=(40.007326714357944,116.35520490333334)
2026-06-13T01:25:25.658+08:00  WARN 35828 --- [uav-alarm-engine] [ntainer#0-0-C-1] com.uav.alarm.kafka.TelemetryConsumer    : ALARM: [CRITICAL] 地形碰撞 | 地形碰撞风险 | drone=null | pos=(39.98082816024117,116.53805303574518)
2026-06-13T01:25:25.671+08:00  WARN 35828 --- [uav-alarm-engine] [ntainer#0-0-C-1] com.uav.alarm.kafka.TelemetryConsumer    : ALARM: [CRITICAL] 地形碰撞 | 地形碰撞风险 | drone=null | pos=(39.81229224705875,116.7895698483348)
2026-06-13T01:25:25.684+08:00  WARN 35828 --- [uav-alarm-engine] [ntainer#0-0-C-1] com.uav.alarm.kafka.TelemetryConsumer    : ALARM: [CRITICAL] 地形碰撞 | 地形碰撞风险 | drone=null | pos=(39.78766156285787,116.3796270508934)
2026-06-13T01:25:25.696+08:00  WARN 35828 --- [uav-alarm-engine] [ntainer#0-0-C-1] com.uav.alarm.kafka.TelemetryConsumer    : ALARM: [CRITICAL] 地形碰撞 | 地形碰撞风险 | drone=null | pos=(39.91927194091786,116.53721000414248)
2026-06-13T01:25:25.708+08:00  WARN 35828 --- [uav-alarm-engine] [ntainer#0-0-C-1] com.uav.alarm.kafka.TelemetryConsumer    : ALARM: [CRITICAL] 地形碰撞 | 地形碰撞风险 | drone=null | pos=(39.862050805677825,116.26798791883216)
2026-06-13T01:25:25.720+08:00  WARN 35828 --- [uav-alarm-engine] [ntainer#0-0-C-1] com.uav.alarm.kafka.TelemetryConsumer    : ALARM: [CRITICAL] 地形碰撞 | 地形碰撞风险 | drone=null | pos=(39.858823977765105,116.34106729211696)
2026-06-13T01:25:25.733+08:00  WARN 35828 --- [uav-alarm-engine] [ntainer#0-0-C-1] com.uav.alarm.kafka.TelemetryConsumer    : ALARM: [CRITICAL] 地形碰撞 | 地形碰撞风险 | drone=null | pos=(39.8796252592009,116.37549158882867)
2026-06-13T01:25:25.746+08:00  WARN 35828 --- [uav-alarm-engine] [ntainer#0-0-C-1] com.uav.alarm.kafka.TelemetryConsumer    : ALARM: [CRITICAL] 地形碰撞 | 地形碰撞风险 | drone=null | pos=(40.057275724408385,116.2962677044287)
2026-06-13T01:25:25.758+08:00  WARN 35828 --- [uav-alarm-engine] [ntainer#0-0-C-1] com.uav.alarm.kafka.TelemetryConsumer    : ALARM: [CRITICAL] 地形碰撞 | 地形碰撞风险 | drone=null | pos=(39.83370669708969,116.48627116008227)
2026-06-13T01:25:25.771+08:00  WARN 35828 --- [uav-alarm-engine] [ntainer#0-0-C-1] com.uav.alarm.kafka.TelemetryConsumer    : ALARM: [CRITICAL] 地形碰撞 | 地形碰撞风险 | drone=null | pos=(39.76111219003374,116.28434572734666)
2026-06-13T01:25:25.783+08:00  WARN 35828 --- [uav-alarm-engine] [ntainer#0-0-C-1] com.uav.alarm.kafka.TelemetryConsumer    : ALARM: [CRITICAL] 地形碰撞 | 地形碰撞风险 | drone=null | pos=(40.19618514556927,116.22276222442149)
2026-06-13T01:25:25.796+08:00  WARN 35828 --- [uav-alarm-engine] [ntainer#0-0-C-1] com.uav.alarm.kafka.TelemetryConsumer    : ALARM: [CRITICAL] 地形碰撞 | 地形碰撞风险 | drone=null | pos=(39.90212030037782,116.40236029479621)
2026-06-13T01:25:25.809+08:00  WARN 35828 --- [uav-alarm-engine] [ntainer#0-0-C-1] com.uav.alarm.kafka.TelemetryConsumer    : ALARM: [CRITICAL] 地形碰撞 | 地形碰撞风险 | drone=null | pos=(39.717293321013734,116.56900669420735)
2026-06-13T01:25:25.822+08:00  WARN 35828 --- [uav-alarm-engine] [ntainer#0-0-C-1] com.uav.alarm.kafka.TelemetryConsumer    : ALARM: [CRITICAL] 地形碰撞 | 地形碰撞风险 | drone=null | pos=(39.72528160087184,116.4195203492573)
2026-06-13T01:25:25.835+08:00  WARN 35828 --- [uav-alarm-engine] [ntainer#0-0-C-1] com.uav.alarm.kafka.TelemetryConsumer    : ALARM: [CRITICAL] 地形碰撞 | 地形碰撞风险 | drone=null | pos=(39.7116858181589,116.02728242500808)
2026-06-13T01:25:25.848+08:00  WARN 35828 --- [uav-alarm-engine] [ntainer#0-0-C-1] com.uav.alarm.kafka.TelemetryConsumer    : ALARM: [CRITICAL] 地形碰撞 | 地形碰撞风险 | drone=null | pos=(40.11728303176467,116.54044619331638)
2026-06-13T01:25:25.859+08:00  WARN 35828 --- [uav-alarm-engine] [ntainer#0-0-C-1] com.uav.alarm.kafka.TelemetryConsumer    : ALARM: [CRITICAL] 地形碰撞 | 地形碰撞风险 | drone=null | pos=(39.842978440991665,116.4579639628758)
2026-06-13T01:25:25.871+08:00  WARN 35828 --- [uav-alarm-engine] [ntainer#0-0-C-1] com.uav.alarm.kafka.TelemetryConsumer    : ALARM: [CRITICAL] 地形碰撞 | 地形碰撞风险 | drone=null | pos=(39.901763516366444,116.40912486336438)
2026-06-13T01:25:25.884+08:00  WARN 35828 --- [uav-alarm-engine] [ntainer#0-0-C-1] com.uav.alarm.kafka.TelemetryConsumer    : ALARM: [CRITICAL] 地形碰撞 | 地形碰撞风险 | drone=null | pos=(39.789572743773185,116.57041639494551)
2026-06-13T01:25:25.897+08:00  WARN 35828 --- [uav-alarm-engine] [ntainer#0-0-C-1] com.uav.alarm.kafka.TelemetryConsumer    : ALARM: [CRITICAL] 地形碰撞 | 地形碰撞风险 | drone=null | pos=(39.886173847614465,116.3338076187749)
2026-06-13T01:25:25.909+08:00  WARN 35828 --- [uav-alarm-engine] [ntainer#0-0-C-1] com.uav.alarm.kafka.TelemetryConsumer    : ALARM: [CRITICAL] 地形碰撞 | 地形碰撞风险 | drone=null | pos=(40.21117696786545,116.46957302474978)
2026-06-13T01:25:25.921+08:00  WARN 35828 --- [uav-alarm-engine] [ntainer#0-0-C-1] com.uav.alarm.kafka.TelemetryConsumer    : ALARM: [CRITICAL] 地形碰撞 | 地形碰撞风险 | drone=null | pos=(39.893016517407865,116.36828346742816)
2026-06-13T01:25:25.935+08:00  WARN 35828 --- [uav-alarm-engine] [ntainer#0-0-C-1] com.uav.alarm.kafka.TelemetryConsumer    : ALARM: [CRITICAL] 地形碰撞 | 地形碰撞风险 | drone=null | pos=(39.71264961588894,116.32305236867998)
2026-06-13T01:25:25.947+08:00  WARN 35828 --- [uav-alarm-engine] [ntainer#0-0-C-1] com.uav.alarm.kafka.TelemetryConsumer    : ALARM: [CRITICAL] 地形碰撞 | 地形碰撞风险 | drone=null | pos=(39.71343534871581,116.2988323970961)
2026-06-13T01:25:25.959+08:00  WARN 35828 --- [uav-alarm-engine] [ntainer#0-0-C-1] com.uav.alarm.kafka.TelemetryConsumer    : ALARM: [CRITICAL] 地形碰撞 | 地形碰撞风险 | drone=null | pos=(39.92872056919279,116.2125700107503)
2026-06-13T01:25:25.971+08:00  WARN 35828 --- [uav-alarm-engine] [ntainer#0-0-C-1] com.uav.alarm.kafka.TelemetryConsumer    : ALARM: [CRITICAL] 地形碰撞 | 地形碰撞风险 | drone=null | pos=(39.96561540785097,116.68242499572834)
2026-06-13T01:25:25.984+08:00  WARN 35828 --- [uav-alarm-engine] [ntainer#0-0-C-1] com.uav.alarm.kafka.TelemetryConsumer    : ALARM: [CRITICAL] 地形碰撞 | 地形碰撞风险 | drone=null | pos=(39.96185327898672,116.30429238992164)
2026-06-13T01:25:25.997+08:00  WARN 35828 --- [uav-alarm-engine] [ntainer#0-0-C-1] com.uav.alarm.kafka.TelemetryConsumer    : ALARM: [CRITICAL] 地形碰撞 | 地形碰撞风险 | drone=null | pos=(39.73341845867116,116.185904515283)
2026-06-13T01:25:26.009+08:00  WARN 35828 --- [uav-alarm-engine] [ntainer#0-0-C-1] com.uav.alarm.kafka.TelemetryConsumer    : ALARM: [CRITICAL] 地形碰撞 | 地形碰撞风险 | drone=null | pos=(39.97235585547948,116.39165042608532)
2026-06-13T01:25:26.034+08:00  WARN 35828 --- [uav-alarm-engine] [ntainer#0-0-C-1] com.uav.alarm.kafka.TelemetryConsumer    : ALARM: [CRITICAL] 地形碰撞 | 地形碰撞风险 | drone=null | pos=(39.864009209085175,116.44285494872558)
2026-06-13T01:25:26.046+08:00  WARN 35828 --- [uav-alarm-engine] [ntainer#0-0-C-1] com.uav.alarm.kafka.TelemetryConsumer    : ALARM: [CRITICAL] 地形碰撞 | 地形碰撞风险 | drone=null | pos=(40.185767360635786,116.6205723284705)
2026-06-13T01:25:26.058+08:00  WARN 35828 --- [uav-alarm-engine] [ntainer#0-0-C-1] com.uav.alarm.kafka.TelemetryConsumer    : ALARM: [CRITICAL] 地形碰撞 | 地形碰撞风险 | drone=null | pos=(39.73258527315183,116.10265540488747)
2026-06-13T01:25:26.070+08:00  WARN 35828 --- [uav-alarm-engine] [ntainer#0-0-C-1] com.uav.alarm.kafka.TelemetryConsumer    : ALARM: [CRITICAL] 地形碰撞 | 地形碰撞风险 | drone=null | pos=(40.073195546854876,116.35975517091703)
2026-06-13T01:25:26.082+08:00  WARN 35828 --- [uav-alarm-engine] [ntainer#0-0-C-1] com.uav.alarm.kafka.TelemetryConsumer    : ALARM: [CRITICAL] 地形碰撞 | 地形碰撞风险 | drone=null | pos=(39.91538426293065,116.39464565398615)
2026-06-13T01:25:26.094+08:00  WARN 35828 --- [uav-alarm-engine] [ntainer#0-0-C-1] com.uav.alarm.kafka.TelemetryConsumer    : ALARM: [CRITICAL] 地形碰撞 | 地形碰撞风险 | drone=null | pos=(39.90699208703174,116.70463180598048)
2026-06-13T01:25:26.108+08:00  WARN 35828 --- [uav-alarm-engine] [ntainer#0-0-C-1] com.uav.alarm.kafka.TelemetryConsumer    : ALARM: [CRITICAL] 地形碰撞 | 地形碰撞风险 | drone=null | pos=(39.770129408766216,116.54246080944517)
2026-06-13T01:25:26.120+08:00  WARN 35828 --- [uav-alarm-engine] [ntainer#0-0-C-1] com.uav.alarm.kafka.TelemetryConsumer    : ALARM: [CRITICAL] 地形碰撞 | 地形碰撞风险 | drone=null | pos=(39.82711301965917,116.1317517125412)
2026-06-13T01:25:26.134+08:00  WARN 35828 --- [uav-alarm-engine] [ntainer#0-0-C-1] com.uav.alarm.kafka.TelemetryConsumer    : ALARM: [CRITICAL] 地形碰撞 | 地形碰撞风险 | drone=null | pos=(40.00088717899514,116.35194071966914)
2026-06-13T01:25:26.146+08:00  WARN 35828 --- [uav-alarm-engine] [ntainer#0-0-C-1] com.uav.alarm.kafka.TelemetryConsumer    : ALARM: [CRITICAL] 地形碰撞 | 地形碰撞风险 | drone=null | pos=(40.02466796690186,116.57023869635668)
2026-06-13T01:25:26.158+08:00  WARN 35828 --- [uav-alarm-engine] [ntainer#0-0-C-1] com.uav.alarm.kafka.TelemetryConsumer    : ALARM: [CRITICAL] 地形碰撞 | 地形碰撞风险 | drone=null | pos=(39.84471894527592,116.2743084535467)
2026-06-13T01:25:26.171+08:00  WARN 35828 --- [uav-alarm-engine] [ntainer#0-0-C-1] com.uav.alarm.kafka.TelemetryConsumer    : ALARM: [CRITICAL] 地形碰撞 | 地形碰撞风险 | drone=null | pos=(40.01523858213096,116.13563623515559)
2026-06-13T01:25:26.183+08:00  WARN 35828 --- [uav-alarm-engine] [ntainer#0-0-C-1] com.uav.alarm.kafka.TelemetryConsumer    : ALARM: [CRITICAL] 地形碰撞 | 地形碰撞风险 | drone=null | pos=(40.13575425348055,116.51648563747666)
2026-06-13T01:25:26.195+08:00  WARN 35828 --- [uav-alarm-engine] [ntainer#0-0-C-1] com.uav.alarm.kafka.TelemetryConsumer    : ALARM: [CRITICAL] 地形碰撞 | 地形碰撞风险 | drone=null | pos=(39.68037650001917,116.5193056274257)
2026-06-13T01:25:26.208+08:00  WARN 35828 --- [uav-alarm-engine] [ntainer#0-0-C-1] com.uav.alarm.kafka.TelemetryConsumer    : ALARM: [CRITICAL] 地形碰撞 | 地形碰撞风险 | drone=null | pos=(39.892757752127274,116.74333885371126)
2026-06-13T01:25:26.221+08:00  WARN 35828 --- [uav-alarm-engine] [ntainer#0-0-C-1] com.uav.alarm.kafka.TelemetryConsumer    : ALARM: [CRITICAL] 地形碰撞 | 地形碰撞风险 | drone=null | pos=(39.90592211664845,116.37272664446539)
2026-06-13T01:25:26.233+08:00  WARN 35828 --- [uav-alarm-engine] [ntainer#0-0-C-1] com.uav.alarm.kafka.TelemetryConsumer    : ALARM: [CRITICAL] 地形碰撞 | 地形碰撞风险 | drone=null | pos=(39.771452234285235,116.5316452840144)
2026-06-13T01:25:26.246+08:00  WARN 35828 --- [uav-alarm-engine] [ntainer#0-0-C-1] com.uav.alarm.kafka.TelemetryConsumer    : ALARM: [CRITICAL] 地形碰撞 | 地形碰撞风险 | drone=null | pos=(39.987804655324844,116.49062295528937)
2026-06-13T01:25:26.259+08:00  WARN 35828 --- [uav-alarm-engine] [ntainer#0-0-C-1] com.uav.alarm.kafka.TelemetryConsumer    : ALARM: [CRITICAL] 地形碰撞 | 地形碰撞风险 | drone=null | pos=(39.92489846006652,116.32933068653556)
2026-06-13T01:25:26.270+08:00  WARN 35828 --- [uav-alarm-engine] [ntainer#0-0-C-1] com.uav.alarm.kafka.TelemetryConsumer    : ALARM: [CRITICAL] 地形碰撞 | 地形碰撞风险 | drone=null | pos=(40.13484007854791,116.4549491237646)
2026-06-13T01:25:26.283+08:00  WARN 35828 --- [uav-alarm-engine] [ntainer#0-0-C-1] com.uav.alarm.kafka.TelemetryConsumer    : ALARM: [CRITICAL] 地形碰撞 | 地形碰撞风险 | drone=null | pos=(39.68325198019913,116.60875865951867)
2026-06-13T01:25:26.295+08:00  WARN 35828 --- [uav-alarm-engine] [ntainer#0-0-C-1] com.uav.alarm.kafka.TelemetryConsumer    : ALARM: [CRITICAL] 地形碰撞 | 地形碰撞风险 | drone=null | pos=(40.12049364071293,116.15993939203163)
2026-06-13T01:25:26.309+08:00  WARN 35828 --- [uav-alarm-engine] [ntainer#0-0-C-1] com.uav.alarm.kafka.TelemetryConsumer    : ALARM: [CRITICAL] 地形碰撞 | 地形碰撞风险 | drone=null | pos=(39.79258576524703,116.43332930722056)
2026-06-13T01:25:26.321+08:00  WARN 35828 --- [uav-alarm-engine] [ntainer#0-0-C-1] com.uav.alarm.kafka.TelemetryConsumer    : ALARM: [CRITICAL] 地形碰撞 | 地形碰撞风险 | drone=null | pos=(39.793552717482456,116.60008798298688)
2026-06-13T01:25:26.333+08:00  WARN 35828 --- [uav-alarm-engine] [ntainer#0-0-C-1] com.uav.alarm.kafka.TelemetryConsumer    : ALARM: [CRITICAL] 地形碰撞 | 地形碰撞风险 | drone=null | pos=(40.12748204626251,116.493010263094)
2026-06-13T01:25:26.345+08:00  WARN 35828 --- [uav-alarm-engine] [ntainer#0-0-C-1] com.uav.alarm.kafka.TelemetryConsumer    : ALARM: [CRITICAL] 地形碰撞 | 地形碰撞风险 | drone=null | pos=(39.70816709260383,116.49797645532776)
2026-06-13T01:25:26.358+08:00  WARN 35828 --- [uav-alarm-engine] [ntainer#0-0-C-1] com.uav.alarm.kafka.TelemetryConsumer    : ALARM: [CRITICAL] 地形碰撞 | 地形碰撞风险 | drone=null | pos=(39.86004758324871,116.05545936831183)
2026-06-13T01:25:26.371+08:00  WARN 35828 --- [uav-alarm-engine] [ntainer#0-0-C-1] com.uav.alarm.kafka.TelemetryConsumer    : ALARM: [CRITICAL] 地形碰撞 | 地形碰撞风险 | drone=null | pos=(40.11082476954494,116.12122969798806)
2026-06-13T01:25:26.384+08:00  WARN 35828 --- [uav-alarm-engine] [ntainer#0-0-C-1] com.uav.alarm.kafka.TelemetryConsumer    : ALARM: [CRITICAL] 地形碰撞 | 地形碰撞风险 | drone=null | pos=(40.15973912386155,116.3453391994815)
2026-06-13T01:25:26.396+08:00  WARN 35828 --- [uav-alarm-engine] [ntainer#0-0-C-1] com.uav.alarm.kafka.TelemetryConsumer    : ALARM: [CRITICAL] 地形碰撞 | 地形碰撞风险 | drone=null | pos=(39.949578737766174,116.39893141489107)
2026-06-13T01:25:26.408+08:00  WARN 35828 --- [uav-alarm-engine] [ntainer#0-0-C-1] com.uav.alarm.kafka.TelemetryConsumer    : ALARM: [CRITICAL] 地形碰撞 | 地形碰撞风险 | drone=null | pos=(39.77170952213102,116.69752699048617)
2026-06-13T01:25:26.421+08:00  WARN 35828 --- [uav-alarm-engine] [ntainer#0-0-C-1] com.uav.alarm.kafka.TelemetryConsumer    : ALARM: [CRITICAL] 地形碰撞 | 地形碰撞风险 | drone=null | pos=(39.88443984774398,116.43174314932746)
2026-06-13T01:25:26.434+08:00  WARN 35828 --- [uav-alarm-engine] [ntainer#0-0-C-1] com.uav.alarm.kafka.TelemetryConsumer    : ALARM: [CRITICAL] 地形碰撞 | 地形碰撞风险 | drone=null | pos=(40.01464596315651,116.2993666532259)
2026-06-13T01:25:26.446+08:00  WARN 35828 --- [uav-alarm-engine] [ntainer#0-0-C-1] com.uav.alarm.kafka.TelemetryConsumer    : ALARM: [CRITICAL] 地形碰撞 | 地形碰撞风险 | drone=null | pos=(40.065311955364905,116.74677941455744)
2026-06-13T01:25:26.459+08:00  WARN 35828 --- [uav-alarm-engine] [ntainer#0-0-C-1] com.uav.alarm.kafka.TelemetryConsumer    : ALARM: [CRITICAL] 地形碰撞 | 地形碰撞风险 | drone=null | pos=(40.230017410280674,116.35767109663041)
2026-06-13T01:25:26.471+08:00  WARN 35828 --- [uav-alarm-engine] [ntainer#0-0-C-1] com.uav.alarm.kafka.TelemetryConsumer    : ALARM: [CRITICAL] 地形碰撞 | 地形碰撞风险 | drone=null | pos=(40.07331480579065,116.64346417559148)
2026-06-13T01:25:26.484+08:00  WARN 35828 --- [uav-alarm-engine] [ntainer#0-0-C-1] com.uav.alarm.kafka.TelemetryConsumer    : ALARM: [CRITICAL] 地形碰撞 | 地形碰撞风险 | drone=null | pos=(40.068235034306646,116.2116927532997)
2026-06-13T01:25:26.495+08:00  WARN 35828 --- [uav-alarm-engine] [ntainer#0-0-C-1] com.uav.alarm.kafka.TelemetryConsumer    : ALARM: [CRITICAL] 地形碰撞 | 地形碰撞风险 | drone=null | pos=(39.92592666403374,116.5947512023998)
2026-06-13T01:25:26.509+08:00  WARN 35828 --- [uav-alarm-engine] [ntainer#0-0-C-1] com.uav.alarm.kafka.TelemetryConsumer    : ALARM: [CRITICAL] 地形碰撞 | 地形碰撞风险 | drone=null | pos=(40.165870064866716,116.55949483136801)
2026-06-13T01:25:26.521+08:00  WARN 35828 --- [uav-alarm-engine] [ntainer#0-0-C-1] com.uav.alarm.kafka.TelemetryConsumer    : ALARM: [CRITICAL] 地形碰撞 | 地形碰撞风险 | drone=null | pos=(39.86726497984851,116.54302738047856)
2026-06-13T01:25:26.534+08:00  WARN 35828 --- [uav-alarm-engine] [ntainer#0-0-C-1] com.uav.alarm.kafka.TelemetryConsumer    : ALARM: [CRITICAL] 地形碰撞 | 地形碰撞风险 | drone=null | pos=(39.98191472301101,116.76807976489879)
2026-06-13T01:25:26.548+08:00  WARN 35828 --- [uav-alarm-engine] [ntainer#0-0-C-1] com.uav.alarm.kafka.TelemetryConsumer    : ALARM: [CRITICAL] 地形碰撞 | 地形碰撞风险 | drone=null | pos=(39.76218345850244,116.16262779013276)
2026-06-13T01:25:26.560+08:00  WARN 35828 --- [uav-alarm-engine] [ntainer#0-0-C-1] com.uav.alarm.kafka.TelemetryConsumer    : ALARM: [CRITICAL] 地形碰撞 | 地形碰撞风险 | drone=null | pos=(39.77824621273715,116.35902386361204)
2026-06-13T01:25:26.573+08:00  WARN 35828 --- [uav-alarm-engine] [ntainer#0-0-C-1] com.uav.alarm.kafka.TelemetryConsumer    : ALARM: [CRITICAL] 地形碰撞 | 地形碰撞风险 | drone=null | pos=(39.99462502934551,116.26808122773144)
2026-06-13T01:25:26.585+08:00  WARN 35828 --- [uav-alarm-engine] [ntainer#0-0-C-1] com.uav.alarm.kafka.TelemetryConsumer    : ALARM: [CRITICAL] 地形碰撞 | 地形碰撞风险 | drone=null | pos=(40.12088662082922,116.53201628083409)
2026-06-13T01:25:26.598+08:00  WARN 35828 --- [uav-alarm-engine] [ntainer#0-0-C-1] com.uav.alarm.kafka.TelemetryConsumer    : ALARM: [CRITICAL] 地形碰撞 | 地形碰撞风险 | drone=null | pos=(40.165385617685075,116.66952722339967)
2026-06-13T01:25:26.611+08:00  WARN 35828 --- [uav-alarm-engine] [ntainer#0-0-C-1] com.uav.alarm.kafka.TelemetryConsumer    : ALARM: [CRITICAL] 地形碰撞 | 地形碰撞风险 | drone=null | pos=(39.93574781432685,116.67279395614196)
2026-06-13T01:25:26.624+08:00  WARN 35828 --- [uav-alarm-engine] [ntainer#0-0-C-1] com.uav.alarm.kafka.TelemetryConsumer    : ALARM: [CRITICAL] 地形碰撞 | 地形碰撞风险 | drone=null | pos=(39.86036236898552,116.38712150816497)
2026-06-13T01:25:26.635+08:00  WARN 35828 --- [uav-alarm-engine] [ntainer#0-0-C-1] com.uav.alarm.kafka.TelemetryConsumer    : ALARM: [CRITICAL] 地形碰撞 | 地形碰撞风险 | drone=null | pos=(39.62714801856312,116.60535848664131)
2026-06-13T01:25:26.649+08:00  WARN 35828 --- [uav-alarm-engine] [ntainer#0-0-C-1] com.uav.alarm.kafka.TelemetryConsumer    : ALARM: [CRITICAL] 地形碰撞 | 地形碰撞风险 | drone=null | pos=(39.90120659050884,116.70986465573631)
2026-06-13T01:25:26.661+08:00  WARN 35828 --- [uav-alarm-engine] [ntainer#0-0-C-1] com.uav.alarm.kafka.TelemetryConsumer    : ALARM: [CRITICAL] 地形碰撞 | 地形碰撞风险 | drone=null | pos=(39.5932303018585,116.3522311675261)
2026-06-13T01:25:26.674+08:00  WARN 35828 --- [uav-alarm-engine] [ntainer#0-0-C-1] com.uav.alarm.kafka.TelemetryConsumer    : ALARM: [CRITICAL] 地形碰撞 | 地形碰撞风险 | drone=null | pos=(39.93176824337075,116.39362213617629)
2026-06-13T01:25:26.687+08:00  WARN 35828 --- [uav-alarm-engine] [ntainer#0-0-C-1] com.uav.alarm.kafka.TelemetryConsumer    : ALARM: [CRITICAL] 地形碰撞 | 地形碰撞风险 | drone=null | pos=(40.07529524382387,116.1406683343996)
2026-06-13T01:25:26.700+08:00  WARN 35828 --- [uav-alarm-engine] [ntainer#0-0-C-1] com.uav.alarm.kafka.TelemetryConsumer    : ALARM: [CRITICAL] 地形碰撞 | 地形碰撞风险 | drone=null | pos=(40.012819073130764,116.67903507223218)
2026-06-13T01:25:26.712+08:00  WARN 35828 --- [uav-alarm-engine] [ntainer#0-0-C-1] com.uav.alarm.kafka.TelemetryConsumer    : ALARM: [CRITICAL] 地形碰撞 | 地形碰撞风险 | drone=null | pos=(39.945132925483286,116.17257073416562)
2026-06-13T01:25:26.724+08:00  WARN 35828 --- [uav-alarm-engine] [ntainer#0-0-C-1] com.uav.alarm.kafka.TelemetryConsumer    : ALARM: [CRITICAL] 地形碰撞 | 地形碰撞风险 | drone=null | pos=(39.988099258886265,116.6085052150729)
2026-06-13T01:25:26.736+08:00  WARN 35828 --- [uav-alarm-engine] [ntainer#0-0-C-1] com.uav.alarm.kafka.TelemetryConsumer    : ALARM: [CRITICAL] 地形碰撞 | 地形碰撞风险 | drone=null | pos=(39.91698186637799,116.60207974017246)
2026-06-13T01:25:26.748+08:00  WARN 35828 --- [uav-alarm-engine] [ntainer#0-0-C-1] com.uav.alarm.kafka.TelemetryConsumer    : ALARM: [CRITICAL] 地形碰撞 | 地形碰撞风险 | drone=null | pos=(39.93327549736114,116.31760624888501)
2026-06-13T01:25:26.761+08:00  WARN 35828 --- [uav-alarm-engine] [ntainer#0-0-C-1] com.uav.alarm.kafka.TelemetryConsumer    : ALARM: [CRITICAL] 地形碰撞 | 地形碰撞风险 | drone=null | pos=(39.58357299899347,116.26710763308986)
2026-06-13T01:25:26.773+08:00  WARN 35828 --- [uav-alarm-engine] [ntainer#0-0-C-1] com.uav.alarm.kafka.TelemetryConsumer    : ALARM: [CRITICAL] 地形碰撞 | 地形碰撞风险 | drone=null | pos=(39.869162112090414,116.3920210047838)
2026-06-13T01:25:26.786+08:00  WARN 35828 --- [uav-alarm-engine] [ntainer#0-0-C-1] com.uav.alarm.kafka.TelemetryConsumer    : ALARM: [CRITICAL] 地形碰撞 | 地形碰撞风险 | drone=null | pos=(39.96994292685224,116.3450432496289)
2026-06-13T01:25:26.798+08:00  WARN 35828 --- [uav-alarm-engine] [ntainer#0-0-C-1] com.uav.alarm.kafka.TelemetryConsumer    : ALARM: [CRITICAL] 地形碰撞 | 地形碰撞风险 | drone=null | pos=(40.09449055130654,116.1070452852688)
2026-06-13T01:25:26.810+08:00  WARN 35828 --- [uav-alarm-engine] [ntainer#0-0-C-1] com.uav.alarm.kafka.TelemetryConsumer    : ALARM: [CRITICAL] 地形碰撞 | 地形碰撞风险 | drone=null | pos=(39.670695929464166,116.29723286383671)
2026-06-13T01:25:26.824+08:00  WARN 35828 --- [uav-alarm-engine] [ntainer#0-0-C-1] com.uav.alarm.kafka.TelemetryConsumer    : ALARM: [CRITICAL] 地形碰撞 | 地形碰撞风险 | drone=null | pos=(39.85505381182478,116.66086879324952)
2026-06-13T01:25:26.836+08:00  WARN 35828 --- [uav-alarm-engine] [ntainer#0-0-C-1] com.uav.alarm.kafka.TelemetryConsumer    : ALARM: [CRITICAL] 地形碰撞 | 地形碰撞风险 | drone=null | pos=(40.1677730847404,116.22356576944398)
2026-06-13T01:25:26.848+08:00  WARN 35828 --- [uav-alarm-engine] [ntainer#0-0-C-1] com.uav.alarm.kafka.TelemetryConsumer    : ALARM: [CRITICAL] 地形碰撞 | 地形碰撞风险 | drone=null | pos=(40.25945817776344,116.36229319824002)
2026-06-13T01:25:26.861+08:00  WARN 35828 --- [uav-alarm-engine] [ntainer#0-0-C-1] com.uav.alarm.kafka.TelemetryConsumer    : ALARM: [CRITICAL] 地形碰撞 | 地形碰撞风险 | drone=null | pos=(39.562136673304884,116.49265973732906)
2026-06-13T01:25:26.874+08:00  WARN 35828 --- [uav-alarm-engine] [ntainer#0-0-C-1] com.uav.alarm.kafka.TelemetryConsumer    : ALARM: [CRITICAL] 地形碰撞 | 地形碰撞风险 | drone=null | pos=(40.03281528816904,116.74615931119429)
2026-06-13T01:25:26.886+08:00  WARN 35828 --- [uav-alarm-engine] [ntainer#0-0-C-1] com.uav.alarm.kafka.TelemetryConsumer    : ALARM: [CRITICAL] 地形碰撞 | 地形碰撞风险 | drone=null | pos=(40.05001490493809,116.54521433786917)
2026-06-13T01:25:26.898+08:00  WARN 35828 --- [uav-alarm-engine] [ntainer#0-0-C-1] com.uav.alarm.kafka.TelemetryConsumer    : ALARM: [CRITICAL] 地形碰撞 | 地形碰撞风险 | drone=null | pos=(40.11433269452351,116.54429032198371)
2026-06-13T01:25:26.910+08:00  WARN 35828 --- [uav-alarm-engine] [ntainer#0-0-C-1] com.uav.alarm.kafka.TelemetryConsumer    : ALARM: [CRITICAL] 地形碰撞 | 地形碰撞风险 | drone=null | pos=(40.18501507390022,116.39522090471623)
2026-06-13T01:25:26.923+08:00  WARN 35828 --- [uav-alarm-engine] [ntainer#0-0-C-1] com.uav.alarm.kafka.TelemetryConsumer    : ALARM: [CRITICAL] 地形碰撞 | 地形碰撞风险 | drone=null | pos=(39.92497639104806,116.61537896429415)
2026-06-13T01:25:26.935+08:00  WARN 35828 --- [uav-alarm-engine] [ntainer#0-0-C-1] com.uav.alarm.kafka.TelemetryConsumer    : ALARM: [CRITICAL] 地形碰撞 | 地形碰撞风险 | drone=null | pos=(40.171238782763425,116.56950178969551)
2026-06-13T01:25:26.948+08:00  WARN 35828 --- [uav-alarm-engine] [ntainer#0-0-C-1] com.uav.alarm.kafka.TelemetryConsumer    : ALARM: [CRITICAL] 地形碰撞 | 地形碰撞风险 | drone=null | pos=(40.112090267805385,116.38550100498445)
2026-06-13T01:25:26.961+08:00  WARN 35828 --- [uav-alarm-engine] [ntainer#0-0-C-1] com.uav.alarm.kafka.TelemetryConsumer    : ALARM: [CRITICAL] 地形碰撞 | 地形碰撞风险 | drone=null | pos=(39.974739591582136,116.15888530011237)
2026-06-13T01:25:26.973+08:00  WARN 35828 --- [uav-alarm-engine] [ntainer#0-0-C-1] com.uav.alarm.kafka.TelemetryConsumer    : ALARM: [CRITICAL] 地形碰撞 | 地形碰撞风险 | drone=null | pos=(40.07427855895594,116.57758156713975)
2026-06-13T01:25:26.986+08:00  WARN 35828 --- [uav-alarm-engine] [ntainer#0-0-C-1] com.uav.alarm.kafka.TelemetryConsumer    : ALARM: [CRITICAL] 地形碰撞 | 地形碰撞风险 | drone=null | pos=(39.828839653464804,116.79671456153751)
2026-06-13T01:25:26.999+08:00  WARN 35828 --- [uav-alarm-engine] [ntainer#0-0-C-1] com.uav.alarm.kafka.TelemetryConsumer    : ALARM: [CRITICAL] 地形碰撞 | 地形碰撞风险 | drone=null | pos=(39.848719227298844,116.04113265132759)
2026-06-13T01:25:27.010+08:00  WARN 35828 --- [uav-alarm-engine] [ntainer#0-0-C-1] com.uav.alarm.kafka.TelemetryConsumer    : ALARM: [CRITICAL] 地形碰撞 | 地形碰撞风险 | drone=null | pos=(39.76792195178969,116.52282301215561)
2026-06-13T01:25:27.024+08:00  WARN 35828 --- [uav-alarm-engine] [ntainer#0-0-C-1] com.uav.alarm.kafka.TelemetryConsumer    : ALARM: [CRITICAL] 地形碰撞 | 地形碰撞风险 | drone=null | pos=(39.91827943099784,116.41132845225886)
2026-06-13T01:25:27.037+08:00  WARN 35828 --- [uav-alarm-engine] [ntainer#0-0-C-1] com.uav.alarm.kafka.TelemetryConsumer    : ALARM: [CRITICAL] 地形碰撞 | 地形碰撞风险 | drone=null | pos=(39.97249012777424,116.58632855143729)
2026-06-13T01:25:27.050+08:00  WARN 35828 --- [uav-alarm-engine] [ntainer#0-0-C-1] com.uav.alarm.kafka.TelemetryConsumer    : ALARM: [CRITICAL] 地形碰撞 | 地形碰撞风险 | drone=null | pos=(40.13152493887028,116.18267863116819)
2026-06-13T01:25:27.062+08:00  WARN 35828 --- [uav-alarm-engine] [ntainer#0-0-C-1] com.uav.alarm.kafka.TelemetryConsumer    : ALARM: [CRITICAL] 地形碰撞 | 地形碰撞风险 | drone=null | pos=(39.89097876208626,116.44755201851099)
2026-06-13T01:25:27.075+08:00  WARN 35828 --- [uav-alarm-engine] [ntainer#0-0-C-1] com.uav.alarm.kafka.TelemetryConsumer    : ALARM: [CRITICAL] 地形碰撞 | 地形碰撞风险 | drone=null | pos=(39.59807458846534,116.44064966452486)
2026-06-13T01:25:27.100+08:00  WARN 35828 --- [uav-alarm-engine] [ntainer#0-0-C-1] com.uav.alarm.kafka.TelemetryConsumer    : ALARM: [CRITICAL] 地形碰撞 | 地形碰撞风险 | drone=null | pos=(39.902059244714,116.40985756823483)
2026-06-13T01:25:27.112+08:00  WARN 35828 --- [uav-alarm-engine] [ntainer#0-0-C-1] com.uav.alarm.kafka.TelemetryConsumer    : ALARM: [CRITICAL] 地形碰撞 | 地形碰撞风险 | drone=null | pos=(40.149955048145664,116.49072689663898)
2026-06-13T01:25:27.125+08:00  WARN 35828 --- [uav-alarm-engine] [ntainer#0-0-C-1] com.uav.alarm.kafka.TelemetryConsumer    : ALARM: [CRITICAL] 地形碰撞 | 地形碰撞风险 | drone=null | pos=(40.0230181740897,116.7874365878987)
2026-06-13T01:25:27.136+08:00  WARN 35828 --- [uav-alarm-engine] [ntainer#0-0-C-1] com.uav.alarm.kafka.TelemetryConsumer    : ALARM: [CRITICAL] 地形碰撞 | 地形碰撞风险 | drone=null | pos=(39.79452228714084,116.53373249583917)
2026-06-13T01:25:27.149+08:00  WARN 35828 --- [uav-alarm-engine] [ntainer#0-0-C-1] com.uav.alarm.kafka.TelemetryConsumer    : ALARM: [CRITICAL] 地形碰撞 | 地形碰撞风险 | drone=null | pos=(39.87177590109921,116.3931953357592)
2026-06-13T01:25:27.161+08:00  WARN 35828 --- [uav-alarm-engine] [ntainer#0-0-C-1] com.uav.alarm.kafka.TelemetryConsumer    : ALARM: [CRITICAL] 地形碰撞 | 地形碰撞风险 | drone=null | pos=(40.004103590243794,116.31957413674914)
2026-06-13T01:25:27.174+08:00  WARN 35828 --- [uav-alarm-engine] [ntainer#0-0-C-1] com.uav.alarm.kafka.TelemetryConsumer    : ALARM: [CRITICAL] 地形碰撞 | 地形碰撞风险 | drone=null | pos=(39.6964893020072,116.26599640057327)
2026-06-13T01:25:27.185+08:00  WARN 35828 --- [uav-alarm-engine] [ntainer#0-0-C-1] com.uav.alarm.kafka.TelemetryConsumer    : ALARM: [CRITICAL] 地形碰撞 | 地形碰撞风险 | drone=null | pos=(39.804200853838374,116.14349858152805)
2026-06-13T01:25:27.198+08:00  WARN 35828 --- [uav-alarm-engine] [ntainer#0-0-C-1] com.uav.alarm.kafka.TelemetryConsumer    : ALARM: [CRITICAL] 地形碰撞 | 地形碰撞风险 | drone=null | pos=(40.16549154172711,116.33880748910589)
2026-06-13T01:25:27.210+08:00  WARN 35828 --- [uav-alarm-engine] [ntainer#0-0-C-1] com.uav.alarm.kafka.TelemetryConsumer    : ALARM: [CRITICAL] 地形碰撞 | 地形碰撞风险 | drone=null | pos=(40.03596307475387,116.24899285234585)
2026-06-13T01:25:27.224+08:00  WARN 35828 --- [uav-alarm-engine] [ntainer#0-0-C-1] com.uav.alarm.kafka.TelemetryConsumer    : ALARM: [CRITICAL] 地形碰撞 | 地形碰撞风险 | drone=null | pos=(39.86832698413617,116.31592897777075)
2026-06-13T01:25:27.235+08:00  WARN 35828 --- [uav-alarm-engine] [ntainer#0-0-C-1] com.uav.alarm.kafka.TelemetryConsumer    : ALARM: [CRITICAL] 地形碰撞 | 地形碰撞风险 | drone=null | pos=(39.846330854057285,116.43745938513084)
2026-06-13T01:25:27.251+08:00  WARN 35828 --- [uav-alarm-engine] [ntainer#0-0-C-1] com.uav.alarm.kafka.TelemetryConsumer    : ALARM: [CRITICAL] 地形碰撞 | 地形碰撞风险 | drone=null | pos=(40.07064513486365,116.23434953989758)
2026-06-13T01:25:27.264+08:00  WARN 35828 --- [uav-alarm-engine] [ntainer#0-0-C-1] com.uav.alarm.kafka.TelemetryConsumer    : ALARM: [CRITICAL] 地形碰撞 | 地形碰撞风险 | drone=null | pos=(39.82325193126982,116.23220323908345)
2026-06-13T01:25:27.278+08:00  WARN 35828 --- [uav-alarm-engine] [ntainer#0-0-C-1] com.uav.alarm.kafka.TelemetryConsumer    : ALARM: [CRITICAL] 地形碰撞 | 地形碰撞风险 | drone=null | pos=(39.8305845746392,116.60985382012059)
2026-06-13T01:25:27.290+08:00  WARN 35828 --- [uav-alarm-engine] [ntainer#0-0-C-1] com.uav.alarm.kafka.TelemetryConsumer    : ALARM: [CRITICAL] 地形碰撞 | 地形碰撞风险 | drone=null | pos=(39.945259764325314,116.37545028467116)
2026-06-13T01:25:27.303+08:00  WARN 35828 --- [uav-alarm-engine] [ntainer#0-0-C-1] com.uav.alarm.kafka.TelemetryConsumer    : ALARM: [CRITICAL] 地形碰撞 | 地形碰撞风险 | drone=null | pos=(39.924566991044514,116.21507695369796)
2026-06-13T01:25:27.315+08:00  WARN 35828 --- [uav-alarm-engine] [ntainer#0-0-C-1] com.uav.alarm.kafka.TelemetryConsumer    : ALARM: [CRITICAL] 地形碰撞 | 地形碰撞风险 | drone=null | pos=(40.06891617525971,116.27981819061449)
2026-06-13T01:25:27.327+08:00  WARN 35828 --- [uav-alarm-engine] [ntainer#0-0-C-1] com.uav.alarm.kafka.TelemetryConsumer    : ALARM: [CRITICAL] 地形碰撞 | 地形碰撞风险 | drone=null | pos=(40.03142184995807,116.22259216636809)
2026-06-13T01:25:27.339+08:00  WARN 35828 --- [uav-alarm-engine] [ntainer#0-0-C-1] com.uav.alarm.kafka.TelemetryConsumer    : ALARM: [CRITICAL] 地形碰撞 | 地形碰撞风险 | drone=null | pos=(39.842851515507405,116.59521264958238)
2026-06-13T01:25:27.352+08:00  WARN 35828 --- [uav-alarm-engine] [ntainer#0-0-C-1] com.uav.alarm.kafka.TelemetryConsumer    : ALARM: [CRITICAL] 地形碰撞 | 地形碰撞风险 | drone=null | pos=(39.81895305348187,116.28119871317347)
2026-06-13T01:25:27.365+08:00  WARN 35828 --- [uav-alarm-engine] [ntainer#0-0-C-1] com.uav.alarm.kafka.TelemetryConsumer    : ALARM: [CRITICAL] 地形碰撞 | 地形碰撞风险 | drone=null | pos=(39.99113418100707,116.45657012817509)
2026-06-13T01:25:27.377+08:00  WARN 35828 --- [uav-alarm-engine] [ntainer#0-0-C-1] com.uav.alarm.kafka.TelemetryConsumer    : ALARM: [CRITICAL] 地形碰撞 | 地形碰撞风险 | drone=null | pos=(39.87785923043286,116.3738944986848)
2026-06-13T01:25:27.400+08:00  WARN 35828 --- [uav-alarm-engine] [ntainer#0-0-C-1] com.uav.alarm.kafka.TelemetryConsumer    : ALARM: [CRITICAL] 地形碰撞 | 地形碰撞风险 | drone=null | pos=(39.972505125543144,116.4083951074575)
2026-06-13T01:25:27.402+08:00  WARN 35828 --- [uav-alarm-engine] [ntainer#0-0-C-1] com.uav.alarm.kafka.TelemetryConsumer    : ALARM: [CRITICAL] 地形碰撞 | 地形碰撞风险 | drone=null | pos=(40.050903869194975,116.0749154957578)
2026-06-13T01:25:27.415+08:00  WARN 35828 --- [uav-alarm-engine] [ntainer#0-0-C-1] com.uav.alarm.kafka.TelemetryConsumer    : ALARM: [CRITICAL] 地形碰撞 | 地形碰撞风险 | drone=null | pos=(40.010761555923466,116.23314626516618)
2026-06-13T01:25:27.428+08:00  WARN 35828 --- [uav-alarm-engine] [ntainer#0-0-C-1] com.uav.alarm.kafka.TelemetryConsumer    : ALARM: [CRITICAL] 地形碰撞 | 地形碰撞风险 | drone=null | pos=(39.854866507973654,116.7754736822702)
2026-06-13T01:25:27.440+08:00  WARN 35828 --- [uav-alarm-engine] [ntainer#0-0-C-1] com.uav.alarm.kafka.TelemetryConsumer    : ALARM: [CRITICAL] 地形碰撞 | 地形碰撞风险 | drone=null | pos=(39.92535642536406,116.40243817939238)
2026-06-13T01:25:27.452+08:00  WARN 35828 --- [uav-alarm-engine] [ntainer#0-0-C-1] com.uav.alarm.kafka.TelemetryConsumer    : ALARM: [CRITICAL] 地形碰撞 | 地形碰撞风险 | drone=null | pos=(40.01288161220677,116.67483043879098)
2026-06-13T01:25:27.465+08:00  WARN 35828 --- [uav-alarm-engine] [ntainer#0-0-C-1] com.uav.alarm.kafka.TelemetryConsumer    : ALARM: [CRITICAL] 地形碰撞 | 地形碰撞风险 | drone=null | pos=(39.87833605702635,116.45944289763082)
2026-06-13T01:25:27.477+08:00  WARN 35828 --- [uav-alarm-engine] [ntainer#0-0-C-1] com.uav.alarm.kafka.TelemetryConsumer    : ALARM: [CRITICAL] 地形碰撞 | 地形碰撞风险 | drone=null | pos=(39.93867222425703,116.58297781077243)
2026-06-13T01:25:27.490+08:00  WARN 35828 --- [uav-alarm-engine] [ntainer#0-0-C-1] com.uav.alarm.kafka.TelemetryConsumer    : ALARM: [CRITICAL] 地形碰撞 | 地形碰撞风险 | drone=null | pos=(39.97216341017022,116.26269856512337)
2026-06-13T01:25:27.502+08:00  WARN 35828 --- [uav-alarm-engine] [ntainer#0-0-C-1] com.uav.alarm.kafka.TelemetryConsumer    : ALARM: [CRITICAL] 地形碰撞 | 地形碰撞风险 | drone=null | pos=(40.234271276197546,116.41588956955553)
2026-06-13T01:25:27.540+08:00  WARN 35828 --- [uav-alarm-engine] [ntainer#0-0-C-1] com.uav.alarm.kafka.TelemetryConsumer    : ALARM: [CRITICAL] 地形碰撞 | 地形碰撞风险 | drone=null | pos=(39.88253652799791,116.42296439218725)
2026-06-13T01:25:27.552+08:00  WARN 35828 --- [uav-alarm-engine] [ntainer#0-0-C-1] com.uav.alarm.kafka.TelemetryConsumer    : ALARM: [CRITICAL] 地形碰撞 | 地形碰撞风险 | drone=null | pos=(39.927462444731844,116.38806925921538)
2026-06-13T01:25:27.565+08:00  WARN 35828 --- [uav-alarm-engine] [ntainer#0-0-C-1] com.uav.alarm.kafka.TelemetryConsumer    : ALARM: [CRITICAL] 地形碰撞 | 地形碰撞风险 | drone=null | pos=(39.92365081419141,116.3583716476679)
2026-06-13T01:25:27.577+08:00  WARN 35828 --- [uav-alarm-engine] [ntainer#0-0-C-1] com.uav.alarm.kafka.TelemetryConsumer    : ALARM: [CRITICAL] 地形碰撞 | 地形碰撞风险 | drone=null | pos=(39.56898252991449,116.35868141609834)
2026-06-13T01:25:27.590+08:00  WARN 35828 --- [uav-alarm-engine] [ntainer#0-0-C-1] com.uav.alarm.kafka.TelemetryConsumer    : ALARM: [CRITICAL] 地形碰撞 | 地形碰撞风险 | drone=null | pos=(39.886374409068736,116.32751637770363)
2026-06-13T01:25:27.602+08:00  WARN 35828 --- [uav-alarm-engine] [ntainer#0-0-C-1] com.uav.alarm.kafka.TelemetryConsumer    : ALARM: [CRITICAL] 地形碰撞 | 地形碰撞风险 | drone=null | pos=(39.909542033084094,116.40981796845858)
2026-06-13T01:25:27.614+08:00  WARN 35828 --- [uav-alarm-engine] [ntainer#0-0-C-1] com.uav.alarm.kafka.TelemetryConsumer    : ALARM: [CRITICAL] 地形碰撞 | 地形碰撞风险 | drone=null | pos=(40.09720245050411,116.39553787789863)
2026-06-13T01:25:27.626+08:00  WARN 35828 --- [uav-alarm-engine] [ntainer#0-0-C-1] com.uav.alarm.kafka.TelemetryConsumer    : ALARM: [CRITICAL] 地形碰撞 | 地形碰撞风险 | drone=null | pos=(39.79766683300737,116.50447304987317)
2026-06-13T01:25:27.639+08:00  WARN 35828 --- [uav-alarm-engine] [ntainer#0-0-C-1] com.uav.alarm.kafka.TelemetryConsumer    : ALARM: [CRITICAL] 地形碰撞 | 地形碰撞风险 | drone=null | pos=(40.06426027657569,116.21213423859227)
2026-06-13T01:25:27.652+08:00  WARN 35828 --- [uav-alarm-engine] [ntainer#0-0-C-1] com.uav.alarm.kafka.TelemetryConsumer    : ALARM: [CRITICAL] 地形碰撞 | 地形碰撞风险 | drone=null | pos=(40.0255024006658,116.58933054445832)
2026-06-13T01:25:27.665+08:00  WARN 35828 --- [uav-alarm-engine] [ntainer#0-0-C-1] com.uav.alarm.kafka.TelemetryConsumer    : ALARM: [CRITICAL] 地形碰撞 | 地形碰撞风险 | drone=null | pos=(39.85196334175268,116.73600157581212)
2026-06-13T01:25:27.678+08:00  WARN 35828 --- [uav-alarm-engine] [ntainer#0-0-C-1] com.uav.alarm.kafka.TelemetryConsumer    : ALARM: [CRITICAL] 地形碰撞 | 地形碰撞风险 | drone=null | pos=(39.649706536767816,116.72297183712936)
2026-06-13T01:25:27.690+08:00  WARN 35828 --- [uav-alarm-engine] [ntainer#0-0-C-1] com.uav.alarm.kafka.TelemetryConsumer    : ALARM: [CRITICAL] 地形碰撞 | 地形碰撞风险 | drone=null | pos=(40.102273247949206,116.79064632205551)
2026-06-13T01:25:27.702+08:00  WARN 35828 --- [uav-alarm-engine] [ntainer#0-0-C-1] com.uav.alarm.kafka.TelemetryConsumer    : ALARM: [CRITICAL] 地形碰撞 | 地形碰撞风险 | drone=null | pos=(39.907086833064774,116.40448463230953)
2026-06-13T01:25:27.716+08:00  WARN 35828 --- [uav-alarm-engine] [ntainer#0-0-C-1] com.uav.alarm.kafka.TelemetryConsumer    : ALARM: [CRITICAL] 地形碰撞 | 地形碰撞风险 | drone=null | pos=(40.020204655153435,116.4531315951087)
2026-06-13T01:25:27.728+08:00  WARN 35828 --- [uav-alarm-engine] [ntainer#0-0-C-1] com.uav.alarm.kafka.TelemetryConsumer    : ALARM: [CRITICAL] 地形碰撞 | 地形碰撞风险 | drone=null | pos=(39.95699745038873,116.47821589277794)
2026-06-13T01:25:27.740+08:00  WARN 35828 --- [uav-alarm-engine] [ntainer#0-0-C-1] com.uav.alarm.kafka.TelemetryConsumer    : ALARM: [CRITICAL] 地形碰撞 | 地形碰撞风险 | drone=null | pos=(39.870836764731195,116.3301122852794)
2026-06-13T01:25:27.752+08:00  WARN 35828 --- [uav-alarm-engine] [ntainer#0-0-C-1] com.uav.alarm.kafka.TelemetryConsumer    : ALARM: [CRITICAL] 地形碰撞 | 地形碰撞风险 | drone=null | pos=(40.17543724572846,116.11625853753235)
2026-06-13T01:25:27.764+08:00  WARN 35828 --- [uav-alarm-engine] [ntainer#0-0-C-1] com.uav.alarm.kafka.TelemetryConsumer    : ALARM: [CRITICAL] 地形碰撞 | 地形碰撞风险 | drone=null | pos=(39.96039344902824,116.47285957658904)
2026-06-13T01:25:27.777+08:00  WARN 35828 --- [uav-alarm-engine] [ntainer#0-0-C-1] com.uav.alarm.kafka.TelemetryConsumer    : ALARM: [CRITICAL] 地形碰撞 | 地形碰撞风险 | drone=null | pos=(39.872246090849785,116.4207338918429)
2026-06-13T01:25:27.790+08:00  WARN 35828 --- [uav-alarm-engine] [ntainer#0-0-C-1] com.uav.alarm.kafka.TelemetryConsumer    : ALARM: [CRITICAL] 地形碰撞 | 地形碰撞风险 | drone=null | pos=(39.989463167616556,116.6427537713587)
2026-06-13T01:25:27.802+08:00  WARN 35828 --- [uav-alarm-engine] [ntainer#0-0-C-1] com.uav.alarm.kafka.TelemetryConsumer    : ALARM: [CRITICAL] 地形碰撞 | 地形碰撞风险 | drone=null | pos=(39.90971839564726,116.41750318103009)
2026-06-13T01:25:27.815+08:00  WARN 35828 --- [uav-alarm-engine] [ntainer#0-0-C-1] com.uav.alarm.kafka.TelemetryConsumer    : ALARM: [CRITICAL] 地形碰撞 | 地形碰撞风险 | drone=null | pos=(39.812634748419896,116.02282408481665)
2026-06-13T01:25:27.827+08:00  WARN 35828 --- [uav-alarm-engine] [ntainer#0-0-C-1] com.uav.alarm.kafka.TelemetryConsumer    : ALARM: [CRITICAL] 地形碰撞 | 地形碰撞风险 | drone=null | pos=(39.86349798668843,116.51572951686845)
2026-06-13T01:25:27.840+08:00  WARN 35828 --- [uav-alarm-engine] [ntainer#0-0-C-1] com.uav.alarm.kafka.TelemetryConsumer    : ALARM: [CRITICAL] 地形碰撞 | 地形碰撞风险 | drone=null | pos=(40.024277271707994,116.42565359627046)
2026-06-13T01:25:27.852+08:00  WARN 35828 --- [uav-alarm-engine] [ntainer#0-0-C-1] com.uav.alarm.kafka.TelemetryConsumer    : ALARM: [CRITICAL] 地形碰撞 | 地形碰撞风险 | drone=null | pos=(39.77233922226105,116.21954337618584)
2026-06-13T01:25:27.865+08:00  WARN 35828 --- [uav-alarm-engine] [ntainer#0-0-C-1] com.uav.alarm.kafka.TelemetryConsumer    : ALARM: [CRITICAL] 地形碰撞 | 地形碰撞风险 | drone=null | pos=(39.82220746045799,116.2885710045861)
2026-06-13T01:25:27.878+08:00  WARN 35828 --- [uav-alarm-engine] [ntainer#0-0-C-1] com.uav.alarm.kafka.TelemetryConsumer    : ALARM: [CRITICAL] 地形碰撞 | 地形碰撞风险 | drone=null | pos=(40.18782563605374,116.34837363589587)
2026-06-13T01:25:27.891+08:00  WARN 35828 --- [uav-alarm-engine] [ntainer#0-0-C-1] com.uav.alarm.kafka.TelemetryConsumer    : ALARM: [CRITICAL] 地形碰撞 | 地形碰撞风险 | drone=null | pos=(40.00317706301397,116.00369952627278)
2026-06-13T01:25:27.903+08:00  WARN 35828 --- [uav-alarm-engine] [ntainer#0-0-C-1] com.uav.alarm.kafka.TelemetryConsumer    : ALARM: [CRITICAL] 地形碰撞 | 地形碰撞风险 | drone=null | pos=(39.706004741836324,116.31113235072289)
2026-06-13T01:25:27.917+08:00  WARN 35828 --- [uav-alarm-engine] [ntainer#0-0-C-1] com.uav.alarm.kafka.TelemetryConsumer    : ALARM: [CRITICAL] 地形碰撞 | 地形碰撞风险 | drone=null | pos=(39.88598669081999,116.21511963084913)
2026-06-13T01:25:27.929+08:00  WARN 35828 --- [uav-alarm-engine] [ntainer#0-0-C-1] com.uav.alarm.kafka.TelemetryConsumer    : ALARM: [CRITICAL] 地形碰撞 | 地形碰撞风险 | drone=null | pos=(39.99037903279677,116.14474669487548)
2026-06-13T01:25:27.942+08:00  WARN 35828 --- [uav-alarm-engine] [ntainer#0-0-C-1] com.uav.alarm.kafka.TelemetryConsumer    : ALARM: [CRITICAL] 地形碰撞 | 地形碰撞风险 | drone=null | pos=(39.68406026578856,116.47192429853715)
2026-06-13T01:25:27.954+08:00  WARN 35828 --- [uav-alarm-engine] [ntainer#0-0-C-1] com.uav.alarm.kafka.TelemetryConsumer    : ALARM: [CRITICAL] 地形碰撞 | 地形碰撞风险 | drone=null | pos=(39.72541782857046,116.45085185521933)
2026-06-13T01:25:27.966+08:00  WARN 35828 --- [uav-alarm-engine] [ntainer#0-0-C-1] com.uav.alarm.kafka.TelemetryConsumer    : ALARM: [CRITICAL] 地形碰撞 | 地形碰撞风险 | drone=null | pos=(39.82036801460616,115.96574731934135)
2026-06-13T01:25:27.979+08:00  WARN 35828 --- [uav-alarm-engine] [ntainer#0-0-C-1] com.uav.alarm.kafka.TelemetryConsumer    : ALARM: [CRITICAL] 地形碰撞 | 地形碰撞风险 | drone=null | pos=(39.99036582126521,116.39899999907979)
2026-06-13T01:25:27.991+08:00  WARN 35828 --- [uav-alarm-engine] [ntainer#0-0-C-1] com.uav.alarm.kafka.TelemetryConsumer    : ALARM: [CRITICAL] 地形碰撞 | 地形碰撞风险 | drone=null | pos=(40.04110340057989,116.26789065949475)
2026-06-13T01:25:28.005+08:00  WARN 35828 --- [uav-alarm-engine] [ntainer#0-0-C-1] com.uav.alarm.kafka.TelemetryConsumer    : ALARM: [CRITICAL] 地形碰撞 | 地形碰撞风险 | drone=null | pos=(39.923178181175054,116.787722070943)
2026-06-13T01:25:28.016+08:00  WARN 35828 --- [uav-alarm-engine] [ntainer#0-0-C-1] com.uav.alarm.kafka.TelemetryConsumer    : ALARM: [CRITICAL] 地形碰撞 | 地形碰撞风险 | drone=null | pos=(39.779046644172546,116.26525221822614)
2026-06-13T01:25:28.028+08:00  WARN 35828 --- [uav-alarm-engine] [ntainer#0-0-C-1] com.uav.alarm.kafka.TelemetryConsumer    : ALARM: [CRITICAL] 地形碰撞 | 地形碰撞风险 | drone=null | pos=(39.81273377151841,116.68227317229517)
2026-06-13T01:25:28.041+08:00  WARN 35828 --- [uav-alarm-engine] [ntainer#0-0-C-1] com.uav.alarm.kafka.TelemetryConsumer    : ALARM: [CRITICAL] 地形碰撞 | 地形碰撞风险 | drone=null | pos=(39.902084843857374,116.41723386023804)
2026-06-13T01:25:28.053+08:00  WARN 35828 --- [uav-alarm-engine] [ntainer#0-0-C-1] com.uav.alarm.kafka.TelemetryConsumer    : ALARM: [CRITICAL] 地形碰撞 | 地形碰撞风险 | drone=null | pos=(39.90978168262865,116.51891346637169)
2026-06-13T01:25:28.065+08:00  WARN 35828 --- [uav-alarm-engine] [ntainer#0-0-C-1] com.uav.alarm.kafka.TelemetryConsumer    : ALARM: [CRITICAL] 地形碰撞 | 地形碰撞风险 | drone=null | pos=(39.93430611665463,116.40472008733639)
2026-06-13T01:25:28.091+08:00  WARN 35828 --- [uav-alarm-engine] [ntainer#0-0-C-1] com.uav.alarm.kafka.TelemetryConsumer    : ALARM: [CRITICAL] 地形碰撞 | 地形碰撞风险 | drone=null | pos=(40.14256793540901,116.51984679578972)
2026-06-13T01:25:28.103+08:00  WARN 35828 --- [uav-alarm-engine] [ntainer#0-0-C-1] com.uav.alarm.kafka.TelemetryConsumer    : ALARM: [CRITICAL] 地形碰撞 | 地形碰撞风险 | drone=null | pos=(39.89574202221062,116.10689717072306)
2026-06-13T01:25:28.115+08:00  WARN 35828 --- [uav-alarm-engine] [ntainer#0-0-C-1] com.uav.alarm.kafka.TelemetryConsumer    : ALARM: [CRITICAL] 地形碰撞 | 地形碰撞风险 | drone=null | pos=(39.84904763070913,116.39215023340643)
2026-06-13T01:25:28.128+08:00  WARN 35828 --- [uav-alarm-engine] [ntainer#0-0-C-1] com.uav.alarm.kafka.TelemetryConsumer    : ALARM: [CRITICAL] 地形碰撞 | 地形碰撞风险 | drone=null | pos=(39.92418531891895,116.41680899189271)
2026-06-13T01:25:28.141+08:00  WARN 35828 --- [uav-alarm-engine] [ntainer#0-0-C-1] com.uav.alarm.kafka.TelemetryConsumer    : ALARM: [CRITICAL] 地形碰撞 | 地形碰撞风险 | drone=null | pos=(39.705017546520466,116.58016249858188)
2026-06-13T01:25:28.153+08:00  WARN 35828 --- [uav-alarm-engine] [ntainer#0-0-C-1] com.uav.alarm.kafka.TelemetryConsumer    : ALARM: [CRITICAL] 地形碰撞 | 地形碰撞风险 | drone=null | pos=(39.62209673359432,116.19656747747578)
2026-06-13T01:25:28.167+08:00  WARN 35828 --- [uav-alarm-engine] [ntainer#0-0-C-1] com.uav.alarm.kafka.TelemetryConsumer    : ALARM: [CRITICAL] 地形碰撞 | 地形碰撞风险 | drone=null | pos=(40.07718789661668,116.64278389422802)
2026-06-13T01:25:28.179+08:00  WARN 35828 --- [uav-alarm-engine] [ntainer#0-0-C-1] com.uav.alarm.kafka.TelemetryConsumer    : ALARM: [CRITICAL] 地形碰撞 | 地形碰撞风险 | drone=null | pos=(39.61573710241179,116.34179257919968)
2026-06-13T01:25:28.191+08:00  WARN 35828 --- [uav-alarm-engine] [ntainer#0-0-C-1] com.uav.alarm.kafka.TelemetryConsumer    : ALARM: [CRITICAL] 地形碰撞 | 地形碰撞风险 | drone=null | pos=(39.7413100212589,116.15332003203577)
2026-06-13T01:25:28.203+08:00  WARN 35828 --- [uav-alarm-engine] [ntainer#0-0-C-1] com.uav.alarm.kafka.TelemetryConsumer    : ALARM: [CRITICAL] 地形碰撞 | 地形碰撞风险 | drone=null | pos=(39.93399104705635,116.48181767597153)
2026-06-13T01:25:28.216+08:00  WARN 35828 --- [uav-alarm-engine] [ntainer#0-0-C-1] com.uav.alarm.kafka.TelemetryConsumer    : ALARM: [CRITICAL] 地形碰撞 | 地形碰撞风险 | drone=null | pos=(39.8247229124614,116.45184454222426)
2026-06-13T01:25:28.229+08:00  WARN 35828 --- [uav-alarm-engine] [ntainer#0-0-C-1] com.uav.alarm.kafka.TelemetryConsumer    : ALARM: [CRITICAL] 地形碰撞 | 地形碰撞风险 | drone=null | pos=(40.14551172720321,116.66539697108418)
2026-06-13T01:25:28.241+08:00  WARN 35828 --- [uav-alarm-engine] [ntainer#0-0-C-1] com.uav.alarm.kafka.TelemetryConsumer    : ALARM: [CRITICAL] 地形碰撞 | 地形碰撞风险 | drone=null | pos=(39.88130642543538,116.36481628375047)
2026-06-13T01:25:28.254+08:00  WARN 35828 --- [uav-alarm-engine] [ntainer#0-0-C-1] com.uav.alarm.kafka.TelemetryConsumer    : ALARM: [CRITICAL] 地形碰撞 | 地形碰撞风险 | drone=null | pos=(39.89095162630267,116.03004037143627)
2026-06-13T01:25:28.266+08:00  WARN 35828 --- [uav-alarm-engine] [ntainer#0-0-C-1] com.uav.alarm.kafka.TelemetryConsumer    : ALARM: [CRITICAL] 地形碰撞 | 地形碰撞风险 | drone=null | pos=(39.86631584090287,116.37347648923225)
2026-06-13T01:25:28.278+08:00  WARN 35828 --- [uav-alarm-engine] [ntainer#0-0-C-1] com.uav.alarm.kafka.TelemetryConsumer    : ALARM: [CRITICAL] 地形碰撞 | 地形碰撞风险 | drone=null | pos=(39.91384243983837,116.38770634599065)
2026-06-13T01:25:28.290+08:00  WARN 35828 --- [uav-alarm-engine] [ntainer#0-0-C-1] com.uav.alarm.kafka.TelemetryConsumer    : ALARM: [CRITICAL] 地形碰撞 | 地形碰撞风险 | drone=null | pos=(40.08869817526391,116.69447048800049)
2026-06-13T01:25:28.302+08:00  WARN 35828 --- [uav-alarm-engine] [ntainer#0-0-C-1] com.uav.alarm.kafka.TelemetryConsumer    : ALARM: [CRITICAL] 地形碰撞 | 地形碰撞风险 | drone=null | pos=(39.801388050549406,116.68021165264378)
2026-06-13T01:25:28.315+08:00  WARN 35828 --- [uav-alarm-engine] [ntainer#0-0-C-1] com.uav.alarm.kafka.TelemetryConsumer    : ALARM: [CRITICAL] 地形碰撞 | 地形碰撞风险 | drone=null | pos=(39.87562000746712,116.75628526791841)
2026-06-13T01:25:28.327+08:00  WARN 35828 --- [uav-alarm-engine] [ntainer#0-0-C-1] com.uav.alarm.kafka.TelemetryConsumer    : ALARM: [CRITICAL] 地形碰撞 | 地形碰撞风险 | drone=null | pos=(40.08742768172496,116.45582932977058)
2026-06-13T01:25:28.341+08:00  WARN 35828 --- [uav-alarm-engine] [ntainer#0-0-C-1] com.uav.alarm.kafka.TelemetryConsumer    : ALARM: [CRITICAL] 地形碰撞 | 地形碰撞风险 | drone=null | pos=(39.925585421225726,116.37839963511279)
2026-06-13T01:25:28.353+08:00  WARN 35828 --- [uav-alarm-engine] [ntainer#0-0-C-1] com.uav.alarm.kafka.TelemetryConsumer    : ALARM: [CRITICAL] 地形碰撞 | 地形碰撞风险 | drone=null | pos=(39.56948241555816,116.35355693327749)
2026-06-13T01:25:28.365+08:00  WARN 35828 --- [uav-alarm-engine] [ntainer#0-0-C-1] com.uav.alarm.kafka.TelemetryConsumer    : ALARM: [CRITICAL] 地形碰撞 | 地形碰撞风险 | drone=null | pos=(39.887252603857,116.33586143651507)
2026-06-13T01:25:28.377+08:00  WARN 35828 --- [uav-alarm-engine] [ntainer#0-0-C-1] com.uav.alarm.kafka.TelemetryConsumer    : ALARM: [CRITICAL] 地形碰撞 | 地形碰撞风险 | drone=null | pos=(39.870039076176774,116.35745300384522)
2026-06-13T01:25:28.390+08:00  WARN 35828 --- [uav-alarm-engine] [ntainer#0-0-C-1] com.uav.alarm.kafka.TelemetryConsumer    : ALARM: [CRITICAL] 地形碰撞 | 地形碰撞风险 | drone=null | pos=(39.60905556725186,116.6647844933059)
2026-06-13T01:25:28.402+08:00  WARN 35828 --- [uav-alarm-engine] [ntainer#0-0-C-1] com.uav.alarm.kafka.TelemetryConsumer    : ALARM: [CRITICAL] 地形碰撞 | 地形碰撞风险 | drone=null | pos=(39.96751759489495,116.37708213668036)
2026-06-13T01:25:28.415+08:00  WARN 35828 --- [uav-alarm-engine] [ntainer#0-0-C-1] com.uav.alarm.kafka.TelemetryConsumer    : ALARM: [CRITICAL] 地形碰撞 | 地形碰撞风险 | drone=null | pos=(39.81011345989279,115.95879273337347)
2026-06-13T01:25:28.427+08:00  WARN 35828 --- [uav-alarm-engine] [ntainer#0-0-C-1] com.uav.alarm.kafka.TelemetryConsumer    : ALARM: [CRITICAL] 地形碰撞 | 地形碰撞风险 | drone=null | pos=(40.08120024118348,116.50520688111557)
2026-06-13T01:25:28.440+08:00  WARN 35828 --- [uav-alarm-engine] [ntainer#0-0-C-1] com.uav.alarm.kafka.TelemetryConsumer    : ALARM: [CRITICAL] 地形碰撞 | 地形碰撞风险 | drone=null | pos=(40.18451841629974,116.22585944902285)
2026-06-13T01:25:28.453+08:00  WARN 35828 --- [uav-alarm-engine] [ntainer#0-0-C-1] com.uav.alarm.kafka.TelemetryConsumer    : ALARM: [CRITICAL] 地形碰撞 | 地形碰撞风险 | drone=null | pos=(39.904223943644354,116.40805738888662)
2026-06-13T01:25:28.467+08:00  WARN 35828 --- [uav-alarm-engine] [ntainer#0-0-C-1] com.uav.alarm.kafka.TelemetryConsumer    : ALARM: [CRITICAL] 地形碰撞 | 地形碰撞风险 | drone=null | pos=(39.707112549576244,116.57219361556162)
2026-06-13T01:25:28.477+08:00  WARN 35828 --- [uav-alarm-engine] [ntainer#0-0-C-1] com.uav.alarm.kafka.TelemetryConsumer    : ALARM: [CRITICAL] 地形碰撞 | 地形碰撞风险 | drone=null | pos=(39.89610931774666,116.40809890464476)
2026-06-13T01:25:28.490+08:00  WARN 35828 --- [uav-alarm-engine] [ntainer#0-0-C-1] com.uav.alarm.kafka.TelemetryConsumer    : ALARM: [CRITICAL] 地形碰撞 | 地形碰撞风险 | drone=null | pos=(39.796363868542,116.03407514648819)
2026-06-13T01:25:28.502+08:00  WARN 35828 --- [uav-alarm-engine] [ntainer#0-0-C-1] com.uav.alarm.kafka.TelemetryConsumer    : ALARM: [CRITICAL] 地形碰撞 | 地形碰撞风险 | drone=null | pos=(40.0736401265684,116.55899856779556)
2026-06-13T01:25:28.514+08:00  WARN 35828 --- [uav-alarm-engine] [ntainer#0-0-C-1] com.uav.alarm.kafka.TelemetryConsumer    : ALARM: [CRITICAL] 地形碰撞 | 地形碰撞风险 | drone=null | pos=(39.57417680599531,116.40078371948958)
2026-06-13T01:25:28.526+08:00  WARN 35828 --- [uav-alarm-engine] [ntainer#0-0-C-1] com.uav.alarm.kafka.TelemetryConsumer    : ALARM: [CRITICAL] 地形碰撞 | 地形碰撞风险 | drone=null | pos=(39.96126718714398,116.53994284824205)
2026-06-13T01:25:28.538+08:00  WARN 35828 --- [uav-alarm-engine] [ntainer#0-0-C-1] com.uav.alarm.kafka.TelemetryConsumer    : ALARM: [CRITICAL] 地形碰撞 | 地形碰撞风险 | drone=null | pos=(39.86865773141813,116.43749295594499)
2026-06-13T01:25:28.550+08:00  WARN 35828 --- [uav-alarm-engine] [ntainer#0-0-C-1] com.uav.alarm.kafka.TelemetryConsumer    : ALARM: [CRITICAL] 地形碰撞 | 地形碰撞风险 | drone=null | pos=(39.90153088485218,116.39621782451518)
2026-06-13T01:25:28.563+08:00  WARN 35828 --- [uav-alarm-engine] [ntainer#0-0-C-1] com.uav.alarm.kafka.TelemetryConsumer    : ALARM: [CRITICAL] 地形碰撞 | 地形碰撞风险 | drone=null | pos=(40.011982857539614,116.47327786834211)
2026-06-13T01:25:28.575+08:00  WARN 35828 --- [uav-alarm-engine] [ntainer#0-0-C-1] com.uav.alarm.kafka.TelemetryConsumer    : ALARM: [CRITICAL] 地形碰撞 | 地形碰撞风险 | drone=null | pos=(39.859941243510164,116.50452733277913)
2026-06-13T01:25:28.587+08:00  WARN 35828 --- [uav-alarm-engine] [ntainer#0-0-C-1] com.uav.alarm.kafka.TelemetryConsumer    : ALARM: [CRITICAL] 地形碰撞 | 地形碰撞风险 | drone=null | pos=(40.082806657366845,116.44930217770622)
2026-06-13T01:25:28.599+08:00  WARN 35828 --- [uav-alarm-engine] [ntainer#0-0-C-1] com.uav.alarm.kafka.TelemetryConsumer    : ALARM: [CRITICAL] 地形碰撞 | 地形碰撞风险 | drone=null | pos=(39.573585967462,116.25521404327716)
2026-06-13T01:25:28.612+08:00  WARN 35828 --- [uav-alarm-engine] [ntainer#0-0-C-1] com.uav.alarm.kafka.TelemetryConsumer    : ALARM: [CRITICAL] 地形碰撞 | 地形碰撞风险 | drone=null | pos=(39.92082303668399,116.41325530499255)
2026-06-13T01:25:28.624+08:00  WARN 35828 --- [uav-alarm-engine] [ntainer#0-0-C-1] com.uav.alarm.kafka.TelemetryConsumer    : ALARM: [CRITICAL] 地形碰撞 | 地形碰撞风险 | drone=null | pos=(39.93797265683507,116.29574287827677)
2026-06-13T01:25:28.636+08:00  WARN 35828 --- [uav-alarm-engine] [ntainer#0-0-C-1] com.uav.alarm.kafka.TelemetryConsumer    : ALARM: [CRITICAL] 地形碰撞 | 地形碰撞风险 | drone=null | pos=(39.91840309432396,116.42224851705791)
2026-06-13T01:25:28.648+08:00  WARN 35828 --- [uav-alarm-engine] [ntainer#0-0-C-1] com.uav.alarm.kafka.TelemetryConsumer    : ALARM: [CRITICAL] 地形碰撞 | 地形碰撞风险 | drone=null | pos=(39.901749298872616,116.41269962253885)
2026-06-13T01:25:28.661+08:00  WARN 35828 --- [uav-alarm-engine] [ntainer#0-0-C-1] com.uav.alarm.kafka.TelemetryConsumer    : ALARM: [CRITICAL] 地形碰撞 | 地形碰撞风险 | drone=null | pos=(39.86140523481541,116.42678026533503)
2026-06-13T01:25:28.673+08:00  WARN 35828 --- [uav-alarm-engine] [ntainer#0-0-C-1] com.uav.alarm.kafka.TelemetryConsumer    : ALARM: [CRITICAL] 地形碰撞 | 地形碰撞风险 | drone=null | pos=(39.99419035323909,116.4952067399293)
2026-06-13T01:25:28.685+08:00  WARN 35828 --- [uav-alarm-engine] [ntainer#0-0-C-1] com.uav.alarm.kafka.TelemetryConsumer    : ALARM: [CRITICAL] 地形碰撞 | 地形碰撞风险 | drone=null | pos=(39.73235379603723,116.7204273351162)
2026-06-13T01:25:28.697+08:00  WARN 35828 --- [uav-alarm-engine] [ntainer#0-0-C-1] com.uav.alarm.kafka.TelemetryConsumer    : ALARM: [CRITICAL] 地形碰撞 | 地形碰撞风险 | drone=null | pos=(39.97785298367232,116.29437863225499)
2026-06-13T01:25:28.734+08:00  WARN 35828 --- [uav-alarm-engine] [ntainer#0-0-C-1] com.uav.alarm.kafka.TelemetryConsumer    : ALARM: [CRITICAL] 地形碰撞 | 地形碰撞风险 | drone=null | pos=(40.060978786985366,116.364575415597)
2026-06-13T01:25:28.747+08:00  WARN 35828 --- [uav-alarm-engine] [ntainer#0-0-C-1] com.uav.alarm.kafka.TelemetryConsumer    : ALARM: [CRITICAL] 地形碰撞 | 地形碰撞风险 | drone=null | pos=(39.97995155932979,116.49248896215026)
2026-06-13T01:25:28.759+08:00  WARN 35828 --- [uav-alarm-engine] [ntainer#0-0-C-1] com.uav.alarm.kafka.TelemetryConsumer    : ALARM: [CRITICAL] 地形碰撞 | 地形碰撞风险 | drone=null | pos=(40.14732841373541,116.37968707778712)
2026-06-13T01:25:28.772+08:00  WARN 35828 --- [uav-alarm-engine] [ntainer#0-0-C-1] com.uav.alarm.kafka.TelemetryConsumer    : ALARM: [CRITICAL] 地形碰撞 | 地形碰撞风险 | drone=null | pos=(39.74569177377611,116.35710814117023)
2026-06-13T01:25:28.783+08:00  WARN 35828 --- [uav-alarm-engine] [ntainer#0-0-C-1] com.uav.alarm.kafka.TelemetryConsumer    : ALARM: [CRITICAL] 地形碰撞 | 地形碰撞风险 | drone=null | pos=(39.783661900283604,116.62265627418807)
2026-06-13T01:25:28.796+08:00  WARN 35828 --- [uav-alarm-engine] [ntainer#0-0-C-1] com.uav.alarm.kafka.TelemetryConsumer    : ALARM: [CRITICAL] 地形碰撞 | 地形碰撞风险 | drone=null | pos=(40.06137164150039,115.98706527827646)
2026-06-13T01:25:28.808+08:00  WARN 35828 --- [uav-alarm-engine] [ntainer#0-0-C-1] com.uav.alarm.kafka.TelemetryConsumer    : ALARM: [CRITICAL] 地形碰撞 | 地形碰撞风险 | drone=null | pos=(39.77669577963558,116.30558584487711)
2026-06-13T01:25:28.820+08:00  WARN 35828 --- [uav-alarm-engine] [ntainer#0-0-C-1] com.uav.alarm.kafka.TelemetryConsumer    : ALARM: [CRITICAL] 地形碰撞 | 地形碰撞风险 | drone=null | pos=(39.978502953540875,116.6351725681839)
2026-06-13T01:25:28.832+08:00  WARN 35828 --- [uav-alarm-engine] [ntainer#0-0-C-1] com.uav.alarm.kafka.TelemetryConsumer    : ALARM: [CRITICAL] 地形碰撞 | 地形碰撞风险 | drone=null | pos=(39.86173276992963,116.47958706588444)
2026-06-13T01:25:28.844+08:00  WARN 35828 --- [uav-alarm-engine] [ntainer#0-0-C-1] com.uav.alarm.kafka.TelemetryConsumer    : ALARM: [CRITICAL] 地形碰撞 | 地形碰撞风险 | drone=null | pos=(40.03437563166301,116.76480422647641)
2026-06-13T01:25:28.857+08:00  WARN 35828 --- [uav-alarm-engine] [ntainer#0-0-C-1] com.uav.alarm.kafka.TelemetryConsumer    : ALARM: [CRITICAL] 地形碰撞 | 地形碰撞风险 | drone=null | pos=(40.13062193534543,116.63308938098257)
2026-06-13T01:25:28.871+08:00  WARN 35828 --- [uav-alarm-engine] [ntainer#0-0-C-1] com.uav.alarm.kafka.TelemetryConsumer    : ALARM: [CRITICAL] 地形碰撞 | 地形碰撞风险 | drone=null | pos=(39.96352783898297,116.27281184577713)
2026-06-13T01:25:28.883+08:00  WARN 35828 --- [uav-alarm-engine] [ntainer#0-0-C-1] com.uav.alarm.kafka.TelemetryConsumer    : ALARM: [CRITICAL] 地形碰撞 | 地形碰撞风险 | drone=null | pos=(40.151340609786004,116.16418206634246)
2026-06-13T01:25:28.896+08:00  WARN 35828 --- [uav-alarm-engine] [ntainer#0-0-C-1] com.uav.alarm.kafka.TelemetryConsumer    : ALARM: [CRITICAL] 地形碰撞 | 地形碰撞风险 | drone=null | pos=(40.05410682383238,116.51123360120516)
2026-06-13T01:25:28.908+08:00  WARN 35828 --- [uav-alarm-engine] [ntainer#0-0-C-1] com.uav.alarm.kafka.TelemetryConsumer    : ALARM: [CRITICAL] 地形碰撞 | 地形碰撞风险 | drone=null | pos=(39.977409407862936,116.34615229643258)
2026-06-13T01:25:28.921+08:00  WARN 35828 --- [uav-alarm-engine] [ntainer#0-0-C-1] com.uav.alarm.kafka.TelemetryConsumer    : ALARM: [CRITICAL] 地形碰撞 | 地形碰撞风险 | drone=null | pos=(40.07327870393394,116.22250082698221)
2026-06-13T01:25:28.933+08:00  WARN 35828 --- [uav-alarm-engine] [ntainer#0-0-C-1] com.uav.alarm.kafka.TelemetryConsumer    : ALARM: [CRITICAL] 地形碰撞 | 地形碰撞风险 | drone=null | pos=(39.81350193357456,116.49929999118912)
2026-06-13T01:25:28.946+08:00  WARN 35828 --- [uav-alarm-engine] [ntainer#0-0-C-1] com.uav.alarm.kafka.TelemetryConsumer    : ALARM: [CRITICAL] 地形碰撞 | 地形碰撞风险 | drone=null | pos=(39.80137117009269,116.63950128626057)
2026-06-13T01:25:28.959+08:00  WARN 35828 --- [uav-alarm-engine] [ntainer#0-0-C-1] com.uav.alarm.kafka.TelemetryConsumer    : ALARM: [CRITICAL] 地形碰撞 | 地形碰撞风险 | drone=null | pos=(39.77990353519859,116.6003451533198)
2026-06-13T01:25:28.972+08:00  WARN 35828 --- [uav-alarm-engine] [ntainer#0-0-C-1] com.uav.alarm.kafka.TelemetryConsumer    : ALARM: [CRITICAL] 地形碰撞 | 地形碰撞风险 | drone=null | pos=(40.02479612299858,116.35831213917014)
2026-06-13T01:25:28.985+08:00  WARN 35828 --- [uav-alarm-engine] [ntainer#0-0-C-1] com.uav.alarm.kafka.TelemetryConsumer    : ALARM: [CRITICAL] 地形碰撞 | 地形碰撞风险 | drone=null | pos=(39.9983197124599,116.05207371463304)
2026-06-13T01:25:28.997+08:00  WARN 35828 --- [uav-alarm-engine] [ntainer#0-0-C-1] com.uav.alarm.kafka.TelemetryConsumer    : ALARM: [CRITICAL] 地形碰撞 | 地形碰撞风险 | drone=null | pos=(40.101453253150176,116.63802744459167)
2026-06-13T01:25:29.009+08:00  WARN 35828 --- [uav-alarm-engine] [ntainer#0-0-C-1] com.uav.alarm.kafka.TelemetryConsumer    : ALARM: [CRITICAL] 地形碰撞 | 地形碰撞风险 | drone=null | pos=(39.89173448618507,116.26741914338844)
2026-06-13T01:25:29.021+08:00  WARN 35828 --- [uav-alarm-engine] [ntainer#0-0-C-1] com.uav.alarm.kafka.TelemetryConsumer    : ALARM: [CRITICAL] 地形碰撞 | 地形碰撞风险 | drone=null | pos=(39.67525705571367,116.60606459926905)
2026-06-13T01:25:29.034+08:00  WARN 35828 --- [uav-alarm-engine] [ntainer#0-0-C-1] com.uav.alarm.kafka.TelemetryConsumer    : ALARM: [CRITICAL] 地形碰撞 | 地形碰撞风险 | drone=null | pos=(39.912720583964145,116.38581867779547)
2026-06-13T01:25:29.046+08:00  WARN 35828 --- [uav-alarm-engine] [ntainer#0-0-C-1] com.uav.alarm.kafka.TelemetryConsumer    : ALARM: [CRITICAL] 地形碰撞 | 地形碰撞风险 | drone=null | pos=(39.90426744823854,116.42111266207276)
2026-06-13T01:25:29.058+08:00  WARN 35828 --- [uav-alarm-engine] [ntainer#0-0-C-1] com.uav.alarm.kafka.TelemetryConsumer    : ALARM: [CRITICAL] 地形碰撞 | 地形碰撞风险 | drone=null | pos=(39.78573279622581,116.33312532807342)
2026-06-13T01:25:29.070+08:00  WARN 35828 --- [uav-alarm-engine] [ntainer#0-0-C-1] com.uav.alarm.kafka.TelemetryConsumer    : ALARM: [CRITICAL] 地形碰撞 | 地形碰撞风险 | drone=null | pos=(40.036120998668636,116.50269886023392)
2026-06-13T01:25:29.083+08:00  WARN 35828 --- [uav-alarm-engine] [ntainer#0-0-C-1] com.uav.alarm.kafka.TelemetryConsumer    : ALARM: [CRITICAL] 地形碰撞 | 地形碰撞风险 | drone=null | pos=(39.78097580789316,116.38960618492803)
2026-06-13T01:25:29.095+08:00  WARN 35828 --- [uav-alarm-engine] [ntainer#0-0-C-1] com.uav.alarm.kafka.TelemetryConsumer    : ALARM: [CRITICAL] 地形碰撞 | 地形碰撞风险 | drone=null | pos=(39.718165362206285,116.21248488159297)
2026-06-13T01:25:29.107+08:00  WARN 35828 --- [uav-alarm-engine] [ntainer#0-0-C-1] com.uav.alarm.kafka.TelemetryConsumer    : ALARM: [CRITICAL] 地形碰撞 | 地形碰撞风险 | drone=null | pos=(39.89912308178489,116.36389899965387)
2026-06-13T01:25:29.120+08:00  WARN 35828 --- [uav-alarm-engine] [ntainer#0-0-C-1] com.uav.alarm.kafka.TelemetryConsumer    : ALARM: [CRITICAL] 地形碰撞 | 地形碰撞风险 | drone=null | pos=(39.9825682116256,116.65120485598042)
2026-06-13T01:25:29.133+08:00  WARN 35828 --- [uav-alarm-engine] [ntainer#0-0-C-1] com.uav.alarm.kafka.TelemetryConsumer    : ALARM: [CRITICAL] 地形碰撞 | 地形碰撞风险 | drone=null | pos=(39.99500273601458,116.17488717670935)
2026-06-13T01:25:29.144+08:00  WARN 35828 --- [uav-alarm-engine] [ntainer#0-0-C-1] com.uav.alarm.kafka.TelemetryConsumer    : ALARM: [CRITICAL] 地形碰撞 | 地形碰撞风险 | drone=null | pos=(40.128380933974604,116.54146257804703)
2026-06-13T01:25:29.157+08:00  WARN 35828 --- [uav-alarm-engine] [ntainer#0-0-C-1] com.uav.alarm.kafka.TelemetryConsumer    : ALARM: [CRITICAL] 地形碰撞 | 地形碰撞风险 | drone=null | pos=(39.7839235764128,116.16711094951441)
2026-06-13T01:25:29.169+08:00  WARN 35828 --- [uav-alarm-engine] [ntainer#0-0-C-1] com.uav.alarm.kafka.TelemetryConsumer    : ALARM: [CRITICAL] 地形碰撞 | 地形碰撞风险 | drone=null | pos=(40.0357253736548,116.21459204627028)
2026-06-13T01:25:29.182+08:00  WARN 35828 --- [uav-alarm-engine] [ntainer#0-0-C-1] com.uav.alarm.kafka.TelemetryConsumer    : ALARM: [CRITICAL] 地形碰撞 | 地形碰撞风险 | drone=null | pos=(39.79233901025334,116.00921630577581)
2026-06-13T01:25:29.195+08:00  WARN 35828 --- [uav-alarm-engine] [ntainer#0-0-C-1] com.uav.alarm.kafka.TelemetryConsumer    : ALARM: [CRITICAL] 地形碰撞 | 地形碰撞风险 | drone=null | pos=(39.64839178647555,116.49275438350465)
2026-06-13T01:25:29.206+08:00  WARN 35828 --- [uav-alarm-engine] [ntainer#0-0-C-1] com.uav.alarm.kafka.TelemetryConsumer    : ALARM: [CRITICAL] 地形碰撞 | 地形碰撞风险 | drone=null | pos=(39.782513843335536,116.30728742081486)
2026-06-13T01:25:29.218+08:00  WARN 35828 --- [uav-alarm-engine] [ntainer#0-0-C-1] com.uav.alarm.kafka.TelemetryConsumer    : ALARM: [CRITICAL] 地形碰撞 | 地形碰撞风险 | drone=null | pos=(39.92443660769205,116.06071712616621)
2026-06-13T01:25:29.230+08:00  WARN 35828 --- [uav-alarm-engine] [ntainer#0-0-C-1] com.uav.alarm.kafka.TelemetryConsumer    : ALARM: [CRITICAL] 地形碰撞 | 地形碰撞风险 | drone=null | pos=(39.9575165672711,116.36589125322098)
2026-06-13T01:25:29.243+08:00  WARN 35828 --- [uav-alarm-engine] [ntainer#0-0-C-1] com.uav.alarm.kafka.TelemetryConsumer    : ALARM: [CRITICAL] 地形碰撞 | 地形碰撞风险 | drone=null | pos=(39.90062204125544,116.09758929354062)
2026-06-13T01:25:29.254+08:00  WARN 35828 --- [uav-alarm-engine] [ntainer#0-0-C-1] com.uav.alarm.kafka.TelemetryConsumer    : ALARM: [CRITICAL] 地形碰撞 | 地形碰撞风险 | drone=null | pos=(39.87241265082762,116.20125051859432)
2026-06-13T01:25:29.266+08:00  WARN 35828 --- [uav-alarm-engine] [ntainer#0-0-C-1] com.uav.alarm.kafka.TelemetryConsumer    : ALARM: [CRITICAL] 地形碰撞 | 地形碰撞风险 | drone=null | pos=(39.90466830065309,116.12318750518257)
2026-06-13T01:25:29.278+08:00  WARN 35828 --- [uav-alarm-engine] [ntainer#0-0-C-1] com.uav.alarm.kafka.TelemetryConsumer    : ALARM: [CRITICAL] 地形碰撞 | 地形碰撞风险 | drone=null | pos=(39.775371121314365,116.28541345305975)
2026-06-13T01:25:29.290+08:00  WARN 35828 --- [uav-alarm-engine] [ntainer#0-0-C-1] com.uav.alarm.kafka.TelemetryConsumer    : ALARM: [CRITICAL] 地形碰撞 | 地形碰撞风险 | drone=null | pos=(39.7384361239327,116.57206249286551)
2026-06-13T01:25:29.302+08:00  WARN 35828 --- [uav-alarm-engine] [ntainer#0-0-C-1] com.uav.alarm.kafka.TelemetryConsumer    : ALARM: [CRITICAL] 地形碰撞 | 地形碰撞风险 | drone=null | pos=(39.85198481262736,116.42549570015932)
2026-06-13T01:25:29.315+08:00  WARN 35828 --- [uav-alarm-engine] [ntainer#0-0-C-1] com.uav.alarm.kafka.TelemetryConsumer    : ALARM: [CRITICAL] 地形碰撞 | 地形碰撞风险 | drone=null | pos=(39.91622041041104,116.47235239578474)
2026-06-13T01:25:29.326+08:00  WARN 35828 --- [uav-alarm-engine] [ntainer#0-0-C-1] com.uav.alarm.kafka.TelemetryConsumer    : ALARM: [CRITICAL] 地形碰撞 | 地形碰撞风险 | drone=null | pos=(39.86878077391561,116.0678411240229)
2026-06-13T01:25:29.339+08:00  WARN 35828 --- [uav-alarm-engine] [ntainer#0-0-C-1] com.uav.alarm.kafka.TelemetryConsumer    : ALARM: [CRITICAL] 地形碰撞 | 地形碰撞风险 | drone=null | pos=(39.839388911380105,116.17130119515146)
2026-06-13T01:25:29.351+08:00  WARN 35828 --- [uav-alarm-engine] [ntainer#0-0-C-1] com.uav.alarm.kafka.TelemetryConsumer    : ALARM: [CRITICAL] 地形碰撞 | 地形碰撞风险 | drone=null | pos=(39.922358213645914,116.71504459726256)
2026-06-13T01:25:29.364+08:00  WARN 35828 --- [uav-alarm-engine] [ntainer#0-0-C-1] com.uav.alarm.kafka.TelemetryConsumer    : ALARM: [CRITICAL] 地形碰撞 | 地形碰撞风险 | drone=null | pos=(39.93367402411433,116.22611910949362)
2026-06-13T01:25:29.376+08:00  WARN 35828 --- [uav-alarm-engine] [ntainer#0-0-C-1] com.uav.alarm.kafka.TelemetryConsumer    : ALARM: [CRITICAL] 地形碰撞 | 地形碰撞风险 | drone=null | pos=(39.90541356821,116.41072756403787)
2026-06-13T01:25:29.389+08:00  WARN 35828 --- [uav-alarm-engine] [ntainer#0-0-C-1] com.uav.alarm.kafka.TelemetryConsumer    : ALARM: [CRITICAL] 地形碰撞 | 地形碰撞风险 | drone=null | pos=(40.13773966425973,116.40848499924296)
2026-06-13T01:25:29.401+08:00  WARN 35828 --- [uav-alarm-engine] [ntainer#0-0-C-1] com.uav.alarm.kafka.TelemetryConsumer    : ALARM: [CRITICAL] 地形碰撞 | 地形碰撞风险 | drone=null | pos=(39.912958919306526,116.28105785967195)
2026-06-13T01:25:29.414+08:00  WARN 35828 --- [uav-alarm-engine] [ntainer#0-0-C-1] com.uav.alarm.kafka.TelemetryConsumer    : ALARM: [CRITICAL] 地形碰撞 | 地形碰撞风险 | drone=null | pos=(40.09724294638561,116.38432789576528)
2026-06-13T01:25:29.426+08:00  WARN 35828 --- [uav-alarm-engine] [ntainer#0-0-C-1] com.uav.alarm.kafka.TelemetryConsumer    : ALARM: [CRITICAL] 地形碰撞 | 地形碰撞风险 | drone=null | pos=(39.72732065112611,116.45055117767387)
2026-06-13T01:25:29.438+08:00  WARN 35828 --- [uav-alarm-engine] [ntainer#0-0-C-1] com.uav.alarm.kafka.TelemetryConsumer    : ALARM: [CRITICAL] 地形碰撞 | 地形碰撞风险 | drone=null | pos=(39.92052222302872,116.33458611382567)
2026-06-13T01:25:29.451+08:00  WARN 35828 --- [uav-alarm-engine] [ntainer#0-0-C-1] com.uav.alarm.kafka.TelemetryConsumer    : ALARM: [CRITICAL] 地形碰撞 | 地形碰撞风险 | drone=null | pos=(39.93553762049378,115.97326100446702)
2026-06-13T01:25:29.462+08:00  WARN 35828 --- [uav-alarm-engine] [ntainer#0-0-C-1] com.uav.alarm.kafka.TelemetryConsumer    : ALARM: [CRITICAL] 地形碰撞 | 地形碰撞风险 | drone=null | pos=(39.919703865683495,116.40506955988829)
2026-06-13T01:25:29.475+08:00  WARN 35828 --- [uav-alarm-engine] [ntainer#0-0-C-1] com.uav.alarm.kafka.TelemetryConsumer    : ALARM: [CRITICAL] 地形碰撞 | 地形碰撞风险 | drone=null | pos=(40.177038866177504,116.64209366032698)
2026-06-13T01:25:29.487+08:00  WARN 35828 --- [uav-alarm-engine] [ntainer#0-0-C-1] com.uav.alarm.kafka.TelemetryConsumer    : ALARM: [CRITICAL] 地形碰撞 | 地形碰撞风险 | drone=null | pos=(39.76161185251524,116.55633043040369)
2026-06-13T01:25:29.499+08:00  WARN 35828 --- [uav-alarm-engine] [ntainer#0-0-C-1] com.uav.alarm.kafka.TelemetryConsumer    : ALARM: [CRITICAL] 地形碰撞 | 地形碰撞风险 | drone=null | pos=(39.89952064479649,116.26529305352965)
2026-06-13T01:25:29.511+08:00  WARN 35828 --- [uav-alarm-engine] [ntainer#0-0-C-1] com.uav.alarm.kafka.TelemetryConsumer    : ALARM: [CRITICAL] 地形碰撞 | 地形碰撞风险 | drone=null | pos=(39.90558007478047,116.4158556374082)
2026-06-13T01:25:29.524+08:00  WARN 35828 --- [uav-alarm-engine] [ntainer#0-0-C-1] com.uav.alarm.kafka.TelemetryConsumer    : ALARM: [CRITICAL] 地形碰撞 | 地形碰撞风险 | drone=null | pos=(39.81025679629677,116.31956618088653)
2026-06-13T01:25:29.536+08:00  WARN 35828 --- [uav-alarm-engine] [ntainer#0-0-C-1] com.uav.alarm.kafka.TelemetryConsumer    : ALARM: [CRITICAL] 地形碰撞 | 地形碰撞风险 | drone=null | pos=(39.795233310414,116.62358185850803)
2026-06-13T01:25:29.549+08:00  WARN 35828 --- [uav-alarm-engine] [ntainer#0-0-C-1] com.uav.alarm.kafka.TelemetryConsumer    : ALARM: [CRITICAL] 地形碰撞 | 地形碰撞风险 | drone=null | pos=(39.67922834746655,116.29094235385344)
2026-06-13T01:25:29.560+08:00  WARN 35828 --- [uav-alarm-engine] [ntainer#0-0-C-1] com.uav.alarm.kafka.TelemetryConsumer    : ALARM: [CRITICAL] 地形碰撞 | 地形碰撞风险 | drone=null | pos=(39.99869101444465,116.1526049538091)
2026-06-13T01:25:29.574+08:00  WARN 35828 --- [uav-alarm-engine] [ntainer#0-0-C-1] com.uav.alarm.kafka.TelemetryConsumer    : ALARM: [CRITICAL] 地形碰撞 | 地形碰撞风险 | drone=null | pos=(39.934323734396244,116.14324611165257)
2026-06-13T01:25:29.587+08:00  WARN 35828 --- [uav-alarm-engine] [ntainer#0-0-C-1] com.uav.alarm.kafka.TelemetryConsumer    : ALARM: [CRITICAL] 地形碰撞 | 地形碰撞风险 | drone=null | pos=(39.90105363041001,116.5230163289894)
2026-06-13T01:25:29.600+08:00  WARN 35828 --- [uav-alarm-engine] [ntainer#0-0-C-1] com.uav.alarm.kafka.TelemetryConsumer    : ALARM: [CRITICAL] 地形碰撞 | 地形碰撞风险 | drone=null | pos=(39.84505212865045,116.6921540931341)
2026-06-13T01:25:29.613+08:00  WARN 35828 --- [uav-alarm-engine] [ntainer#0-0-C-1] com.uav.alarm.kafka.TelemetryConsumer    : ALARM: [CRITICAL] 地形碰撞 | 地形碰撞风险 | drone=null | pos=(39.594185670240364,116.64129077195385)
2026-06-13T01:25:29.627+08:00  WARN 35828 --- [uav-alarm-engine] [ntainer#0-0-C-1] com.uav.alarm.kafka.TelemetryConsumer    : ALARM: [CRITICAL] 地形碰撞 | 地形碰撞风险 | drone=null | pos=(40.18678707873421,116.62935047346677)
2026-06-13T01:25:29.638+08:00  WARN 35828 --- [uav-alarm-engine] [ntainer#0-0-C-1] com.uav.alarm.kafka.TelemetryConsumer    : ALARM: [CRITICAL] 地形碰撞 | 地形碰撞风险 | drone=null | pos=(39.776359303069505,116.57540590494708)
2026-06-13T01:25:29.651+08:00  WARN 35828 --- [uav-alarm-engine] [ntainer#0-0-C-1] com.uav.alarm.kafka.TelemetryConsumer    : ALARM: [CRITICAL] 地形碰撞 | 地形碰撞风险 | drone=null | pos=(39.952321503323475,116.44932826947857)
2026-06-13T01:25:29.662+08:00  WARN 35828 --- [uav-alarm-engine] [ntainer#0-0-C-1] com.uav.alarm.kafka.TelemetryConsumer    : ALARM: [CRITICAL] 地形碰撞 | 地形碰撞风险 | drone=null | pos=(39.599490770410256,116.33204807639764)
2026-06-13T01:25:29.675+08:00  WARN 35828 --- [uav-alarm-engine] [ntainer#0-0-C-1] com.uav.alarm.kafka.TelemetryConsumer    : ALARM: [CRITICAL] 地形碰撞 | 地形碰撞风险 | drone=null | pos=(39.90705098945798,116.54434742315627)
2026-06-13T01:25:29.687+08:00  WARN 35828 --- [uav-alarm-engine] [ntainer#0-0-C-1] com.uav.alarm.kafka.TelemetryConsumer    : ALARM: [CRITICAL] 地形碰撞 | 地形碰撞风险 | drone=null | pos=(39.72601052767217,116.5769023524535)
2026-06-13T01:25:29.699+08:00  WARN 35828 --- [uav-alarm-engine] [ntainer#0-0-C-1] com.uav.alarm.kafka.TelemetryConsumer    : ALARM: [CRITICAL] 地形碰撞 | 地形碰撞风险 | drone=null | pos=(39.81940162357412,116.2920246040895)
2026-06-13T01:25:29.712+08:00  WARN 35828 --- [uav-alarm-engine] [ntainer#0-0-C-1] com.uav.alarm.kafka.TelemetryConsumer    : ALARM: [CRITICAL] 地形碰撞 | 地形碰撞风险 | drone=null | pos=(40.18693703869175,116.622837764308)
2026-06-13T01:25:29.725+08:00  WARN 35828 --- [uav-alarm-engine] [ntainer#0-0-C-1] com.uav.alarm.kafka.TelemetryConsumer    : ALARM: [CRITICAL] 地形碰撞 | 地形碰撞风险 | drone=null | pos=(40.09465116066593,116.61409849917489)
2026-06-13T01:25:29.737+08:00  WARN 35828 --- [uav-alarm-engine] [ntainer#0-0-C-1] com.uav.alarm.kafka.TelemetryConsumer    : ALARM: [CRITICAL] 地形碰撞 | 地形碰撞风险 | drone=null | pos=(39.837828359640895,116.7366565672866)
2026-06-13T01:25:29.748+08:00  WARN 35828 --- [uav-alarm-engine] [ntainer#0-0-C-1] com.uav.alarm.kafka.TelemetryConsumer    : ALARM: [CRITICAL] 地形碰撞 | 地形碰撞风险 | drone=null | pos=(39.76881019191394,116.3093392626669)
2026-06-13T01:25:29.760+08:00  WARN 35828 --- [uav-alarm-engine] [ntainer#0-0-C-1] com.uav.alarm.kafka.TelemetryConsumer    : ALARM: [CRITICAL] 地形碰撞 | 地形碰撞风险 | drone=null | pos=(39.872888569136315,116.18868183502322)
2026-06-13T01:25:29.772+08:00  WARN 35828 --- [uav-alarm-engine] [ntainer#0-0-C-1] com.uav.alarm.kafka.TelemetryConsumer    : ALARM: [CRITICAL] 地形碰撞 | 地形碰撞风险 | drone=null | pos=(39.659069026890265,116.64546269881113)
2026-06-13T01:25:29.785+08:00  WARN 35828 --- [uav-alarm-engine] [ntainer#0-0-C-1] com.uav.alarm.kafka.TelemetryConsumer    : ALARM: [CRITICAL] 地形碰撞 | 地形碰撞风险 | drone=null | pos=(39.8447515420364,116.27775449504017)
2026-06-13T01:25:29.797+08:00  WARN 35828 --- [uav-alarm-engine] [ntainer#0-0-C-1] com.uav.alarm.kafka.TelemetryConsumer    : ALARM: [CRITICAL] 地形碰撞 | 地形碰撞风险 | drone=null | pos=(39.77540300821474,116.35250247922349)
2026-06-13T01:25:29.822+08:00  WARN 35828 --- [uav-alarm-engine] [ntainer#0-0-C-1] com.uav.alarm.kafka.TelemetryConsumer    : ALARM: [CRITICAL] 地形碰撞 | 地形碰撞风险 | drone=null | pos=(40.06128248303816,116.11483549646948)
2026-06-13T01:25:29.834+08:00  WARN 35828 --- [uav-alarm-engine] [ntainer#0-0-C-1] com.uav.alarm.kafka.TelemetryConsumer    : ALARM: [CRITICAL] 地形碰撞 | 地形碰撞风险 | drone=null | pos=(40.055857388201765,116.37767893067942)
2026-06-13T01:25:29.846+08:00  WARN 35828 --- [uav-alarm-engine] [ntainer#0-0-C-1] com.uav.alarm.kafka.TelemetryConsumer    : ALARM: [CRITICAL] 地形碰撞 | 地形碰撞风险 | drone=null | pos=(40.10383580391225,116.63037184715502)
2026-06-13T01:25:29.858+08:00  WARN 35828 --- [uav-alarm-engine] [ntainer#0-0-C-1] com.uav.alarm.kafka.TelemetryConsumer    : ALARM: [CRITICAL] 地形碰撞 | 地形碰撞风险 | drone=null | pos=(40.14244149592909,116.3288032851296)
2026-06-13T01:25:29.870+08:00  WARN 35828 --- [uav-alarm-engine] [ntainer#0-0-C-1] com.uav.alarm.kafka.TelemetryConsumer    : ALARM: [CRITICAL] 地形碰撞 | 地形碰撞风险 | drone=null | pos=(40.12659642917825,116.23163444211413)
2026-06-13T01:25:29.882+08:00  WARN 35828 --- [uav-alarm-engine] [ntainer#0-0-C-1] com.uav.alarm.kafka.TelemetryConsumer    : ALARM: [CRITICAL] 地形碰撞 | 地形碰撞风险 | drone=null | pos=(39.948182470667,116.38848489021998)
2026-06-13T01:25:29.894+08:00  WARN 35828 --- [uav-alarm-engine] [ntainer#0-0-C-1] com.uav.alarm.kafka.TelemetryConsumer    : ALARM: [CRITICAL] 地形碰撞 | 地形碰撞风险 | drone=null | pos=(39.94179799257627,116.81006416060885)
2026-06-13T01:25:29.905+08:00  WARN 35828 --- [uav-alarm-engine] [ntainer#0-0-C-1] com.uav.alarm.kafka.TelemetryConsumer    : ALARM: [CRITICAL] 地形碰撞 | 地形碰撞风险 | drone=null | pos=(39.792351795502256,116.47072458551638)
2026-06-13T01:25:29.917+08:00  WARN 35828 --- [uav-alarm-engine] [ntainer#0-0-C-1] com.uav.alarm.kafka.TelemetryConsumer    : ALARM: [CRITICAL] 地形碰撞 | 地形碰撞风险 | drone=null | pos=(39.892772893507164,116.47473743477069)
2026-06-13T01:25:29.929+08:00  WARN 35828 --- [uav-alarm-engine] [ntainer#0-0-C-1] com.uav.alarm.kafka.TelemetryConsumer    : ALARM: [CRITICAL] 地形碰撞 | 地形碰撞风险 | drone=null | pos=(40.01874257628129,116.16220283784183)
2026-06-13T01:25:29.941+08:00  WARN 35828 --- [uav-alarm-engine] [ntainer#0-0-C-1] com.uav.alarm.kafka.TelemetryConsumer    : ALARM: [CRITICAL] 地形碰撞 | 地形碰撞风险 | drone=null | pos=(39.97605434110486,116.80179624841273)
2026-06-13T01:25:29.953+08:00  WARN 35828 --- [uav-alarm-engine] [ntainer#0-0-C-1] com.uav.alarm.kafka.TelemetryConsumer    : ALARM: [CRITICAL] 地形碰撞 | 地形碰撞风险 | drone=null | pos=(39.895099553993624,116.55307664074911)
2026-06-13T01:25:29.966+08:00  WARN 35828 --- [uav-alarm-engine] [ntainer#0-0-C-1] com.uav.alarm.kafka.TelemetryConsumer    : ALARM: [CRITICAL] 地形碰撞 | 地形碰撞风险 | drone=null | pos=(40.04341849325156,116.65612989009006)
2026-06-13T01:25:29.977+08:00  WARN 35828 --- [uav-alarm-engine] [ntainer#0-0-C-1] com.uav.alarm.kafka.TelemetryConsumer    : ALARM: [CRITICAL] 地形碰撞 | 地形碰撞风险 | drone=null | pos=(39.97964497049754,116.42505793809774)
2026-06-13T01:25:29.991+08:00  WARN 35828 --- [uav-alarm-engine] [ntainer#0-0-C-1] com.uav.alarm.kafka.TelemetryConsumer    : ALARM: [CRITICAL] 地形碰撞 | 地形碰撞风险 | drone=null | pos=(40.142992819574424,116.47019512647674)
2026-06-13T01:25:30.003+08:00  WARN 35828 --- [uav-alarm-engine] [ntainer#0-0-C-1] com.uav.alarm.kafka.TelemetryConsumer    : ALARM: [CRITICAL] 地形碰撞 | 地形碰撞风险 | drone=null | pos=(40.029208489781276,116.679299518179)
2026-06-13T01:25:30.014+08:00  WARN 35828 --- [uav-alarm-engine] [ntainer#0-0-C-1] com.uav.alarm.kafka.TelemetryConsumer    : ALARM: [CRITICAL] 地形碰撞 | 地形碰撞风险 | drone=null | pos=(39.907197139960694,116.09766517150511)
2026-06-13T01:25:30.024+08:00  WARN 35828 --- [uav-alarm-engine] [ntainer#0-0-C-1] com.uav.alarm.kafka.TelemetryConsumer    : ALARM: [CRITICAL] 地形碰撞 | 地形碰撞风险 | drone=null | pos=(39.87945329546889,116.49314353091827)
2026-06-13T01:25:30.037+08:00  WARN 35828 --- [uav-alarm-engine] [ntainer#0-0-C-1] com.uav.alarm.kafka.TelemetryConsumer    : ALARM: [CRITICAL] 地形碰撞 | 地形碰撞风险 | drone=null | pos=(39.721473422494654,116.19868162839602)
2026-06-13T01:25:30.050+08:00  WARN 35828 --- [uav-alarm-engine] [ntainer#0-0-C-1] com.uav.alarm.kafka.TelemetryConsumer    : ALARM: [CRITICAL] 地形碰撞 | 地形碰撞风险 | drone=null | pos=(39.69769420467417,116.72867520993294)
2026-06-13T01:25:30.063+08:00  WARN 35828 --- [uav-alarm-engine] [ntainer#0-0-C-1] com.uav.alarm.kafka.TelemetryConsumer    : ALARM: [CRITICAL] 地形碰撞 | 地形碰撞风险 | drone=null | pos=(39.962780731296746,116.82181001852592)
2026-06-13T01:25:30.075+08:00  WARN 35828 --- [uav-alarm-engine] [ntainer#0-0-C-1] com.uav.alarm.kafka.TelemetryConsumer    : ALARM: [CRITICAL] 地形碰撞 | 地形碰撞风险 | drone=null | pos=(39.953186046165854,116.5730544761536)
2026-06-13T01:25:30.087+08:00  WARN 35828 --- [uav-alarm-engine] [ntainer#0-0-C-1] com.uav.alarm.kafka.TelemetryConsumer    : ALARM: [CRITICAL] 地形碰撞 | 地形碰撞风险 | drone=null | pos=(40.2349153409864,116.22486701181641)
2026-06-13T01:25:30.099+08:00  WARN 35828 --- [uav-alarm-engine] [ntainer#0-0-C-1] com.uav.alarm.kafka.TelemetryConsumer    : ALARM: [CRITICAL] 地形碰撞 | 地形碰撞风险 | drone=null | pos=(40.023611168117256,116.41991113228396)
2026-06-13T01:25:30.111+08:00  WARN 35828 --- [uav-alarm-engine] [ntainer#0-0-C-1] com.uav.alarm.kafka.TelemetryConsumer    : ALARM: [CRITICAL] 地形碰撞 | 地形碰撞风险 | drone=null | pos=(40.205114759193606,116.53994597084069)
2026-06-13T01:25:30.123+08:00  WARN 35828 --- [uav-alarm-engine] [ntainer#0-0-C-1] com.uav.alarm.kafka.TelemetryConsumer    : ALARM: [CRITICAL] 地形碰撞 | 地形碰撞风险 | drone=null | pos=(39.7960230069131,116.53943039331745)
2026-06-13T01:25:30.136+08:00  WARN 35828 --- [uav-alarm-engine] [ntainer#0-0-C-1] com.uav.alarm.kafka.TelemetryConsumer    : ALARM: [CRITICAL] 地形碰撞 | 地形碰撞风险 | drone=null | pos=(39.78317929117702,116.2464968893335)
2026-06-13T01:25:30.160+08:00  WARN 35828 --- [uav-alarm-engine] [ntainer#0-0-C-1] com.uav.alarm.kafka.TelemetryConsumer    : ALARM: [CRITICAL] 地形碰撞 | 地形碰撞风险 | drone=null | pos=(40.08876745986937,116.74277348763904)
2026-06-13T01:25:30.172+08:00  WARN 35828 --- [uav-alarm-engine] [ntainer#0-0-C-1] com.uav.alarm.kafka.TelemetryConsumer    : ALARM: [CRITICAL] 地形碰撞 | 地形碰撞风险 | drone=null | pos=(39.91179572883849,116.66264434436971)
2026-06-13T01:25:30.183+08:00  WARN 35828 --- [uav-alarm-engine] [ntainer#0-0-C-1] com.uav.alarm.kafka.TelemetryConsumer    : ALARM: [CRITICAL] 地形碰撞 | 地形碰撞风险 | drone=null | pos=(39.95819542189056,116.42395476715066)
2026-06-13T01:25:30.196+08:00  WARN 35828 --- [uav-alarm-engine] [ntainer#0-0-C-1] com.uav.alarm.kafka.TelemetryConsumer    : ALARM: [CRITICAL] 地形碰撞 | 地形碰撞风险 | drone=null | pos=(40.232881448137796,116.31622804992365)
2026-06-13T01:25:30.220+08:00  WARN 35828 --- [uav-alarm-engine] [ntainer#0-0-C-1] com.uav.alarm.kafka.TelemetryConsumer    : ALARM: [CRITICAL] 地形碰撞 | 地形碰撞风险 | drone=null | pos=(39.75376910119769,116.59658552362319)
2026-06-13T01:25:30.232+08:00  WARN 35828 --- [uav-alarm-engine] [ntainer#0-0-C-1] com.uav.alarm.kafka.TelemetryConsumer    : ALARM: [CRITICAL] 地形碰撞 | 地形碰撞风险 | drone=null | pos=(39.83384196682545,116.30431604458504)
2026-06-13T01:25:30.243+08:00  WARN 35828 --- [uav-alarm-engine] [ntainer#0-0-C-1] com.uav.alarm.kafka.TelemetryConsumer    : ALARM: [CRITICAL] 地形碰撞 | 地形碰撞风险 | drone=null | pos=(39.79776332324442,116.42842116231816)
2026-06-13T01:25:30.256+08:00  WARN 35828 --- [uav-alarm-engine] [ntainer#0-0-C-1] com.uav.alarm.kafka.TelemetryConsumer    : ALARM: [CRITICAL] 地形碰撞 | 地形碰撞风险 | drone=null | pos=(40.13340805855256,116.11275782010159)
2026-06-13T01:25:30.268+08:00  WARN 35828 --- [uav-alarm-engine] [ntainer#0-0-C-1] com.uav.alarm.kafka.TelemetryConsumer    : ALARM: [CRITICAL] 地形碰撞 | 地形碰撞风险 | drone=null | pos=(39.875971546752005,116.3131819065769)
2026-06-13T01:25:30.292+08:00  WARN 35828 --- [uav-alarm-engine] [ntainer#0-0-C-1] com.uav.alarm.kafka.TelemetryConsumer    : ALARM: [CRITICAL] 地形碰撞 | 地形碰撞风险 | drone=null | pos=(39.88813710858999,116.4963855843103)
2026-06-13T01:25:30.305+08:00  WARN 35828 --- [uav-alarm-engine] [ntainer#0-0-C-1] com.uav.alarm.kafka.TelemetryConsumer    : ALARM: [CRITICAL] 地形碰撞 | 地形碰撞风险 | drone=null | pos=(39.93009259322263,116.22607364486196)
2026-06-13T01:25:30.317+08:00  WARN 35828 --- [uav-alarm-engine] [ntainer#0-0-C-1] com.uav.alarm.kafka.TelemetryConsumer    : ALARM: [CRITICAL] 地形碰撞 | 地形碰撞风险 | drone=null | pos=(40.034394531910024,116.14917765359523)
2026-06-13T01:25:30.329+08:00  WARN 35828 --- [uav-alarm-engine] [ntainer#0-0-C-1] com.uav.alarm.kafka.TelemetryConsumer    : ALARM: [CRITICAL] 地形碰撞 | 地形碰撞风险 | drone=null | pos=(39.84062382301459,116.71310683628224)
2026-06-13T01:25:30.342+08:00  WARN 35828 --- [uav-alarm-engine] [ntainer#0-0-C-1] com.uav.alarm.kafka.TelemetryConsumer    : ALARM: [CRITICAL] 地形碰撞 | 地形碰撞风险 | drone=null | pos=(39.850115422980956,116.3943653021882)
2026-06-13T01:25:30.355+08:00  WARN 35828 --- [uav-alarm-engine] [ntainer#0-0-C-1] com.uav.alarm.kafka.TelemetryConsumer    : ALARM: [CRITICAL] 地形碰撞 | 地形碰撞风险 | drone=null | pos=(39.98155016429225,116.42155437457481)
2026-06-13T01:25:30.367+08:00  WARN 35828 --- [uav-alarm-engine] [ntainer#0-0-C-1] com.uav.alarm.kafka.TelemetryConsumer    : ALARM: [CRITICAL] 地形碰撞 | 地形碰撞风险 | drone=null | pos=(40.06264189088379,116.69983673002093)
2026-06-13T01:25:30.380+08:00  WARN 35828 --- [uav-alarm-engine] [ntainer#0-0-C-1] com.uav.alarm.kafka.TelemetryConsumer    : ALARM: [CRITICAL] 地形碰撞 | 地形碰撞风险 | drone=null | pos=(39.59150743940382,116.23406377155284)
2026-06-13T01:25:30.392+08:00  WARN 35828 --- [uav-alarm-engine] [ntainer#0-0-C-1] com.uav.alarm.kafka.TelemetryConsumer    : ALARM: [CRITICAL] 地形碰撞 | 地形碰撞风险 | drone=null | pos=(39.769059259008664,116.5489498018816)
2026-06-13T01:25:30.405+08:00  WARN 35828 --- [uav-alarm-engine] [ntainer#0-0-C-1] com.uav.alarm.kafka.TelemetryConsumer    : ALARM: [CRITICAL] 地形碰撞 | 地形碰撞风险 | drone=null | pos=(39.894735231797746,116.43798410746203)
2026-06-13T01:25:30.417+08:00  WARN 35828 --- [uav-alarm-engine] [ntainer#0-0-C-1] com.uav.alarm.kafka.TelemetryConsumer    : ALARM: [CRITICAL] 地形碰撞 | 地形碰撞风险 | drone=null | pos=(39.78465678324514,116.40237713505194)
2026-06-13T01:25:30.430+08:00  WARN 35828 --- [uav-alarm-engine] [ntainer#0-0-C-1] com.uav.alarm.kafka.TelemetryConsumer    : ALARM: [CRITICAL] 地形碰撞 | 地形碰撞风险 | drone=null | pos=(39.64894385225615,116.38378713308929)
2026-06-13T01:25:30.442+08:00  WARN 35828 --- [uav-alarm-engine] [ntainer#0-0-C-1] com.uav.alarm.kafka.TelemetryConsumer    : ALARM: [CRITICAL] 地形碰撞 | 地形碰撞风险 | drone=null | pos=(39.99070017231103,116.82595472876909)
2026-06-13T01:25:30.455+08:00  WARN 35828 --- [uav-alarm-engine] [ntainer#0-0-C-1] com.uav.alarm.kafka.TelemetryConsumer    : ALARM: [CRITICAL] 地形碰撞 | 地形碰撞风险 | drone=null | pos=(39.729140883244,116.17063127799221)
2026-06-13T01:25:30.466+08:00  WARN 35828 --- [uav-alarm-engine] [ntainer#0-0-C-1] com.uav.alarm.kafka.TelemetryConsumer    : ALARM: [CRITICAL] 地形碰撞 | 地形碰撞风险 | drone=null | pos=(39.877776549400146,116.36937141912611)
2026-06-13T01:25:30.480+08:00  WARN 35828 --- [uav-alarm-engine] [ntainer#0-0-C-1] com.uav.alarm.kafka.TelemetryConsumer    : ALARM: [CRITICAL] 地形碰撞 | 地形碰撞风险 | drone=null | pos=(39.92948710713625,116.45772538410864)
2026-06-13T01:25:30.493+08:00  WARN 35828 --- [uav-alarm-engine] [ntainer#0-0-C-1] com.uav.alarm.kafka.TelemetryConsumer    : ALARM: [CRITICAL] 地形碰撞 | 地形碰撞风险 | drone=null | pos=(39.75683006732983,116.44496450918234)
2026-06-13T01:25:30.505+08:00  WARN 35828 --- [uav-alarm-engine] [ntainer#0-0-C-1] com.uav.alarm.kafka.TelemetryConsumer    : ALARM: [CRITICAL] 地形碰撞 | 地形碰撞风险 | drone=null | pos=(39.712999983479854,116.33685747895872)
2026-06-13T01:25:30.518+08:00  WARN 35828 --- [uav-alarm-engine] [ntainer#0-0-C-1] com.uav.alarm.kafka.TelemetryConsumer    : ALARM: [CRITICAL] 地形碰撞 | 地形碰撞风险 | drone=null | pos=(40.013353574626066,116.28405002481674)
2026-06-13T01:25:30.530+08:00  WARN 35828 --- [uav-alarm-engine] [ntainer#0-0-C-1] com.uav.alarm.kafka.TelemetryConsumer    : ALARM: [CRITICAL] 地形碰撞 | 地形碰撞风险 | drone=null | pos=(39.562313502647896,116.27048869207098)
2026-06-13T01:25:30.543+08:00  WARN 35828 --- [uav-alarm-engine] [ntainer#0-0-C-1] com.uav.alarm.kafka.TelemetryConsumer    : ALARM: [CRITICAL] 地形碰撞 | 地形碰撞风险 | drone=null | pos=(39.8551596609444,115.97502178614965)
2026-06-13T01:25:30.556+08:00  WARN 35828 --- [uav-alarm-engine] [ntainer#0-0-C-1] com.uav.alarm.kafka.TelemetryConsumer    : ALARM: [CRITICAL] 地形碰撞 | 地形碰撞风险 | drone=null | pos=(39.87372514004373,116.38634032811359)
2026-06-13T01:25:30.568+08:00  WARN 35828 --- [uav-alarm-engine] [ntainer#0-0-C-1] com.uav.alarm.kafka.TelemetryConsumer    : ALARM: [CRITICAL] 地形碰撞 | 地形碰撞风险 | drone=null | pos=(39.94719346878592,116.40700594127308)
2026-06-13T01:25:30.581+08:00  WARN 35828 --- [uav-alarm-engine] [ntainer#0-0-C-1] com.uav.alarm.kafka.TelemetryConsumer    : ALARM: [CRITICAL] 地形碰撞 | 地形碰撞风险 | drone=null | pos=(39.87433956954111,116.49781586423363)
2026-06-13T01:25:30.593+08:00  WARN 35828 --- [uav-alarm-engine] [ntainer#0-0-C-1] com.uav.alarm.kafka.TelemetryConsumer    : ALARM: [CRITICAL] 地形碰撞 | 地形碰撞风险 | drone=null | pos=(39.842186157984166,116.66045283061874)
2026-06-13T01:25:30.605+08:00  WARN 35828 --- [uav-alarm-engine] [ntainer#0-0-C-1] com.uav.alarm.kafka.TelemetryConsumer    : ALARM: [CRITICAL] 地形碰撞 | 地形碰撞风险 | drone=null | pos=(39.93099360986886,116.42742493113991)
2026-06-13T01:25:30.618+08:00  WARN 35828 --- [uav-alarm-engine] [ntainer#0-0-C-1] com.uav.alarm.kafka.TelemetryConsumer    : ALARM: [CRITICAL] 地形碰撞 | 地形碰撞风险 | drone=null | pos=(39.995471595897,116.32651499423983)
2026-06-13T01:25:30.630+08:00  WARN 35828 --- [uav-alarm-engine] [ntainer#0-0-C-1] com.uav.alarm.kafka.TelemetryConsumer    : ALARM: [CRITICAL] 地形碰撞 | 地形碰撞风险 | drone=null | pos=(39.994190401775406,116.61849583941088)
2026-06-13T01:25:30.641+08:00  WARN 35828 --- [uav-alarm-engine] [ntainer#0-0-C-1] com.uav.alarm.kafka.TelemetryConsumer    : ALARM: [CRITICAL] 地形碰撞 | 地形碰撞风险 | drone=null | pos=(40.074800762235725,116.78276126884708)
2026-06-13T01:25:30.654+08:00  WARN 35828 --- [uav-alarm-engine] [ntainer#0-0-C-1] com.uav.alarm.kafka.TelemetryConsumer    : ALARM: [CRITICAL] 地形碰撞 | 地形碰撞风险 | drone=null | pos=(39.924384102382675,116.58987602772403)
2026-06-13T01:25:30.664+08:00  WARN 35828 --- [uav-alarm-engine] [ntainer#0-0-C-1] com.uav.alarm.kafka.TelemetryConsumer    : ALARM: [CRITICAL] 地形碰撞 | 地形碰撞风险 | drone=null | pos=(39.90522833489593,116.41153119837976)
2026-06-13T01:25:30.678+08:00  WARN 35828 --- [uav-alarm-engine] [ntainer#0-0-C-1] com.uav.alarm.kafka.TelemetryConsumer    : ALARM: [CRITICAL] 地形碰撞 | 地形碰撞风险 | drone=null | pos=(39.845052883923294,116.41067573128441)
2026-06-13T01:25:30.691+08:00  WARN 35828 --- [uav-alarm-engine] [ntainer#0-0-C-1] com.uav.alarm.kafka.TelemetryConsumer    : ALARM: [CRITICAL] 地形碰撞 | 地形碰撞风险 | drone=null | pos=(40.095231007650106,116.64599987895377)
2026-06-13T01:25:30.704+08:00  WARN 35828 --- [uav-alarm-engine] [ntainer#0-0-C-1] com.uav.alarm.kafka.TelemetryConsumer    : ALARM: [CRITICAL] 地形碰撞 | 地形碰撞风险 | drone=null | pos=(39.96847611631943,116.72331272814087)
2026-06-13T01:25:30.716+08:00  WARN 35828 --- [uav-alarm-engine] [ntainer#0-0-C-1] com.uav.alarm.kafka.TelemetryConsumer    : ALARM: [CRITICAL] 地形碰撞 | 地形碰撞风险 | drone=null | pos=(39.75455229930558,116.43596107101924)
2026-06-13T01:25:30.728+08:00  WARN 35828 --- [uav-alarm-engine] [ntainer#0-0-C-1] com.uav.alarm.kafka.TelemetryConsumer    : ALARM: [CRITICAL] 地形碰撞 | 地形碰撞风险 | drone=null | pos=(39.671122309616614,116.58424218230276)
2026-06-13T01:25:30.741+08:00  WARN 35828 --- [uav-alarm-engine] [ntainer#0-0-C-1] com.uav.alarm.kafka.TelemetryConsumer    : ALARM: [CRITICAL] 地形碰撞 | 地形碰撞风险 | drone=null | pos=(39.848616099938056,116.56198461176432)
2026-06-13T01:25:30.753+08:00  WARN 35828 --- [uav-alarm-engine] [ntainer#0-0-C-1] com.uav.alarm.kafka.TelemetryConsumer    : ALARM: [CRITICAL] 地形碰撞 | 地形碰撞风险 | drone=null | pos=(39.829170001009054,116.55916430548204)
2026-06-13T01:25:30.766+08:00  WARN 35828 --- [uav-alarm-engine] [ntainer#0-0-C-1] com.uav.alarm.kafka.TelemetryConsumer    : ALARM: [CRITICAL] 地形碰撞 | 地形碰撞风险 | drone=null | pos=(39.9065512453563,116.41195813552089)
2026-06-13T01:25:30.779+08:00  WARN 35828 --- [uav-alarm-engine] [ntainer#0-0-C-1] com.uav.alarm.kafka.TelemetryConsumer    : ALARM: [CRITICAL] 地形碰撞 | 地形碰撞风险 | drone=null | pos=(39.60898235722746,116.4237492275208)
2026-06-13T01:25:30.791+08:00  WARN 35828 --- [uav-alarm-engine] [ntainer#0-0-C-1] com.uav.alarm.kafka.TelemetryConsumer    : ALARM: [CRITICAL] 地形碰撞 | 地形碰撞风险 | drone=null | pos=(39.941181460397694,116.51577660122307)
2026-06-13T01:25:30.803+08:00  WARN 35828 --- [uav-alarm-engine] [ntainer#0-0-C-1] com.uav.alarm.kafka.TelemetryConsumer    : ALARM: [CRITICAL] 地形碰撞 | 地形碰撞风险 | drone=null | pos=(39.88996166525791,116.41589199163747)
2026-06-13T01:25:30.816+08:00  WARN 35828 --- [uav-alarm-engine] [ntainer#0-0-C-1] com.uav.alarm.kafka.TelemetryConsumer    : ALARM: [CRITICAL] 地形碰撞 | 地形碰撞风险 | drone=null | pos=(39.74910995965702,116.38331385443301)
2026-06-13T01:25:30.828+08:00  WARN 35828 --- [uav-alarm-engine] [ntainer#0-0-C-1] com.uav.alarm.kafka.TelemetryConsumer    : ALARM: [CRITICAL] 地形碰撞 | 地形碰撞风险 | drone=null | pos=(39.86515030984208,116.45327308216034)
2026-06-13T01:25:30.840+08:00  WARN 35828 --- [uav-alarm-engine] [ntainer#0-0-C-1] com.uav.alarm.kafka.TelemetryConsumer    : ALARM: [CRITICAL] 地形碰撞 | 地形碰撞风险 | drone=null | pos=(39.846843887115746,116.49967983354219)
2026-06-13T01:25:30.852+08:00  WARN 35828 --- [uav-alarm-engine] [ntainer#0-0-C-1] com.uav.alarm.kafka.TelemetryConsumer    : ALARM: [CRITICAL] 地形碰撞 | 地形碰撞风险 | drone=null | pos=(40.11537800168285,116.04072517081987)
2026-06-13T01:25:30.866+08:00  WARN 35828 --- [uav-alarm-engine] [ntainer#0-0-C-1] com.uav.alarm.kafka.TelemetryConsumer    : ALARM: [CRITICAL] 地形碰撞 | 地形碰撞风险 | drone=null | pos=(39.909796636949544,116.23608064897533)
2026-06-13T01:25:30.877+08:00  WARN 35828 --- [uav-alarm-engine] [ntainer#0-0-C-1] com.uav.alarm.kafka.TelemetryConsumer    : ALARM: [CRITICAL] 地形碰撞 | 地形碰撞风险 | drone=null | pos=(39.65341000622144,116.32864726236424)
2026-06-13T01:25:30.889+08:00  WARN 35828 --- [uav-alarm-engine] [ntainer#0-0-C-1] com.uav.alarm.kafka.TelemetryConsumer    : ALARM: [CRITICAL] 地形碰撞 | 地形碰撞风险 | drone=null | pos=(39.99896910495814,116.63056349765795)
2026-06-13T01:25:30.903+08:00  WARN 35828 --- [uav-alarm-engine] [ntainer#0-0-C-1] com.uav.alarm.kafka.TelemetryConsumer    : ALARM: [CRITICAL] 地形碰撞 | 地形碰撞风险 | drone=null | pos=(39.91135770809708,116.6409797695372)
2026-06-13T01:25:30.915+08:00  WARN 35828 --- [uav-alarm-engine] [ntainer#0-0-C-1] com.uav.alarm.kafka.TelemetryConsumer    : ALARM: [CRITICAL] 地形碰撞 | 地形碰撞风险 | drone=null | pos=(39.786156051624445,116.21267756688592)
2026-06-13T01:25:30.927+08:00  WARN 35828 --- [uav-alarm-engine] [ntainer#0-0-C-1] com.uav.alarm.kafka.TelemetryConsumer    : ALARM: [CRITICAL] 地形碰撞 | 地形碰撞风险 | drone=null | pos=(40.02476634916007,116.12450786292621)
2026-06-13T01:25:30.940+08:00  WARN 35828 --- [uav-alarm-engine] [ntainer#0-0-C-1] com.uav.alarm.kafka.TelemetryConsumer    : ALARM: [CRITICAL] 地形碰撞 | 地形碰撞风险 | drone=null | pos=(40.179523286105486,116.33872109578444)
2026-06-13T01:25:30.954+08:00  WARN 35828 --- [uav-alarm-engine] [ntainer#0-0-C-1] com.uav.alarm.kafka.TelemetryConsumer    : ALARM: [CRITICAL] 地形碰撞 | 地形碰撞风险 | drone=null | pos=(39.72201801481577,116.3468617817094)
2026-06-13T01:25:30.966+08:00  WARN 35828 --- [uav-alarm-engine] [ntainer#0-0-C-1] com.uav.alarm.kafka.TelemetryConsumer    : ALARM: [CRITICAL] 地形碰撞 | 地形碰撞风险 | drone=null | pos=(39.91332847378283,116.6813399250412)
2026-06-13T01:25:30.978+08:00  WARN 35828 --- [uav-alarm-engine] [ntainer#0-0-C-1] com.uav.alarm.kafka.TelemetryConsumer    : ALARM: [CRITICAL] 地形碰撞 | 地形碰撞风险 | drone=null | pos=(40.051907800272176,116.1107787033447)
2026-06-13T01:25:30.989+08:00  WARN 35828 --- [uav-alarm-engine] [ntainer#0-0-C-1] com.uav.alarm.kafka.TelemetryConsumer    : ALARM: [CRITICAL] 地形碰撞 | 地形碰撞风险 | drone=null | pos=(39.9475325001478,116.45572387723963)
2026-06-13T01:25:31.002+08:00  WARN 35828 --- [uav-alarm-engine] [ntainer#0-0-C-1] com.uav.alarm.kafka.TelemetryConsumer    : ALARM: [CRITICAL] 地形碰撞 | 地形碰撞风险 | drone=null | pos=(39.89955197119461,116.26039267064576)
2026-06-13T01:25:31.015+08:00  WARN 35828 --- [uav-alarm-engine] [ntainer#0-0-C-1] com.uav.alarm.kafka.TelemetryConsumer    : ALARM: [CRITICAL] 地形碰撞 | 地形碰撞风险 | drone=null | pos=(39.88964437161822,116.44640438212386)
2026-06-13T01:25:31.027+08:00  WARN 35828 --- [uav-alarm-engine] [ntainer#0-0-C-1] com.uav.alarm.kafka.TelemetryConsumer    : ALARM: [CRITICAL] 地形碰撞 | 地形碰撞风险 | drone=null | pos=(39.95394390937962,116.37416375841424)
2026-06-13T01:25:31.038+08:00  WARN 35828 --- [uav-alarm-engine] [ntainer#0-0-C-1] com.uav.alarm.kafka.TelemetryConsumer    : ALARM: [CRITICAL] 地形碰撞 | 地形碰撞风险 | drone=null | pos=(39.73858693937391,116.07835451659025)
2026-06-13T01:25:31.051+08:00  WARN 35828 --- [uav-alarm-engine] [ntainer#0-0-C-1] com.uav.alarm.kafka.TelemetryConsumer    : ALARM: [CRITICAL] 地形碰撞 | 地形碰撞风险 | drone=null | pos=(40.13427908324883,116.23126603450669)
2026-06-13T01:25:31.064+08:00  WARN 35828 --- [uav-alarm-engine] [ntainer#0-0-C-1] com.uav.alarm.kafka.TelemetryConsumer    : ALARM: [CRITICAL] 地形碰撞 | 地形碰撞风险 | drone=null | pos=(39.757679369544206,116.22792970800361)
2026-06-13T01:25:31.077+08:00  WARN 35828 --- [uav-alarm-engine] [ntainer#0-0-C-1] com.uav.alarm.kafka.TelemetryConsumer    : ALARM: [CRITICAL] 地形碰撞 | 地形碰撞风险 | drone=null | pos=(39.88456407823386,116.4851627914279)
2026-06-13T01:25:31.090+08:00  WARN 35828 --- [uav-alarm-engine] [ntainer#0-0-C-1] com.uav.alarm.kafka.TelemetryConsumer    : ALARM: [CRITICAL] 地形碰撞 | 地形碰撞风险 | drone=null | pos=(40.04992743283636,116.57645657486137)
2026-06-13T01:25:31.101+08:00  WARN 35828 --- [uav-alarm-engine] [ntainer#0-0-C-1] com.uav.alarm.kafka.TelemetryConsumer    : ALARM: [CRITICAL] 地形碰撞 | 地形碰撞风险 | drone=null | pos=(39.947147299969565,116.23358524488913)
2026-06-13T01:25:31.114+08:00  WARN 35828 --- [uav-alarm-engine] [ntainer#0-0-C-1] com.uav.alarm.kafka.TelemetryConsumer    : ALARM: [CRITICAL] 地形碰撞 | 地形碰撞风险 | drone=null | pos=(39.92968566357564,116.21123732734918)
2026-06-13T01:25:31.126+08:00  WARN 35828 --- [uav-alarm-engine] [ntainer#0-0-C-1] com.uav.alarm.kafka.TelemetryConsumer    : ALARM: [CRITICAL] 地形碰撞 | 地形碰撞风险 | drone=null | pos=(39.96069135062846,116.49145668499966)
2026-06-13T01:25:31.138+08:00  WARN 35828 --- [uav-alarm-engine] [ntainer#0-0-C-1] com.uav.alarm.kafka.TelemetryConsumer    : ALARM: [CRITICAL] 地形碰撞 | 地形碰撞风险 | drone=null | pos=(40.03271906368121,115.9964195517789)
2026-06-13T01:25:31.152+08:00  WARN 35828 --- [uav-alarm-engine] [ntainer#0-0-C-1] com.uav.alarm.kafka.TelemetryConsumer    : ALARM: [CRITICAL] 地形碰撞 | 地形碰撞风险 | drone=null | pos=(39.79070460789424,116.74971885344591)
2026-06-13T01:25:31.164+08:00  WARN 35828 --- [uav-alarm-engine] [ntainer#0-0-C-1] com.uav.alarm.kafka.TelemetryConsumer    : ALARM: [CRITICAL] 地形碰撞 | 地形碰撞风险 | drone=null | pos=(39.90206892099734,116.40983518156034)
2026-06-13T01:25:31.177+08:00  WARN 35828 --- [uav-alarm-engine] [ntainer#0-0-C-1] com.uav.alarm.kafka.TelemetryConsumer    : ALARM: [CRITICAL] 地形碰撞 | 地形碰撞风险 | drone=null | pos=(40.145542395796305,116.72719971293404)
2026-06-13T01:25:31.189+08:00  WARN 35828 --- [uav-alarm-engine] [ntainer#0-0-C-1] com.uav.alarm.kafka.TelemetryConsumer    : ALARM: [CRITICAL] 地形碰撞 | 地形碰撞风险 | drone=null | pos=(39.8932674197863,116.40618309501434)
2026-06-13T01:25:31.201+08:00  WARN 35828 --- [uav-alarm-engine] [ntainer#0-0-C-1] com.uav.alarm.kafka.TelemetryConsumer    : ALARM: [CRITICAL] 地形碰撞 | 地形碰撞风险 | drone=null | pos=(39.61604654112857,116.2091967327039)
2026-06-13T01:25:31.214+08:00  WARN 35828 --- [uav-alarm-engine] [ntainer#0-0-C-1] com.uav.alarm.kafka.TelemetryConsumer    : ALARM: [CRITICAL] 地形碰撞 | 地形碰撞风险 | drone=null | pos=(40.011724684722076,116.22615327166845)
2026-06-13T01:25:31.226+08:00  WARN 35828 --- [uav-alarm-engine] [ntainer#0-0-C-1] com.uav.alarm.kafka.TelemetryConsumer    : ALARM: [CRITICAL] 地形碰撞 | 地形碰撞风险 | drone=null | pos=(39.97406562926603,116.59933157815796)
2026-06-13T01:25:31.239+08:00  WARN 35828 --- [uav-alarm-engine] [ntainer#0-0-C-1] com.uav.alarm.kafka.TelemetryConsumer    : ALARM: [CRITICAL] 地形碰撞 | 地形碰撞风险 | drone=null | pos=(39.99529481494821,116.15495411229283)
2026-06-13T01:25:31.252+08:00  WARN 35828 --- [uav-alarm-engine] [ntainer#0-0-C-1] com.uav.alarm.kafka.TelemetryConsumer    : ALARM: [CRITICAL] 地形碰撞 | 地形碰撞风险 | drone=null | pos=(40.05220293225421,116.08522791781616)
2026-06-13T01:25:31.265+08:00  WARN 35828 --- [uav-alarm-engine] [ntainer#0-0-C-1] com.uav.alarm.kafka.TelemetryConsumer    : ALARM: [CRITICAL] 地形碰撞 | 地形碰撞风险 | drone=null | pos=(39.79443259426847,116.53509980405806)
2026-06-13T01:25:31.279+08:00  WARN 35828 --- [uav-alarm-engine] [ntainer#0-0-C-1] com.uav.alarm.kafka.TelemetryConsumer    : ALARM: [CRITICAL] 地形碰撞 | 地形碰撞风险 | drone=null | pos=(39.62775448555655,116.46943060487658)
2026-06-13T01:25:31.292+08:00  WARN 35828 --- [uav-alarm-engine] [ntainer#0-0-C-1] com.uav.alarm.kafka.TelemetryConsumer    : ALARM: [CRITICAL] 地形碰撞 | 地形碰撞风险 | drone=null | pos=(40.07917632588085,116.66679548498709)
2026-06-13T01:25:31.304+08:00  WARN 35828 --- [uav-alarm-engine] [ntainer#0-0-C-1] com.uav.alarm.kafka.TelemetryConsumer    : ALARM: [CRITICAL] 地形碰撞 | 地形碰撞风险 | drone=null | pos=(39.7543005419232,116.22705428521019)
2026-06-13T01:25:31.317+08:00  WARN 35828 --- [uav-alarm-engine] [ntainer#0-0-C-1] com.uav.alarm.kafka.TelemetryConsumer    : ALARM: [CRITICAL] 地形碰撞 | 地形碰撞风险 | drone=null | pos=(39.791560143034474,116.35715808145017)
2026-06-13T01:25:31.330+08:00  WARN 35828 --- [uav-alarm-engine] [ntainer#0-0-C-1] com.uav.alarm.kafka.TelemetryConsumer    : ALARM: [CRITICAL] 地形碰撞 | 地形碰撞风险 | drone=null | pos=(39.879276802427576,116.39991130591741)
2026-06-13T01:25:31.342+08:00  WARN 35828 --- [uav-alarm-engine] [ntainer#0-0-C-1] com.uav.alarm.kafka.TelemetryConsumer    : ALARM: [CRITICAL] 地形碰撞 | 地形碰撞风险 | drone=null | pos=(40.12068852969961,116.19742460520786)
2026-06-13T01:25:31.356+08:00  WARN 35828 --- [uav-alarm-engine] [ntainer#0-0-C-1] com.uav.alarm.kafka.TelemetryConsumer    : ALARM: [CRITICAL] 地形碰撞 | 地形碰撞风险 | drone=null | pos=(39.879357378271905,116.18020173757958)
2026-06-13T01:25:31.368+08:00  WARN 35828 --- [uav-alarm-engine] [ntainer#0-0-C-1] com.uav.alarm.kafka.TelemetryConsumer    : ALARM: [CRITICAL] 地形碰撞 | 地形碰撞风险 | drone=null | pos=(39.99806892162847,116.20468069646209)
2026-06-13T01:25:31.382+08:00  WARN 35828 --- [uav-alarm-engine] [ntainer#0-0-C-1] com.uav.alarm.kafka.TelemetryConsumer    : ALARM: [CRITICAL] 地形碰撞 | 地形碰撞风险 | drone=null | pos=(39.99695893290615,116.29817914467601)
2026-06-13T01:25:31.394+08:00  WARN 35828 --- [uav-alarm-engine] [ntainer#0-0-C-1] com.uav.alarm.kafka.TelemetryConsumer    : ALARM: [CRITICAL] 地形碰撞 | 地形碰撞风险 | drone=null | pos=(40.0909166253547,116.52762037758114)
2026-06-13T01:25:31.406+08:00  WARN 35828 --- [uav-alarm-engine] [ntainer#0-0-C-1] com.uav.alarm.kafka.TelemetryConsumer    : ALARM: [CRITICAL] 地形碰撞 | 地形碰撞风险 | drone=null | pos=(39.911565476437524,116.31000840105932)
2026-06-13T01:25:31.418+08:00  WARN 35828 --- [uav-alarm-engine] [ntainer#0-0-C-1] com.uav.alarm.kafka.TelemetryConsumer    : ALARM: [CRITICAL] 地形碰撞 | 地形碰撞风险 | drone=null | pos=(39.94138605798766,116.57182116531415)
2026-06-13T01:25:31.431+08:00  WARN 35828 --- [uav-alarm-engine] [ntainer#0-0-C-1] com.uav.alarm.kafka.TelemetryConsumer    : ALARM: [CRITICAL] 地形碰撞 | 地形碰撞风险 | drone=null | pos=(39.72035561949913,116.74287511054538)
2026-06-13T01:25:31.445+08:00  WARN 35828 --- [uav-alarm-engine] [ntainer#0-0-C-1] com.uav.alarm.kafka.TelemetryConsumer    : ALARM: [CRITICAL] 地形碰撞 | 地形碰撞风险 | drone=null | pos=(39.91361948153536,116.4035487292816)
2026-06-13T01:25:31.459+08:00  WARN 35828 --- [uav-alarm-engine] [ntainer#0-0-C-1] com.uav.alarm.kafka.TelemetryConsumer    : ALARM: [CRITICAL] 地形碰撞 | 地形碰撞风险 | drone=null | pos=(40.09474473215283,116.46516256858021)
2026-06-13T01:25:31.471+08:00  WARN 35828 --- [uav-alarm-engine] [ntainer#0-0-C-1] com.uav.alarm.kafka.TelemetryConsumer    : ALARM: [CRITICAL] 地形碰撞 | 地形碰撞风险 | drone=null | pos=(39.91101120768374,116.4462177245086)
2026-06-13T01:25:31.484+08:00  WARN 35828 --- [uav-alarm-engine] [ntainer#0-0-C-1] com.uav.alarm.kafka.TelemetryConsumer    : ALARM: [CRITICAL] 地形碰撞 | 地形碰撞风险 | drone=null | pos=(40.18351743003186,116.3048488143494)
2026-06-13T01:25:31.497+08:00  WARN 35828 --- [uav-alarm-engine] [ntainer#0-0-C-1] com.uav.alarm.kafka.TelemetryConsumer    : ALARM: [CRITICAL] 地形碰撞 | 地形碰撞风险 | drone=null | pos=(39.9287273143063,116.3883926161716)
2026-06-13T01:25:31.510+08:00  WARN 35828 --- [uav-alarm-engine] [ntainer#0-0-C-1] com.uav.alarm.kafka.TelemetryConsumer    : ALARM: [CRITICAL] 地形碰撞 | 地形碰撞风险 | drone=null | pos=(39.93072714515599,116.41453844374595)
2026-06-13T01:25:31.521+08:00  WARN 35828 --- [uav-alarm-engine] [ntainer#0-0-C-1] com.uav.alarm.kafka.TelemetryConsumer    : ALARM: [CRITICAL] 地形碰撞 | 地形碰撞风险 | drone=null | pos=(39.75756650677033,116.28464118859418)
2026-06-13T01:25:31.534+08:00  WARN 35828 --- [uav-alarm-engine] [ntainer#0-0-C-1] com.uav.alarm.kafka.TelemetryConsumer    : ALARM: [CRITICAL] 地形碰撞 | 地形碰撞风险 | drone=null | pos=(40.08899359423889,116.26746667116932)
2026-06-13T01:25:31.547+08:00  WARN 35828 --- [uav-alarm-engine] [ntainer#0-0-C-1] com.uav.alarm.kafka.TelemetryConsumer    : ALARM: [CRITICAL] 地形碰撞 | 地形碰撞风险 | drone=null | pos=(40.147370560243914,116.40740071475918)
2026-06-13T01:25:31.559+08:00  WARN 35828 --- [uav-alarm-engine] [ntainer#0-0-C-1] com.uav.alarm.kafka.TelemetryConsumer    : ALARM: [CRITICAL] 地形碰撞 | 地形碰撞风险 | drone=null | pos=(40.206807164449636,116.17385129709358)
2026-06-13T01:25:31.572+08:00  WARN 35828 --- [uav-alarm-engine] [ntainer#0-0-C-1] com.uav.alarm.kafka.TelemetryConsumer    : ALARM: [CRITICAL] 地形碰撞 | 地形碰撞风险 | drone=null | pos=(39.97166298919041,116.22860737889971)
2026-06-13T01:25:31.598+08:00  WARN 35828 --- [uav-alarm-engine] [ntainer#0-0-C-1] com.uav.alarm.kafka.TelemetryConsumer    : ALARM: [CRITICAL] 地形碰撞 | 地形碰撞风险 | drone=null | pos=(39.66947834735489,116.65760565606777)
2026-06-13T01:25:31.611+08:00  WARN 35828 --- [uav-alarm-engine] [ntainer#0-0-C-1] com.uav.alarm.kafka.TelemetryConsumer    : ALARM: [CRITICAL] 地形碰撞 | 地形碰撞风险 | drone=null | pos=(39.897070011101825,116.19382913607033)
2026-06-13T01:25:31.624+08:00  WARN 35828 --- [uav-alarm-engine] [ntainer#0-0-C-1] com.uav.alarm.kafka.TelemetryConsumer    : ALARM: [CRITICAL] 地形碰撞 | 地形碰撞风险 | drone=null | pos=(39.865206023969144,116.61203175271127)
2026-06-13T01:25:31.636+08:00  WARN 35828 --- [uav-alarm-engine] [ntainer#0-0-C-1] com.uav.alarm.kafka.TelemetryConsumer    : ALARM: [CRITICAL] 地形碰撞 | 地形碰撞风险 | drone=null | pos=(39.95706392049314,116.16648061848393)
2026-06-13T01:25:31.648+08:00  WARN 35828 --- [uav-alarm-engine] [ntainer#0-0-C-1] com.uav.alarm.kafka.TelemetryConsumer    : ALARM: [CRITICAL] 地形碰撞 | 地形碰撞风险 | drone=null | pos=(39.90101572792798,116.41410004921104)
2026-06-13T01:25:31.659+08:00  WARN 35828 --- [uav-alarm-engine] [ntainer#0-0-C-1] com.uav.alarm.kafka.TelemetryConsumer    : ALARM: [CRITICAL] 地形碰撞 | 地形碰撞风险 | drone=null | pos=(39.738681982163925,116.54884018367879)
2026-06-13T01:25:31.673+08:00  WARN 35828 --- [uav-alarm-engine] [ntainer#0-0-C-1] com.uav.alarm.kafka.TelemetryConsumer    : ALARM: [CRITICAL] 地形碰撞 | 地形碰撞风险 | drone=null | pos=(39.74795031882885,116.11624208434033)
2026-06-13T01:25:31.685+08:00  WARN 35828 --- [uav-alarm-engine] [ntainer#0-0-C-1] com.uav.alarm.kafka.TelemetryConsumer    : ALARM: [CRITICAL] 地形碰撞 | 地形碰撞风险 | drone=null | pos=(39.9358442207038,116.42643003712341)
2026-06-13T01:25:31.698+08:00  WARN 35828 --- [uav-alarm-engine] [ntainer#0-0-C-1] com.uav.alarm.kafka.TelemetryConsumer    : ALARM: [CRITICAL] 地形碰撞 | 地形碰撞风险 | drone=null | pos=(40.14218635303318,116.24460755560676)
2026-06-13T01:25:31.710+08:00  WARN 35828 --- [uav-alarm-engine] [ntainer#0-0-C-1] com.uav.alarm.kafka.TelemetryConsumer    : ALARM: [CRITICAL] 地形碰撞 | 地形碰撞风险 | drone=null | pos=(39.98079831160949,116.0030348654497)
2026-06-13T01:25:31.722+08:00  WARN 35828 --- [uav-alarm-engine] [ntainer#0-0-C-1] com.uav.alarm.kafka.TelemetryConsumer    : ALARM: [CRITICAL] 地形碰撞 | 地形碰撞风险 | drone=null | pos=(39.87552799666563,116.45531067247491)
2026-06-13T01:25:31.734+08:00  WARN 35828 --- [uav-alarm-engine] [ntainer#0-0-C-1] com.uav.alarm.kafka.TelemetryConsumer    : ALARM: [CRITICAL] 地形碰撞 | 地形碰撞风险 | drone=null | pos=(39.98269822012531,116.40943538495857)
2026-06-13T01:25:31.746+08:00  WARN 35828 --- [uav-alarm-engine] [ntainer#0-0-C-1] com.uav.alarm.kafka.TelemetryConsumer    : ALARM: [CRITICAL] 地形碰撞 | 地形碰撞风险 | drone=null | pos=(40.10372231248238,116.53517230035078)
2026-06-13T01:25:31.758+08:00  WARN 35828 --- [uav-alarm-engine] [ntainer#0-0-C-1] com.uav.alarm.kafka.TelemetryConsumer    : ALARM: [CRITICAL] 地形碰撞 | 地形碰撞风险 | drone=null | pos=(39.914969946421586,116.26696032155452)
2026-06-13T01:25:31.770+08:00  WARN 35828 --- [uav-alarm-engine] [ntainer#0-0-C-1] com.uav.alarm.kafka.TelemetryConsumer    : ALARM: [CRITICAL] 地形碰撞 | 地形碰撞风险 | drone=null | pos=(40.22339459718064,116.38838932902031)
2026-06-13T01:25:31.782+08:00  WARN 35828 --- [uav-alarm-engine] [ntainer#0-0-C-1] com.uav.alarm.kafka.TelemetryConsumer    : ALARM: [CRITICAL] 地形碰撞 | 地形碰撞风险 | drone=null | pos=(39.784721908699474,116.41538812329306)
2026-06-13T01:25:31.794+08:00  WARN 35828 --- [uav-alarm-engine] [ntainer#0-0-C-1] com.uav.alarm.kafka.TelemetryConsumer    : ALARM: [CRITICAL] 地形碰撞 | 地形碰撞风险 | drone=null | pos=(40.054296929889034,116.44893719887673)
2026-06-13T01:25:31.819+08:00  WARN 35828 --- [uav-alarm-engine] [ntainer#0-0-C-1] com.uav.alarm.kafka.TelemetryConsumer    : ALARM: [CRITICAL] 地形碰撞 | 地形碰撞风险 | drone=null | pos=(39.99699896142824,116.54531471974961)
2026-06-13T01:25:31.832+08:00  WARN 35828 --- [uav-alarm-engine] [ntainer#0-0-C-1] com.uav.alarm.kafka.TelemetryConsumer    : ALARM: [CRITICAL] 地形碰撞 | 地形碰撞风险 | drone=null | pos=(39.936093014579356,116.49021884073755)
2026-06-13T01:25:31.844+08:00  WARN 35828 --- [uav-alarm-engine] [ntainer#0-0-C-1] com.uav.alarm.kafka.TelemetryConsumer    : ALARM: [CRITICAL] 地形碰撞 | 地形碰撞风险 | drone=null | pos=(39.779872707395796,116.45902729901312)
2026-06-13T01:25:31.868+08:00  WARN 35828 --- [uav-alarm-engine] [ntainer#0-0-C-1] com.uav.alarm.kafka.TelemetryConsumer    : ALARM: [CRITICAL] 地形碰撞 | 地形碰撞风险 | drone=null | pos=(40.00911559546995,116.47614084189819)
2026-06-13T01:25:31.881+08:00  WARN 35828 --- [uav-alarm-engine] [ntainer#0-0-C-1] com.uav.alarm.kafka.TelemetryConsumer    : ALARM: [CRITICAL] 地形碰撞 | 地形碰撞风险 | drone=null | pos=(39.62808035646395,116.65762725806333)
2026-06-13T01:25:31.895+08:00  WARN 35828 --- [uav-alarm-engine] [ntainer#0-0-C-1] com.uav.alarm.kafka.TelemetryConsumer    : ALARM: [CRITICAL] 地形碰撞 | 地形碰撞风险 | drone=null | pos=(40.000277442510594,116.42881648850545)
2026-06-13T01:25:31.907+08:00  WARN 35828 --- [uav-alarm-engine] [ntainer#0-0-C-1] com.uav.alarm.kafka.TelemetryConsumer    : ALARM: [CRITICAL] 地形碰撞 | 地形碰撞风险 | drone=null | pos=(40.07729817547234,116.31229698503931)
2026-06-13T01:25:31.920+08:00  WARN 35828 --- [uav-alarm-engine] [ntainer#0-0-C-1] com.uav.alarm.kafka.TelemetryConsumer    : ALARM: [CRITICAL] 地形碰撞 | 地形碰撞风险 | drone=null | pos=(39.79259278328431,116.55400328438431)
2026-06-13T01:25:31.932+08:00  WARN 35828 --- [uav-alarm-engine] [ntainer#0-0-C-1] com.uav.alarm.kafka.TelemetryConsumer    : ALARM: [CRITICAL] 地形碰撞 | 地形碰撞风险 | drone=null | pos=(39.92495010680919,116.51908480394073)
2026-06-13T01:25:31.944+08:00  WARN 35828 --- [uav-alarm-engine] [ntainer#0-0-C-1] com.uav.alarm.kafka.TelemetryConsumer    : ALARM: [CRITICAL] 地形碰撞 | 地形碰撞风险 | drone=null | pos=(40.058724523383,116.0108844459834)
2026-06-13T01:25:31.956+08:00  WARN 35828 --- [uav-alarm-engine] [ntainer#0-0-C-1] com.uav.alarm.kafka.TelemetryConsumer    : ALARM: [CRITICAL] 地形碰撞 | 地形碰撞风险 | drone=null | pos=(39.70522065096673,116.28769589731758)
2026-06-13T01:25:31.968+08:00  WARN 35828 --- [uav-alarm-engine] [ntainer#0-0-C-1] com.uav.alarm.kafka.TelemetryConsumer    : ALARM: [CRITICAL] 地形碰撞 | 地形碰撞风险 | drone=null | pos=(40.05565283920288,116.50398583205664)
2026-06-13T01:25:31.981+08:00  WARN 35828 --- [uav-alarm-engine] [ntainer#0-0-C-1] com.uav.alarm.kafka.TelemetryConsumer    : ALARM: [CRITICAL] 地形碰撞 | 地形碰撞风险 | drone=null | pos=(39.68121516267069,116.47404302445317)
2026-06-13T01:25:31.992+08:00  WARN 35828 --- [uav-alarm-engine] [ntainer#0-0-C-1] com.uav.alarm.kafka.TelemetryConsumer    : ALARM: [CRITICAL] 地形碰撞 | 地形碰撞风险 | drone=null | pos=(39.96816964023279,116.42490886843875)
2026-06-13T01:25:32.004+08:00  WARN 35828 --- [uav-alarm-engine] [ntainer#0-0-C-1] com.uav.alarm.kafka.TelemetryConsumer    : ALARM: [CRITICAL] 地形碰撞 | 地形碰撞风险 | drone=null | pos=(39.75992069705501,116.8166331205541)
2026-06-13T01:25:32.018+08:00  WARN 35828 --- [uav-alarm-engine] [ntainer#0-0-C-1] com.uav.alarm.kafka.TelemetryConsumer    : ALARM: [CRITICAL] 地形碰撞 | 地形碰撞风险 | drone=null | pos=(39.75452783892728,116.7146272466532)
2026-06-13T01:25:32.030+08:00  WARN 35828 --- [uav-alarm-engine] [ntainer#0-0-C-1] com.uav.alarm.kafka.TelemetryConsumer    : ALARM: [CRITICAL] 地形碰撞 | 地形碰撞风险 | drone=null | pos=(39.84377246949539,116.38828609590034)
2026-06-13T01:25:32.042+08:00  WARN 35828 --- [uav-alarm-engine] [ntainer#0-0-C-1] com.uav.alarm.kafka.TelemetryConsumer    : ALARM: [CRITICAL] 地形碰撞 | 地形碰撞风险 | drone=null | pos=(39.864541152308085,116.35608955881135)
2026-06-13T01:25:32.056+08:00  WARN 35828 --- [uav-alarm-engine] [ntainer#0-0-C-1] com.uav.alarm.kafka.TelemetryConsumer    : ALARM: [CRITICAL] 地形碰撞 | 地形碰撞风险 | drone=null | pos=(39.7969538819825,115.99423252667684)
2026-06-13T01:25:32.067+08:00  WARN 35828 --- [uav-alarm-engine] [ntainer#0-0-C-1] com.uav.alarm.kafka.TelemetryConsumer    : ALARM: [CRITICAL] 地形碰撞 | 地形碰撞风险 | drone=null | pos=(39.88013032448948,116.44448896940492)
2026-06-13T01:25:32.080+08:00  WARN 35828 --- [uav-alarm-engine] [ntainer#0-0-C-1] com.uav.alarm.kafka.TelemetryConsumer    : ALARM: [CRITICAL] 地形碰撞 | 地形碰撞风险 | drone=null | pos=(39.88413800757484,116.55588410847186)
2026-06-13T01:25:32.092+08:00  WARN 35828 --- [uav-alarm-engine] [ntainer#0-0-C-1] com.uav.alarm.kafka.TelemetryConsumer    : ALARM: [CRITICAL] 地形碰撞 | 地形碰撞风险 | drone=null | pos=(39.67185642201445,116.46026695527455)
2026-06-13T01:25:32.104+08:00  WARN 35828 --- [uav-alarm-engine] [ntainer#0-0-C-1] com.uav.alarm.kafka.TelemetryConsumer    : ALARM: [CRITICAL] 地形碰撞 | 地形碰撞风险 | drone=null | pos=(39.89659020528529,116.59647065701024)
2026-06-13T01:25:32.118+08:00  WARN 35828 --- [uav-alarm-engine] [ntainer#0-0-C-1] com.uav.alarm.kafka.TelemetryConsumer    : ALARM: [CRITICAL] 地形碰撞 | 地形碰撞风险 | drone=null | pos=(39.638348312242115,116.33379062702221)
2026-06-13T01:25:32.130+08:00  WARN 35828 --- [uav-alarm-engine] [ntainer#0-0-C-1] com.uav.alarm.kafka.TelemetryConsumer    : ALARM: [CRITICAL] 地形碰撞 | 地形碰撞风险 | drone=null | pos=(40.02684363570517,116.3229984321749)
2026-06-13T01:25:32.142+08:00  WARN 35828 --- [uav-alarm-engine] [ntainer#0-0-C-1] com.uav.alarm.kafka.TelemetryConsumer    : ALARM: [CRITICAL] 地形碰撞 | 地形碰撞风险 | drone=null | pos=(40.12692627625888,116.43922942551583)
2026-06-13T01:25:32.155+08:00  WARN 35828 --- [uav-alarm-engine] [ntainer#0-0-C-1] com.uav.alarm.kafka.TelemetryConsumer    : ALARM: [CRITICAL] 地形碰撞 | 地形碰撞风险 | drone=null | pos=(39.90008574119043,116.39828611065633)
2026-06-13T01:25:32.167+08:00  WARN 35828 --- [uav-alarm-engine] [ntainer#0-0-C-1] com.uav.alarm.kafka.TelemetryConsumer    : ALARM: [CRITICAL] 地形碰撞 | 地形碰撞风险 | drone=null | pos=(40.079734215097574,116.42279238517519)
2026-06-13T01:25:32.180+08:00  WARN 35828 --- [uav-alarm-engine] [ntainer#0-0-C-1] com.uav.alarm.kafka.TelemetryConsumer    : ALARM: [CRITICAL] 地形碰撞 | 地形碰撞风险 | drone=null | pos=(39.84375521556664,116.32836055106057)
2026-06-13T01:25:32.192+08:00  WARN 35828 --- [uav-alarm-engine] [ntainer#0-0-C-1] com.uav.alarm.kafka.TelemetryConsumer    : ALARM: [CRITICAL] 地形碰撞 | 地形碰撞风险 | drone=null | pos=(39.93753996005863,116.68134327494133)
2026-06-13T01:25:32.203+08:00  WARN 35828 --- [uav-alarm-engine] [ntainer#0-0-C-1] com.uav.alarm.kafka.TelemetryConsumer    : ALARM: [CRITICAL] 地形碰撞 | 地形碰撞风险 | drone=null | pos=(39.90167263426259,116.15718220234601)
2026-06-13T01:25:32.214+08:00  WARN 35828 --- [uav-alarm-engine] [ntainer#0-0-C-1] com.uav.alarm.kafka.TelemetryConsumer    : ALARM: [CRITICAL] 地形碰撞 | 地形碰撞风险 | drone=null | pos=(39.99497475016992,116.28799948735711)
2026-06-13T01:25:32.240+08:00  WARN 35828 --- [uav-alarm-engine] [ntainer#0-0-C-1] com.uav.alarm.kafka.TelemetryConsumer    : ALARM: [CRITICAL] 地形碰撞 | 地形碰撞风险 | drone=null | pos=(39.97817817736279,116.55537599336182)
2026-06-13T01:25:32.254+08:00  WARN 35828 --- [uav-alarm-engine] [ntainer#0-0-C-1] com.uav.alarm.kafka.TelemetryConsumer    : ALARM: [CRITICAL] 地形碰撞 | 地形碰撞风险 | drone=null | pos=(39.9631893980998,116.55073730228804)
2026-06-13T01:25:32.266+08:00  WARN 35828 --- [uav-alarm-engine] [ntainer#0-0-C-1] com.uav.alarm.kafka.TelemetryConsumer    : ALARM: [CRITICAL] 地形碰撞 | 地形碰撞风险 | drone=null | pos=(39.881010220014765,116.2974815937707)
2026-06-13T01:25:32.277+08:00  WARN 35828 --- [uav-alarm-engine] [ntainer#0-0-C-1] com.uav.alarm.kafka.TelemetryConsumer    : ALARM: [CRITICAL] 地形碰撞 | 地形碰撞风险 | drone=null | pos=(39.863347431875994,116.61353824750604)
2026-06-13T01:25:32.290+08:00  WARN 35828 --- [uav-alarm-engine] [ntainer#0-0-C-1] com.uav.alarm.kafka.TelemetryConsumer    : ALARM: [CRITICAL] 地形碰撞 | 地形碰撞风险 | drone=null | pos=(39.789465383431306,116.25546017557846)
2026-06-13T01:25:32.302+08:00  WARN 35828 --- [uav-alarm-engine] [ntainer#0-0-C-1] com.uav.alarm.kafka.TelemetryConsumer    : ALARM: [CRITICAL] 地形碰撞 | 地形碰撞风险 | drone=null | pos=(39.72135074524145,116.31308019496844)
2026-06-13T01:25:32.314+08:00  WARN 35828 --- [uav-alarm-engine] [ntainer#0-0-C-1] com.uav.alarm.kafka.TelemetryConsumer    : ALARM: [CRITICAL] 地形碰撞 | 地形碰撞风险 | drone=null | pos=(39.68860368727725,116.19096658917917)
2026-06-13T01:25:32.327+08:00  WARN 35828 --- [uav-alarm-engine] [ntainer#0-0-C-1] com.uav.alarm.kafka.TelemetryConsumer    : ALARM: [CRITICAL] 地形碰撞 | 地形碰撞风险 | drone=null | pos=(39.90987920675701,116.38190780314133)
2026-06-13T01:25:32.340+08:00  WARN 35828 --- [uav-alarm-engine] [ntainer#0-0-C-1] com.uav.alarm.kafka.TelemetryConsumer    : ALARM: [CRITICAL] 地形碰撞 | 地形碰撞风险 | drone=null | pos=(39.64895912864701,116.1915770960024)
2026-06-13T01:25:32.354+08:00  WARN 35828 --- [uav-alarm-engine] [ntainer#0-0-C-1] com.uav.alarm.kafka.TelemetryConsumer    : ALARM: [CRITICAL] 地形碰撞 | 地形碰撞风险 | drone=null | pos=(39.70497297189066,116.31411131998699)
2026-06-13T01:25:32.367+08:00  WARN 35828 --- [uav-alarm-engine] [ntainer#0-0-C-1] com.uav.alarm.kafka.TelemetryConsumer    : ALARM: [CRITICAL] 地形碰撞 | 地形碰撞风险 | drone=null | pos=(40.0502507061906,116.11867456410334)
2026-06-13T01:25:32.380+08:00  WARN 35828 --- [uav-alarm-engine] [ntainer#0-0-C-1] com.uav.alarm.kafka.TelemetryConsumer    : ALARM: [CRITICAL] 地形碰撞 | 地形碰撞风险 | drone=null | pos=(39.61219084078275,116.40319982296874)
2026-06-13T01:25:32.394+08:00  WARN 35828 --- [uav-alarm-engine] [ntainer#0-0-C-1] com.uav.alarm.kafka.TelemetryConsumer    : ALARM: [CRITICAL] 地形碰撞 | 地形碰撞风险 | drone=null | pos=(39.81367058720682,116.47721973549311)
2026-06-13T01:25:32.406+08:00  WARN 35828 --- [uav-alarm-engine] [ntainer#0-0-C-1] com.uav.alarm.kafka.TelemetryConsumer    : ALARM: [CRITICAL] 地形碰撞 | 地形碰撞风险 | drone=null | pos=(40.01493487621539,116.61500501522455)
2026-06-13T01:25:32.418+08:00  WARN 35828 --- [uav-alarm-engine] [ntainer#0-0-C-1] com.uav.alarm.kafka.TelemetryConsumer    : ALARM: [CRITICAL] 地形碰撞 | 地形碰撞风险 | drone=null | pos=(39.757049358250036,116.00361784830416)
2026-06-13T01:25:32.431+08:00  WARN 35828 --- [uav-alarm-engine] [ntainer#0-0-C-1] com.uav.alarm.kafka.TelemetryConsumer    : ALARM: [CRITICAL] 地形碰撞 | 地形碰撞风险 | drone=null | pos=(40.14032697913199,116.41894708785317)
2026-06-13T01:25:32.444+08:00  WARN 35828 --- [uav-alarm-engine] [ntainer#0-0-C-1] com.uav.alarm.kafka.TelemetryConsumer    : ALARM: [CRITICAL] 地形碰撞 | 地形碰撞风险 | drone=null | pos=(39.98108584178849,116.0983589252027)
2026-06-13T01:25:32.457+08:00  WARN 35828 --- [uav-alarm-engine] [ntainer#0-0-C-1] com.uav.alarm.kafka.TelemetryConsumer    : ALARM: [CRITICAL] 地形碰撞 | 地形碰撞风险 | drone=null | pos=(40.0660260560536,116.16820762375825)
2026-06-13T01:25:32.484+08:00  WARN 35828 --- [uav-alarm-engine] [ntainer#0-0-C-1] com.uav.alarm.kafka.TelemetryConsumer    : ALARM: [CRITICAL] 地形碰撞 | 地形碰撞风险 | drone=null | pos=(39.77250080291239,116.4876707512367)
2026-06-13T01:25:32.495+08:00  WARN 35828 --- [uav-alarm-engine] [ntainer#0-0-C-1] com.uav.alarm.kafka.TelemetryConsumer    : ALARM: [CRITICAL] 地形碰撞 | 地形碰撞风险 | drone=null | pos=(39.99745629438138,116.22946408512284)
2026-06-13T01:25:32.508+08:00  WARN 35828 --- [uav-alarm-engine] [ntainer#0-0-C-1] com.uav.alarm.kafka.TelemetryConsumer    : ALARM: [CRITICAL] 地形碰撞 | 地形碰撞风险 | drone=null | pos=(39.95293546207217,116.30798557457429)
2026-06-13T01:25:32.521+08:00  WARN 35828 --- [uav-alarm-engine] [ntainer#0-0-C-1] com.uav.alarm.kafka.TelemetryConsumer    : ALARM: [CRITICAL] 地形碰撞 | 地形碰撞风险 | drone=null | pos=(39.98242355662211,116.43471345310027)
2026-06-13T01:25:32.534+08:00  WARN 35828 --- [uav-alarm-engine] [ntainer#0-0-C-1] com.uav.alarm.kafka.TelemetryConsumer    : ALARM: [CRITICAL] 地形碰撞 | 地形碰撞风险 | drone=null | pos=(39.918144892503626,116.35738978509258)
2026-06-13T01:25:32.545+08:00  WARN 35828 --- [uav-alarm-engine] [ntainer#0-0-C-1] com.uav.alarm.kafka.TelemetryConsumer    : ALARM: [CRITICAL] 地形碰撞 | 地形碰撞风险 | drone=null | pos=(40.07824138082461,116.13356038333306)
2026-06-13T01:25:32.558+08:00  WARN 35828 --- [uav-alarm-engine] [ntainer#0-0-C-1] com.uav.alarm.kafka.TelemetryConsumer    : ALARM: [CRITICAL] 地形碰撞 | 地形碰撞风险 | drone=null | pos=(40.12179500165804,116.3257896414038)
2026-06-13T01:25:32.571+08:00  WARN 35828 --- [uav-alarm-engine] [ntainer#0-0-C-1] com.uav.alarm.kafka.TelemetryConsumer    : ALARM: [CRITICAL] 地形碰撞 | 地形碰撞风险 | drone=null | pos=(40.22249442247321,116.38908780378455)
2026-06-13T01:25:32.583+08:00  WARN 35828 --- [uav-alarm-engine] [ntainer#0-0-C-1] com.uav.alarm.kafka.TelemetryConsumer    : ALARM: [CRITICAL] 地形碰撞 | 地形碰撞风险 | drone=null | pos=(40.09711008914175,116.43359948311753)
2026-06-13T01:25:32.595+08:00  WARN 35828 --- [uav-alarm-engine] [ntainer#0-0-C-1] com.uav.alarm.kafka.TelemetryConsumer    : ALARM: [CRITICAL] 地形碰撞 | 地形碰撞风险 | drone=null | pos=(39.9356162596132,116.27130803772776)
2026-06-13T01:25:32.608+08:00  WARN 35828 --- [uav-alarm-engine] [ntainer#0-0-C-1] com.uav.alarm.kafka.TelemetryConsumer    : ALARM: [CRITICAL] 地形碰撞 | 地形碰撞风险 | drone=null | pos=(39.73147512653101,116.22467141967904)
2026-06-13T01:25:32.620+08:00  WARN 35828 --- [uav-alarm-engine] [ntainer#0-0-C-1] com.uav.alarm.kafka.TelemetryConsumer    : ALARM: [CRITICAL] 地形碰撞 | 地形碰撞风险 | drone=null | pos=(39.85145772128869,116.43538770067062)
2026-06-13T01:25:32.645+08:00  WARN 35828 --- [uav-alarm-engine] [ntainer#0-0-C-1] com.uav.alarm.kafka.TelemetryConsumer    : ALARM: [CRITICAL] 地形碰撞 | 地形碰撞风险 | drone=null | pos=(39.904006460576,116.40721853970473)
2026-06-13T01:25:32.657+08:00  WARN 35828 --- [uav-alarm-engine] [ntainer#0-0-C-1] com.uav.alarm.kafka.TelemetryConsumer    : ALARM: [CRITICAL] 地形碰撞 | 地形碰撞风险 | drone=null | pos=(40.07063814305701,116.17841034408504)
2026-06-13T01:25:32.670+08:00  WARN 35828 --- [uav-alarm-engine] [ntainer#0-0-C-1] com.uav.alarm.kafka.TelemetryConsumer    : ALARM: [CRITICAL] 地形碰撞 | 地形碰撞风险 | drone=null | pos=(39.970846940514086,116.69906779791881)
2026-06-13T01:25:59.210+08:00  WARN 35828 --- [uav-alarm-engine] [ntainer#0-0-C-1] com.uav.alarm.kafka.TelemetryConsumer    : ALARM: [CRITICAL] 地形碰撞 | 地形碰撞风险 | drone=null | pos=(39.995193923690884,116.29099699497259)
2026-06-13T01:25:59.220+08:00  WARN 35828 --- [uav-alarm-engine] [ntainer#0-0-C-1] com.uav.alarm.kafka.TelemetryConsumer    : ALARM: [CRITICAL] 地形碰撞 | 地形碰撞风险 | drone=null | pos=(39.961509609374225,116.51332650995816)
2026-06-13T01:25:59.233+08:00  WARN 35828 --- [uav-alarm-engine] [ntainer#0-0-C-1] com.uav.alarm.kafka.TelemetryConsumer    : ALARM: [CRITICAL] 地形碰撞 | 地形碰撞风险 | drone=null | pos=(39.94442215973601,116.63806657374627)
2026-06-13T01:25:59.258+08:00  WARN 35828 --- [uav-alarm-engine] [ntainer#0-0-C-1] com.uav.alarm.kafka.TelemetryConsumer    : ALARM: [CRITICAL] 地形碰撞 | 地形碰撞风险 | drone=null | pos=(39.68294048422659,116.26975644566505)
2026-06-13T01:25:59.270+08:00  WARN 35828 --- [uav-alarm-engine] [ntainer#0-0-C-1] com.uav.alarm.kafka.TelemetryConsumer    : ALARM: [CRITICAL] 地形碰撞 | 地形碰撞风险 | drone=null | pos=(39.64290808842198,116.66208199050234)
2026-06-13T01:25:59.282+08:00  WARN 35828 --- [uav-alarm-engine] [ntainer#0-0-C-1] com.uav.alarm.kafka.TelemetryConsumer    : ALARM: [CRITICAL] 地形碰撞 | 地形碰撞风险 | drone=null | pos=(39.689433929357115,116.64568065007349)
2026-06-13T01:25:59.294+08:00  WARN 35828 --- [uav-alarm-engine] [ntainer#0-0-C-1] com.uav.alarm.kafka.TelemetryConsumer    : ALARM: [CRITICAL] 地形碰撞 | 地形碰撞风险 | drone=null | pos=(39.90850339017852,116.43666140195859)
2026-06-13T01:25:59.308+08:00  WARN 35828 --- [uav-alarm-engine] [ntainer#0-0-C-1] com.uav.alarm.kafka.TelemetryConsumer    : ALARM: [CRITICAL] 地形碰撞 | 地形碰撞风险 | drone=null | pos=(39.873665945232524,116.11844087018967)
2026-06-13T01:25:59.323+08:00  WARN 35828 --- [uav-alarm-engine] [ntainer#0-0-C-1] com.uav.alarm.kafka.TelemetryConsumer    : ALARM: [CRITICAL] 地形碰撞 | 地形碰撞风险 | drone=null | pos=(39.83562580736214,116.61501602393638)
2026-06-13T01:25:59.335+08:00  WARN 35828 --- [uav-alarm-engine] [ntainer#0-0-C-1] com.uav.alarm.kafka.TelemetryConsumer    : ALARM: [CRITICAL] 地形碰撞 | 地形碰撞风险 | drone=null | pos=(39.87879781042813,116.4735931661493)
2026-06-13T01:25:59.347+08:00  WARN 35828 --- [uav-alarm-engine] [ntainer#0-0-C-1] com.uav.alarm.kafka.TelemetryConsumer    : ALARM: [CRITICAL] 地形碰撞 | 地形碰撞风险 | drone=null | pos=(39.90426204767136,116.54169049704643)
2026-06-13T01:25:59.359+08:00  WARN 35828 --- [uav-alarm-engine] [ntainer#0-0-C-1] com.uav.alarm.kafka.TelemetryConsumer    : ALARM: [CRITICAL] 地形碰撞 | 地形碰撞风险 | drone=null | pos=(39.824547929037315,116.52753334819538)
2026-06-13T01:25:59.372+08:00  WARN 35828 --- [uav-alarm-engine] [ntainer#0-0-C-1] com.uav.alarm.kafka.TelemetryConsumer    : ALARM: [CRITICAL] 地形碰撞 | 地形碰撞风险 | drone=null | pos=(40.002965573676825,116.33449875595063)
2026-06-13T01:25:59.385+08:00  WARN 35828 --- [uav-alarm-engine] [ntainer#0-0-C-1] com.uav.alarm.kafka.TelemetryConsumer    : ALARM: [CRITICAL] 地形碰撞 | 地形碰撞风险 | drone=null | pos=(40.06470192316864,116.28907894037619)
2026-06-13T01:25:59.398+08:00  WARN 35828 --- [uav-alarm-engine] [ntainer#0-0-C-1] com.uav.alarm.kafka.TelemetryConsumer    : ALARM: [CRITICAL] 地形碰撞 | 地形碰撞风险 | drone=null | pos=(39.818489556681925,116.36854499833862)
2026-06-13T01:25:59.410+08:00  WARN 35828 --- [uav-alarm-engine] [ntainer#0-0-C-1] com.uav.alarm.kafka.TelemetryConsumer    : ALARM: [CRITICAL] 地形碰撞 | 地形碰撞风险 | drone=null | pos=(40.125119232679126,116.64396084850443)
2026-06-13T01:25:59.422+08:00  WARN 35828 --- [uav-alarm-engine] [ntainer#0-0-C-1] com.uav.alarm.kafka.TelemetryConsumer    : ALARM: [CRITICAL] 地形碰撞 | 地形碰撞风险 | drone=null | pos=(39.84981598754269,116.8399640465768)
2026-06-13T01:25:59.434+08:00  WARN 35828 --- [uav-alarm-engine] [ntainer#0-0-C-1] com.uav.alarm.kafka.TelemetryConsumer    : ALARM: [CRITICAL] 地形碰撞 | 地形碰撞风险 | drone=null | pos=(39.85106802458471,116.35690622423499)
2026-06-13T01:25:59.447+08:00  WARN 35828 --- [uav-alarm-engine] [ntainer#0-0-C-1] com.uav.alarm.kafka.TelemetryConsumer    : ALARM: [CRITICAL] 地形碰撞 | 地形碰撞风险 | drone=null | pos=(40.20270267333799,116.48117129264314)
2026-06-13T01:25:59.460+08:00  WARN 35828 --- [uav-alarm-engine] [ntainer#0-0-C-1] com.uav.alarm.kafka.TelemetryConsumer    : ALARM: [CRITICAL] 地形碰撞 | 地形碰撞风险 | drone=null | pos=(39.57406023242249,116.55443233627263)
2026-06-13T01:25:59.472+08:00  WARN 35828 --- [uav-alarm-engine] [ntainer#0-0-C-1] com.uav.alarm.kafka.TelemetryConsumer    : ALARM: [CRITICAL] 地形碰撞 | 地形碰撞风险 | drone=null | pos=(39.691827358858596,116.12467775923314)
2026-06-13T01:25:59.486+08:00  WARN 35828 --- [uav-alarm-engine] [ntainer#0-0-C-1] com.uav.alarm.kafka.TelemetryConsumer    : ALARM: [CRITICAL] 地形碰撞 | 地形碰撞风险 | drone=null | pos=(40.245455429469246,116.30747447444296)
2026-06-13T01:25:59.501+08:00  WARN 35828 --- [uav-alarm-engine] [ntainer#0-0-C-1] com.uav.alarm.kafka.TelemetryConsumer    : ALARM: [CRITICAL] 地形碰撞 | 地形碰撞风险 | drone=null | pos=(40.05115723027448,116.41909854032964)
2026-06-13T01:25:59.516+08:00  WARN 35828 --- [uav-alarm-engine] [ntainer#0-0-C-1] com.uav.alarm.kafka.TelemetryConsumer    : ALARM: [CRITICAL] 地形碰撞 | 地形碰撞风险 | drone=null | pos=(39.92750044783708,116.300368805953)
2026-06-13T01:25:59.528+08:00  WARN 35828 --- [uav-alarm-engine] [ntainer#0-0-C-1] com.uav.alarm.kafka.TelemetryConsumer    : ALARM: [CRITICAL] 地形碰撞 | 地形碰撞风险 | drone=null | pos=(40.24252738624003,116.2829510995187)
2026-06-13T01:25:59.541+08:00  WARN 35828 --- [uav-alarm-engine] [ntainer#0-0-C-1] com.uav.alarm.kafka.TelemetryConsumer    : ALARM: [CRITICAL] 地形碰撞 | 地形碰撞风险 | drone=null | pos=(39.995472926573576,116.33250219320023)
2026-06-13T01:25:59.552+08:00  WARN 35828 --- [uav-alarm-engine] [ntainer#0-0-C-1] com.uav.alarm.kafka.TelemetryConsumer    : ALARM: [CRITICAL] 地形碰撞 | 地形碰撞风险 | drone=null | pos=(39.89658215796222,116.64956706075853)
2026-06-13T01:25:59.565+08:00  WARN 35828 --- [uav-alarm-engine] [ntainer#0-0-C-1] com.uav.alarm.kafka.TelemetryConsumer    : ALARM: [CRITICAL] 地形碰撞 | 地形碰撞风险 | drone=null | pos=(39.988050378082505,116.22249172406781)
2026-06-13T01:25:59.577+08:00  WARN 35828 --- [uav-alarm-engine] [ntainer#0-0-C-1] com.uav.alarm.kafka.TelemetryConsumer    : ALARM: [CRITICAL] 地形碰撞 | 地形碰撞风险 | drone=null | pos=(39.76783458626607,116.41596575878765)
2026-06-13T01:25:59.590+08:00  WARN 35828 --- [uav-alarm-engine] [ntainer#0-0-C-1] com.uav.alarm.kafka.TelemetryConsumer    : ALARM: [CRITICAL] 地形碰撞 | 地形碰撞风险 | drone=null | pos=(39.8312305994694,116.63647298009441)
2026-06-13T01:25:59.602+08:00  WARN 35828 --- [uav-alarm-engine] [ntainer#0-0-C-1] com.uav.alarm.kafka.TelemetryConsumer    : ALARM: [CRITICAL] 地形碰撞 | 地形碰撞风险 | drone=null | pos=(39.91787752478886,116.40570588058512)
2026-06-13T01:25:59.615+08:00  WARN 35828 --- [uav-alarm-engine] [ntainer#0-0-C-1] com.uav.alarm.kafka.TelemetryConsumer    : ALARM: [CRITICAL] 地形碰撞 | 地形碰撞风险 | drone=null | pos=(39.66248318923613,116.4221596645156)
2026-06-13T01:25:59.627+08:00  WARN 35828 --- [uav-alarm-engine] [ntainer#0-0-C-1] com.uav.alarm.kafka.TelemetryConsumer    : ALARM: [CRITICAL] 地形碰撞 | 地形碰撞风险 | drone=null | pos=(40.072620627500505,116.11509231781419)
2026-06-13T01:25:59.639+08:00  WARN 35828 --- [uav-alarm-engine] [ntainer#0-0-C-1] com.uav.alarm.kafka.TelemetryConsumer    : ALARM: [CRITICAL] 地形碰撞 | 地形碰撞风险 | drone=null | pos=(39.773339339370125,116.27748513276399)
2026-06-13T01:25:59.652+08:00  WARN 35828 --- [uav-alarm-engine] [ntainer#0-0-C-1] com.uav.alarm.kafka.TelemetryConsumer    : ALARM: [CRITICAL] 地形碰撞 | 地形碰撞风险 | drone=null | pos=(39.999212610653764,116.47212790099637)
2026-06-13T01:25:59.665+08:00  WARN 35828 --- [uav-alarm-engine] [ntainer#0-0-C-1] com.uav.alarm.kafka.TelemetryConsumer    : ALARM: [CRITICAL] 地形碰撞 | 地形碰撞风险 | drone=null | pos=(39.69654194661652,116.48129287030379)
2026-06-13T01:25:59.677+08:00  WARN 35828 --- [uav-alarm-engine] [ntainer#0-0-C-1] com.uav.alarm.kafka.TelemetryConsumer    : ALARM: [CRITICAL] 地形碰撞 | 地形碰撞风险 | drone=null | pos=(39.95026360799759,116.87242107650458)
2026-06-13T01:25:59.690+08:00  WARN 35828 --- [uav-alarm-engine] [ntainer#0-0-C-1] com.uav.alarm.kafka.TelemetryConsumer    : ALARM: [CRITICAL] 地形碰撞 | 地形碰撞风险 | drone=null | pos=(39.709966916823916,116.65946724181137)
2026-06-13T01:25:59.702+08:00  WARN 35828 --- [uav-alarm-engine] [ntainer#0-0-C-1] com.uav.alarm.kafka.TelemetryConsumer    : ALARM: [CRITICAL] 地形碰撞 | 地形碰撞风险 | drone=null | pos=(39.8799902785388,116.37204363553056)
2026-06-13T01:25:59.714+08:00  WARN 35828 --- [uav-alarm-engine] [ntainer#0-0-C-1] com.uav.alarm.kafka.TelemetryConsumer    : ALARM: [CRITICAL] 地形碰撞 | 地形碰撞风险 | drone=null | pos=(40.16279063793377,116.29008533698709)
2026-06-13T01:25:59.727+08:00  WARN 35828 --- [uav-alarm-engine] [ntainer#0-0-C-1] com.uav.alarm.kafka.TelemetryConsumer    : ALARM: [CRITICAL] 地形碰撞 | 地形碰撞风险 | drone=null | pos=(39.84203762875618,116.43487156161618)
2026-06-13T01:25:59.740+08:00  WARN 35828 --- [uav-alarm-engine] [ntainer#0-0-C-1] com.uav.alarm.kafka.TelemetryConsumer    : ALARM: [CRITICAL] 地形碰撞 | 地形碰撞风险 | drone=null | pos=(39.978881792725524,116.40161524687112)
2026-06-13T01:25:59.753+08:00  WARN 35828 --- [uav-alarm-engine] [ntainer#0-0-C-1] com.uav.alarm.kafka.TelemetryConsumer    : ALARM: [CRITICAL] 地形碰撞 | 地形碰撞风险 | drone=null | pos=(39.9024557954467,116.58793423122331)
2026-06-13T01:25:59.765+08:00  WARN 35828 --- [uav-alarm-engine] [ntainer#0-0-C-1] com.uav.alarm.kafka.TelemetryConsumer    : ALARM: [CRITICAL] 地形碰撞 | 地形碰撞风险 | drone=null | pos=(39.87926477520021,116.4437238764576)
2026-06-13T01:25:59.777+08:00  WARN 35828 --- [uav-alarm-engine] [ntainer#0-0-C-1] com.uav.alarm.kafka.TelemetryConsumer    : ALARM: [CRITICAL] 地形碰撞 | 地形碰撞风险 | drone=null | pos=(39.862077786043216,116.42395389222303)
2026-06-13T01:25:59.791+08:00  WARN 35828 --- [uav-alarm-engine] [ntainer#0-0-C-1] com.uav.alarm.kafka.TelemetryConsumer    : ALARM: [CRITICAL] 地形碰撞 | 地形碰撞风险 | drone=null | pos=(39.97656499155968,116.52430446737478)
2026-06-13T01:25:59.802+08:00  WARN 35828 --- [uav-alarm-engine] [ntainer#0-0-C-1] com.uav.alarm.kafka.TelemetryConsumer    : ALARM: [CRITICAL] 地形碰撞 | 地形碰撞风险 | drone=null | pos=(39.662503196331464,116.60190027442361)
2026-06-13T01:25:59.855+08:00  WARN 35828 --- [uav-alarm-engine] [ntainer#0-0-C-1] com.uav.alarm.kafka.TelemetryConsumer    : ALARM: [CRITICAL] 地形碰撞 | 地形碰撞风险 | drone=null | pos=(39.648596056601136,116.36211775568188)
2026-06-13T01:25:59.886+08:00  WARN 35828 --- [uav-alarm-engine] [ntainer#0-0-C-1] com.uav.alarm.kafka.TelemetryConsumer    : ALARM: [CRITICAL] 地形碰撞 | 地形碰撞风险 | drone=null | pos=(39.86030055188557,116.33194707745433)
